-- MySQL dump 10.13  Distrib 5.1.41, for debian-linux-gnu (i486)
--
-- Host: localhost    Database: spree_development
-- ------------------------------------------------------
-- Server version	5.1.41-3ubuntu12.10

/*!40101 SET @OLD_CHARACTER_SET_CLIENT=@@CHARACTER_SET_CLIENT */;
/*!40101 SET @OLD_CHARACTER_SET_RESULTS=@@CHARACTER_SET_RESULTS */;
/*!40101 SET @OLD_COLLATION_CONNECTION=@@COLLATION_CONNECTION */;
/*!40101 SET NAMES utf8 */;
/*!40103 SET @OLD_TIME_ZONE=@@TIME_ZONE */;
/*!40103 SET TIME_ZONE='+00:00' */;
/*!40014 SET @OLD_UNIQUE_CHECKS=@@UNIQUE_CHECKS, UNIQUE_CHECKS=0 */;
/*!40014 SET @OLD_FOREIGN_KEY_CHECKS=@@FOREIGN_KEY_CHECKS, FOREIGN_KEY_CHECKS=0 */;
/*!40101 SET @OLD_SQL_MODE=@@SQL_MODE, SQL_MODE='NO_AUTO_VALUE_ON_ZERO' */;
/*!40111 SET @OLD_SQL_NOTES=@@SQL_NOTES, SQL_NOTES=0 */;

--
-- Table structure for table `addresses`
--

DROP TABLE IF EXISTS `addresses`;
/*!40101 SET @saved_cs_client     = @@character_set_client */;
/*!40101 SET character_set_client = utf8 */;
CREATE TABLE `addresses` (
  `id` int(11) NOT NULL AUTO_INCREMENT,
  `firstname` varchar(255) COLLATE utf8_unicode_ci DEFAULT NULL,
  `lastname` varchar(255) COLLATE utf8_unicode_ci DEFAULT NULL,
  `address1` varchar(255) COLLATE utf8_unicode_ci DEFAULT NULL,
  `address2` varchar(255) COLLATE utf8_unicode_ci DEFAULT NULL,
  `city` varchar(255) COLLATE utf8_unicode_ci DEFAULT NULL,
  `state_id` int(11) DEFAULT NULL,
  `zipcode` varchar(255) COLLATE utf8_unicode_ci DEFAULT NULL,
  `country_id` int(11) DEFAULT NULL,
  `phone` varchar(255) COLLATE utf8_unicode_ci DEFAULT NULL,
  `created_at` datetime DEFAULT NULL,
  `updated_at` datetime DEFAULT NULL,
  `state_name` varchar(255) COLLATE utf8_unicode_ci DEFAULT NULL,
  `alternative_phone` varchar(255) COLLATE utf8_unicode_ci DEFAULT NULL,
  PRIMARY KEY (`id`),
  KEY `index_addresses_on_firstname` (`firstname`),
  KEY `index_addresses_on_lastname` (`lastname`)
) ENGINE=InnoDB AUTO_INCREMENT=1072978421 DEFAULT CHARSET=utf8 COLLATE=utf8_unicode_ci;
/*!40101 SET character_set_client = @saved_cs_client */;

--
-- Dumping data for table `addresses`
--

LOCK TABLES `addresses` WRITE;
/*!40000 ALTER TABLE `addresses` DISABLE KEYS */;
INSERT INTO `addresses` VALUES (4255125,'Sarina','Vandervort','199 Laurie Crescent','Suite 516','Ervinshire',889445952,'16804',214,'530-078-5945 x9695','2011-08-24 20:20:48','2011-08-24 20:20:48',NULL,NULL),(13458289,'Tom','Hand','233 Koss Orchard','Apt. 097','Trantowmouth',889445952,'16804',214,'1-089-923-8062 x229','2011-08-24 20:20:48','2011-08-24 20:20:48',NULL,NULL),(14629780,'Declan','Ondricka','51494 Rigoberto Crossing','Apt. 128','South Leonieborough',889445952,'16804',214,'1-099-892-1684','2011-08-24 20:20:48','2011-08-24 20:20:48',NULL,NULL),(19868593,'Autumn','Moore','59133 Shana Causeway','Apt. 617','Port Lia',889445952,'16804',214,'(036)374-0624 x79881','2011-08-24 20:20:48','2011-08-24 20:20:48',NULL,NULL),(21308770,'Opal','Kuhn','33269 Pollich Knolls','Suite 216','Ladariusborough',889445952,'16804',214,'342-895-9652 x13177','2011-08-24 20:20:48','2011-08-24 20:20:48',NULL,NULL),(42184090,'Cleo','Roob','74768 Pacocha Ramp','Suite 091','East Bonnie',889445952,'16804',214,'565-382-5567 x864','2011-08-24 20:20:48','2011-08-24 20:20:48',NULL,NULL),(42776516,'Krystina','Haley','0135 Parker Village','Suite 020','Christiansenstad',889445952,'16804',214,'452-547-1885','2011-08-24 20:20:48','2011-08-24 20:20:48',NULL,NULL),(48866121,'Quentin','Kshlerin','176 Ryley Wells','Suite 161','New Margie',889445952,'16804',214,'222-681-6486 x040','2011-08-24 20:20:48','2011-08-24 20:20:48',NULL,NULL),(56745288,'Bette','Kassulke','121 Lilian Forges','Apt. 969','New Kamille',889445952,'16804',214,'694.677.5871 x4003','2011-08-24 20:20:48','2011-08-24 20:20:48',NULL,NULL),(57916861,'Hugh','Kiehn','78317 Kuphal Shore','Apt. 915','Lake Lilyan',889445952,'16804',214,'004.338.3424 x12495','2011-08-24 20:20:48','2011-08-24 20:20:48',NULL,NULL),(65825724,'Tomasa','Eichmann','16092 Rippin Freeway','Suite 975','South Haileyhaven',889445952,'16804',214,'886-036-0039','2011-08-24 20:20:48','2011-08-24 20:20:48',NULL,NULL),(67901793,'Gage','Buckridge','55840 Maynard Spurs','Suite 695','Wernermouth',889445952,'16804',214,'1-163-483-8349 x61036','2011-08-24 20:20:48','2011-08-24 20:20:48',NULL,NULL),(69106084,'Lauryn','Hessel','8856 Jedediah Ways','Suite 483','South Crawford',889445952,'16804',214,'300.623.5967 x123','2011-08-24 20:20:48','2011-08-24 20:20:48',NULL,NULL),(74741621,'Arely','Steuber','1260 Katrina Glen','Suite 634','West Winona',889445952,'16804',214,'169.930.1772 x3805','2011-08-24 20:20:48','2011-08-24 20:20:48',NULL,NULL),(99510657,'Madisen','Turcotte','588 Edison Walks','Apt. 577','Catharineview',889445952,'16804',214,'1-855-136-2627','2011-08-24 20:20:48','2011-08-24 20:20:48',NULL,NULL),(105050026,'Kristofer','Bode','608 Evert Alley','Suite 647','East Raulmouth',889445952,'16804',214,'192.908.0551 x4111','2011-08-24 20:20:48','2011-08-24 20:20:48',NULL,NULL),(126041504,'Marcel','Okuneva','17452 Rogahn Valleys','Suite 987','Jakefurt',889445952,'16804',214,'348-053-7937','2011-08-24 20:20:48','2011-08-24 20:20:48',NULL,NULL),(127967096,'Ervin','Green','2052 Javon Lodge','Apt. 984','Port Nat',889445952,'16804',214,'1-775-402-4249 x41058','2011-08-24 20:20:48','2011-08-24 20:20:48',NULL,NULL),(129171341,'Seamus','Haley','92270 Elda Corners','Suite 455','Romagueraville',889445952,'16804',214,'960.416.2319 x2541','2011-08-24 20:20:48','2011-08-24 20:20:48',NULL,NULL),(131658076,'Filomena','Koelpin','231 Evan Stream','Suite 692','Tianastad',889445952,'16804',214,'1-455-505-2573 x743','2011-08-24 20:20:48','2011-08-24 20:20:48',NULL,NULL),(144271260,'Lempi','Macejkovic','863 Amani Bridge','Apt. 939','Abshirehaven',889445952,'16804',214,'1-821-142-1825 x73474','2011-08-24 20:20:48','2011-08-24 20:20:48',NULL,NULL),(148965812,'Madeline','Brekke','63740 Rice Trail','Suite 430','South Laurafurt',889445952,'16804',214,'179-951-8673','2011-08-24 20:20:48','2011-08-24 20:20:48',NULL,NULL),(150169931,'Josiah','Bogisich','985 Baylee Ferry','Apt. 900','Strosinberg',889445952,'16804',214,'901.982.0865','2011-08-24 20:20:48','2011-08-24 20:20:48',NULL,NULL),(151222638,'Javier','Fadel','74904 Schroeder Island','Apt. 254','Gutmannburgh',889445952,'16804',214,'1-686-918-3153 x910','2011-08-24 20:20:48','2011-08-24 20:20:48',NULL,NULL),(152115607,'Maybell','Mraz','314 Wisoky Squares','Suite 101','Weissnatview',889445952,'16804',214,'(866)898-6741','2011-08-24 20:20:48','2011-08-24 20:20:48',NULL,NULL),(165986627,'Hermina','Jakubowski','44830 Victoria Ramp','Apt. 509','North Tomas',889445952,'16804',214,'987.900.9916','2011-08-24 20:20:48','2011-08-24 20:20:48',NULL,NULL),(167158202,'Rhett','Schroeder','825 Emard Ville','Suite 658','Camillaland',889445952,'16804',214,'(877)359-3886 x77967','2011-08-24 20:20:48','2011-08-24 20:20:48',NULL,NULL),(171295127,'Adaline','Mayer','47657 Fadel Locks','Apt. 460','Myrtisville',889445952,'16804',214,'538.451.2448 x182','2011-08-24 20:20:48','2011-08-24 20:20:48',NULL,NULL),(172509034,'Mortimer','Weimann','99479 Dach Fall','Suite 270','Botsfordborough',889445952,'16804',214,'1-086-479-4602 x498','2011-08-24 20:20:48','2011-08-24 20:20:48',NULL,NULL),(173680531,'Herbert','Gleichner','2397 Carmella Cove','Apt. 369','Valerieview',889445952,'16804',214,'449.500.1577 x49446','2011-08-24 20:20:48','2011-08-24 20:20:48',NULL,NULL),(179306311,'Lamar','Nolan','616 Tristin Cape','Apt. 327','North Santafurt',889445952,'16804',214,'768.094.4236 x310','2011-08-24 20:20:48','2011-08-24 20:20:48',NULL,NULL),(180199358,'Hilda','Cassin','697 Luettgen Mission','Apt. 168','New Susanna',889445952,'16804',214,'1-880-612-1824 x052','2011-08-24 20:20:48','2011-08-24 20:20:48',NULL,NULL),(188080563,'Brandi','Willms','579 Bashirian Dale','Suite 351','Quigleyport',889445952,'16804',214,'1-165-327-4476 x58440','2011-08-24 20:20:48','2011-08-24 20:20:48',NULL,NULL),(189632411,'Imelda','Auer','31496 Dickens Cliffs','Apt. 234','Lake Charlottefurt',889445952,'16804',214,'326-548-7609 x0398','2011-08-24 20:20:48','2011-08-24 20:20:48',NULL,NULL),(190836580,'Abbey','Lesch','196 Reilly Mall','Suite 603','West Nedraborough',889445952,'16804',214,'729.917.5917 x7927','2011-08-24 20:20:48','2011-08-24 20:20:48',NULL,NULL),(203443076,'Pat','Senger','9283 Hane Plaza','Apt. 868','Akeemstad',889445952,'16804',214,'696-303-5971','2011-08-24 20:20:48','2011-08-24 20:20:48',NULL,NULL),(204614523,'Maxwell','Moore','79868 Ward Drive','Suite 733','Schulistchester',889445952,'16804',214,'(462)597-1791 x2018','2011-08-24 20:20:48','2011-08-24 20:20:48',NULL,NULL),(220562291,'Fleta','Adams','618 Johnston Flat','Apt. 995','Hermannchester',889445952,'16804',214,'(136)556-4972 x74369','2011-08-24 20:20:48','2011-08-24 20:20:48',NULL,NULL),(221766538,'Jaylon','Kuvalis','8406 Auer Unions','Suite 147','Port Bruce',889445952,'16804',214,'(426)912-8980 x8939','2011-08-24 20:20:48','2011-08-24 20:20:48',NULL,NULL),(223872400,'Ignatius','Langworth','3262 Josue Prairie','Suite 587','Mariliehaven',889445952,'16804',214,'201.031.7956','2011-08-24 20:20:48','2011-08-24 20:20:48',NULL,NULL),(229127567,'Karley','Bechtelar','8570 Powlowski Keys','Suite 596','West Georgianaville',889445952,'16804',214,'(060)547-4954 x92891','2011-08-24 20:20:48','2011-08-24 20:20:48',NULL,NULL),(230832990,'Aubrey','Nienow','2580 Oceane Brooks','Suite 302','Greenholtland',889445952,'16804',214,'706.423.3913 x210','2011-08-24 20:20:48','2011-08-24 20:20:48',NULL,NULL),(231758759,'Jacquelyn','Ratke','3456 Schmeler Mews','Suite 962','East Tanya',889445952,'16804',214,'540.908.4975 x43442','2011-08-24 20:20:48','2011-08-24 20:20:48',NULL,NULL),(235189158,'Otilia','Armstrong','101 Pollich Expressway','Apt. 072','Port Angus',889445952,'16804',214,'002-180-0319 x465','2011-08-24 20:20:48','2011-08-24 20:20:48',NULL,NULL),(238383541,'Icie','Tillman','257 Rosemarie Station','Suite 966','South Marlee',889445952,'16804',214,'445-199-4765 x733','2011-08-24 20:20:48','2011-08-24 20:20:48',NULL,NULL),(242138487,'Trinity','Rodriguez','931 Gerhold Port','Apt. 234','Port Antonette',889445952,'16804',214,'355.468.0873','2011-08-24 20:20:48','2011-08-24 20:20:48',NULL,NULL),(243064206,'Melisa','Haag','55912 Lueilwitz Camp','Apt. 728','West Angel',889445952,'16804',214,'693-245-1832','2011-08-24 20:20:48','2011-08-24 20:20:48',NULL,NULL),(243860826,'Dario','Trantow','4537 Cartwright Lodge','Apt. 669','East Corrine',889445952,'16804',214,'838.707.5115','2011-08-24 20:20:48','2011-08-24 20:20:48',NULL,NULL),(245065123,'Polly','Murphy','0236 Taryn Courts','Suite 106','Anahimouth',889445952,'16804',214,'445-486-1053','2011-08-24 20:20:48','2011-08-24 20:20:48',NULL,NULL),(260885931,'Aric','D\'Amore','6312 Schamberger Rue','Suite 304','New Ozellashire',889445952,'16804',214,'054.884.5022 x244','2011-08-24 20:20:48','2011-08-24 20:20:48',NULL,NULL),(262057300,'Minerva','Schuster','4671 Roy Skyway','Apt. 950','Kerlukemouth',889445952,'16804',214,'462-124-8847 x753','2011-08-24 20:20:48','2011-08-24 20:20:48',NULL,NULL),(269101270,'Doris','Gerlach','48177 Tremblay Corner','Apt. 945','Ryannstad',889445952,'16804',214,'(047)696-5392','2011-08-24 20:20:48','2011-08-24 20:20:48',NULL,NULL),(270026799,'Una','Farrell','369 Schuppe Corners','Suite 050','Naderview',889445952,'16804',214,'(885)442-8198 x5656','2011-08-24 20:20:48','2011-08-24 20:20:48',NULL,NULL),(273802266,'Josephine','Waters','984 Ettie Well','Apt. 294','South Carolynfort',889445952,'16804',214,'569.906.5258','2011-08-24 20:20:48','2011-08-24 20:20:48',NULL,NULL),(284004603,'Jocelyn','Monahan','498 Vada Stravenue','Apt. 230','Daniellashire',889445952,'16804',214,'559-535-1867 x225','2011-08-24 20:20:48','2011-08-24 20:20:48',NULL,NULL),(285208578,'Payton','Lehner','8872 Keeling Terrace','Apt. 927','Camillatown',889445952,'16804',214,'971.903.3581 x80666','2011-08-24 20:20:48','2011-08-24 20:20:48',NULL,NULL),(300439564,'Mireya','Hodkiewicz','038 Kshlerin Lakes','Suite 114','South Elliot',889445952,'16804',214,'909-376-5836 x11951','2011-08-24 20:20:48','2011-08-24 20:20:48',NULL,NULL),(301611251,'Jovani','Mitchell','016 Schimmel Locks','Suite 737','Ziemannchester',889445952,'16804',214,'(578)962-6170 x8291','2011-08-24 20:20:48','2011-08-24 20:20:48',NULL,NULL),(306503203,'Magdalena','Ortiz','7797 Schneider Place','Apt. 770','North Ervinville',889445952,'16804',214,'607-894-2329 x6821','2011-08-24 20:20:48','2011-08-24 20:20:48',NULL,NULL),(307674844,'Tracy','Jakubowski','105 Willms Forge','Apt. 424','Hettingerberg',889445952,'16804',214,'773.163.6703 x0342','2011-08-24 20:20:48','2011-08-24 20:20:48',NULL,NULL),(323032786,'Bryon','Mitchell','08385 Turner Freeway','Apt. 224','Lake Dagmar',889445952,'16804',214,'1-219-943-6075','2011-08-24 20:20:48','2011-08-24 20:20:48',NULL,NULL),(324236843,'Cyrus','Gleichner','83935 Nikita Squares','Suite 610','Franeckichester',889445952,'16804',214,'849-610-2581','2011-08-24 20:20:48','2011-08-24 20:20:48',NULL,NULL),(329690879,'Bella','Schroeder','5803 Bud Plains','Apt. 431','Sherwoodborough',889445952,'16804',214,'1-890-729-6772','2011-08-24 20:20:48','2011-08-24 20:20:48',NULL,NULL),(330616326,'Oscar','Stracke','21790 Dexter Tunnel','Suite 323','Port Jonmouth',889445952,'16804',214,'1-848-235-6208 x2690','2011-08-24 20:20:48','2011-08-24 20:20:48',NULL,NULL),(338481867,'Fredy','Kuhic','6858 Veum Plain','Apt. 613','West Arden',889445952,'16804',214,'523-279-1637 x04667','2011-08-24 20:20:48','2011-08-24 20:20:48',NULL,NULL),(339653170,'Kelly','Sporer','89688 Kertzmann Gateway','Suite 438','West Edward',889445952,'16804',214,'(162)046-2504','2011-08-24 20:20:48','2011-08-24 20:20:48',NULL,NULL),(340874296,'Dale','Bayer','53316 Kuphal Divide','Suite 315','Lake Nettie',889445952,'16804',214,'1-620-100-2060 x938','2011-08-24 20:20:48','2011-08-24 20:20:48',NULL,NULL),(347276494,'Art','Howell','526 Hahn Flat','Suite 540','Lake Tomasa',889445952,'16804',214,'1-290-988-0583','2011-08-24 20:20:48','2011-08-24 20:20:48',NULL,NULL),(348875494,'Christian','Murazik','663 Vena Lock','Suite 415','Lake Amiyaville',889445952,'16804',214,'(680)660-0784','2011-08-24 20:20:48','2011-08-24 20:20:48',NULL,NULL),(349768223,'Ruby','Bogan','621 Tyson Springs','Suite 744','Jasontown',889445952,'16804',214,'979.867.9900','2011-08-24 20:20:48','2011-08-24 20:20:48',NULL,NULL),(355015228,'Brant','Gibson','4409 Pollich Mission','Suite 548','Port Creolabury',889445952,'16804',214,'311-475-3346','2011-08-24 20:20:48','2011-08-24 20:20:48',NULL,NULL),(356219587,'Jerome','Harris','10741 Farrell Knolls','Apt. 401','Haydenshire',889445952,'16804',214,'248-483-2420 x97186','2011-08-24 20:20:48','2011-08-24 20:20:48',NULL,NULL),(377854995,'Emily','Toy','33581 Faye Inlet','Suite 680','Kundeberg',889445952,'16804',214,'638.397.8648 x328','2011-08-24 20:20:48','2011-08-24 20:20:48',NULL,NULL),(379059436,'Robyn','Beahan','85786 Boyer Spurs','Apt. 104','Wunschport',889445952,'16804',214,'136.216.9583','2011-08-24 20:20:48','2011-08-24 20:20:48',NULL,NULL),(387941095,'Sven','Koelpin','2769 Sharon Groves','Apt. 573','South Maximillialand',889445952,'16804',214,'880-931-2607','2011-08-24 20:20:48','2011-08-24 20:20:48',NULL,NULL),(389816337,'Jerrold','Quigley','1591 Trycia Crest','Suite 321','Cummeratachester',889445952,'16804',214,'988.468.5804','2011-08-24 20:20:48','2011-08-24 20:20:48',NULL,NULL),(392686799,'Shad','Jenkins','21078 Halvorson Plaza','Apt. 162','Jacqueshaven',889445952,'16804',214,'(609)914-8914 x00767','2011-08-24 20:20:48','2011-08-24 20:20:48',NULL,NULL),(393579574,'Aracely','Hartmann','40568 Mavis Unions','Apt. 994','North Eunice',889445952,'16804',214,'177.680.0050 x91673','2011-08-24 20:20:48','2011-08-24 20:20:48',NULL,NULL),(394286306,'Myrl','Gislason','213 Raynor Gardens','Suite 921','Lylafurt',889445952,'16804',214,'(854)049-7723 x719','2011-08-24 20:20:48','2011-08-24 20:20:48',NULL,NULL),(395457563,'Jana','Johnston','248 Merle Radial','Apt. 375','Lubowitzbury',889445952,'16804',214,'1-189-870-9168 x340','2011-08-24 20:20:48','2011-08-24 20:20:48',NULL,NULL),(405174797,'Micheal','Schumm','1680 Moen Ridge','Suite 539','Rosenbaumland',889445952,'16804',214,'376-257-5264 x05887','2011-08-24 20:20:48','2011-08-24 20:20:48',NULL,NULL),(408818721,'Petra','Heathcote','5901 Andreanne Mills','Suite 368','West Tremaine',889445952,'16804',214,'(433)908-0406 x757','2011-08-24 20:20:48','2011-08-24 20:20:48',NULL,NULL),(421966440,'Alexandria','Lind','8251 Bonnie Mills','Suite 956','Conorstad',889445952,'16804',214,'964.865.8491 x1314','2011-08-24 20:20:48','2011-08-24 20:20:48',NULL,NULL),(425450708,'Shanel','Schaefer','238 Dickens Flats','Suite 587','Sherwoodfort',889445952,'16804',214,'1-288-720-4963','2011-08-24 20:20:48','2011-08-24 20:20:48',NULL,NULL),(432278229,'Greyson','Wolf','879 Jabari Plaza','Suite 223','Port Sterlingland',889445952,'16804',214,'206.590.4039 x867','2011-08-24 20:20:48','2011-08-24 20:20:48',NULL,NULL),(433482288,'Beverly','Hartmann','67693 Sylvia Orchard','Apt. 916','Naomitown',889445952,'16804',214,'851.887.8306','2011-08-24 20:20:48','2011-08-24 20:20:48',NULL,NULL),(443059452,'Anderson','Koch','70439 Effertz Place','Apt. 868','New Chauncey',889445952,'16804',214,'(193)032-5193 x60435','2011-08-24 20:20:48','2011-08-24 20:20:48',NULL,NULL),(444263433,'Pink','Beahan','811 Crona Crest','Apt. 995','Hazelfurt',889445952,'16804',214,'037.784.5725 x7277','2011-08-24 20:20:48','2011-08-24 20:20:48',NULL,NULL),(452418301,'Sabrina','Waters','735 Sherwood Ville','Apt. 944','New Seamusview',889445952,'16804',214,'354-919-4962 x333','2011-08-24 20:20:48','2011-08-24 20:20:48',NULL,NULL),(462093350,'Jany','Rohan','64655 Bethany Course','Suite 035','Isobelstad',889445952,'16804',214,'1-945-832-6740 x92726','2011-08-24 20:20:48','2011-08-24 20:20:48',NULL,NULL),(468881930,'Christine','Collier','1370 Willms Walks','Apt. 669','East Isabellehaven',889445952,'16804',214,'007.889.4188 x92225','2011-08-24 20:20:48','2011-08-24 20:20:48',NULL,NULL),(484915261,'Matilda','Hilll','851 Providenci Islands','Apt. 164','West Cristopher',889445952,'16804',214,'(452)215-3737','2011-08-24 20:20:48','2011-08-24 20:20:48',NULL,NULL),(486885605,'Americo','Metz','8375 Brown Bridge','Suite 433','Moisesbury',889445952,'16804',214,'1-616-666-5231 x7311','2011-08-24 20:20:48','2011-08-24 20:20:48',NULL,NULL),(488056864,'Janick','Balistreri','519 Legros Throughway','Apt. 461','New Ernieport',889445952,'16804',214,'808-152-3430 x7322','2011-08-24 20:20:48','2011-08-24 20:20:48',NULL,NULL),(493831732,'Hiram','Goyette','25177 Schowalter Locks','Suite 355','Julietborough',889445952,'16804',214,'790-257-9632 x29885','2011-08-24 20:20:48','2011-08-24 20:20:48',NULL,NULL),(501684253,'Tommie','Emard','159 Kiehn Squares','Suite 240','New Kayden',889445952,'16804',214,'(177)326-1199 x5687','2011-08-24 20:20:48','2011-08-24 20:20:48',NULL,NULL),(514445004,'Madelynn','Welch','829 Rahsaan Green','Suite 548','Dorachester',889445952,'16804',214,'438.974.0812 x0023','2011-08-24 20:20:48','2011-08-24 20:20:48',NULL,NULL),(515616313,'Jamir','Schaefer','866 Kshlerin Court','Suite 736','Makennachester',889445952,'16804',214,'1-362-886-8559 x9390','2011-08-24 20:20:48','2011-08-24 20:20:48',NULL,NULL),(516145181,'Meagan','Wilkinson','26702 Kilback Throughway','Suite 565','Robbville',889445952,'16804',214,'(181)961-0117 x011','2011-08-24 20:20:48','2011-08-24 20:20:48',NULL,NULL),(525057558,'Idell','Nolan','06319 Dejuan Flats','Suite 240','Tonytown',889445952,'16804',214,'524.375.4001 x0982','2011-08-24 20:20:48','2011-08-24 20:20:48',NULL,NULL),(538489458,'Donnell','Moen','0189 Rosina Estates','Suite 047','West Helene',889445952,'16804',214,'988-923-2712 x7396','2011-08-24 20:20:48','2011-08-24 20:20:48',NULL,NULL),(540741786,'Adele','Ruecker','8609 Bradtke Course','Apt. 699','Onastad',889445952,'16804',214,'(486)159-2538 x3048','2011-08-24 20:20:48','2011-08-24 20:20:48',NULL,NULL),(543218782,'Kaci','Hodkiewicz','587 Schiller Islands','Suite 791','Mooreport',889445952,'16804',214,'1-445-845-2926','2011-08-24 20:20:48','2011-08-24 20:20:48',NULL,NULL),(544390305,'Edmund','Rolfson','0431 Tito Inlet','Apt. 006','Jayceton',889445952,'16804',214,'698.614.2152 x27814','2011-08-24 20:20:48','2011-08-24 20:20:48',NULL,NULL),(545743993,'Assunta','Sporer','0674 Viva Fall','Apt. 973','Patriciaside',889445952,'16804',214,'546-011-7462 x517','2011-08-24 20:20:48','2011-08-24 20:20:48',NULL,NULL),(546636942,'Ines','Eichmann','181 Twila Via','Apt. 686','New Sidney',889445952,'16804',214,'132.109.3798 x6973','2011-08-24 20:20:48','2011-08-24 20:20:48',NULL,NULL),(562211972,'Nels','Farrell','548 Ziemann Tunnel','Apt. 232','New Justice',889445952,'16804',214,'1-733-274-1562 x3083','2011-08-24 20:20:48','2011-08-24 20:20:48',NULL,NULL),(563137665,'Camille','Adams','339 Dixie Manors','Apt. 747','Wernerfurt',889445952,'16804',214,'1-442-321-5881','2011-08-24 20:20:48','2011-08-24 20:20:48',NULL,NULL),(573450925,'Sandy','Keebler','780 Heathcote Walks','Suite 439','New Sonia',889445952,'16804',214,'(517)069-7444 x049','2011-08-24 20:20:48','2011-08-24 20:20:48',NULL,NULL),(574376536,'Alf','Jacobs','738 Rachelle Mill','Apt. 195','West Princemouth',889445952,'16804',214,'1-474-743-5548','2011-08-24 20:20:48','2011-08-24 20:20:48',NULL,NULL),(590078562,'Kelli','Stehr','188 Beahan Trafficway','Suite 433','Port Fermin',889445952,'16804',214,'516.596.0363 x9423','2011-08-24 20:20:48','2011-08-24 20:20:48',NULL,NULL),(590971557,'Alexander','Bartoletti','024 Marcelo Camp','Apt. 199','Brycefort',889445952,'16804',214,'371-191-0038 x4202','2011-08-24 20:20:48','2011-08-24 20:20:48',NULL,NULL),(592864417,'Oliver','Little','73144 Marks Parks','Apt. 529','Addisonshire',889445952,'16804',214,'1-075-076-7271 x8628','2011-08-24 20:20:48','2011-08-24 20:20:48',NULL,NULL),(599012441,'Felicita','Mertz','95679 Andy Mission','Apt. 854','Runolfsdottirbury',889445952,'16804',214,'(407)617-6199 x38181','2011-08-24 20:20:48','2011-08-24 20:20:48',NULL,NULL),(600595061,'Vinnie','Gibson','291 Cronin Forges','Suite 460','West Cheyannemouth',889445952,'16804',214,'144.359.7506 x6135','2011-08-24 20:20:48','2011-08-24 20:20:48',NULL,NULL),(601766538,'Tiara','Mohr','64243 Considine Branch','Apt. 197','West Leta',889445952,'16804',214,'1-939-823-4399 x23241','2011-08-24 20:20:48','2011-08-24 20:20:48',NULL,NULL),(607887544,'Gerard','Heller','9136 Colby Spring','Apt. 756','West Benport',889445952,'16804',214,'1-954-622-1205 x27504','2011-08-24 20:20:48','2011-08-24 20:20:48',NULL,NULL),(608577097,'Brennon','Schoen','3883 Sheridan Valleys','Apt. 392','East Orville',889445952,'16804',214,'1-503-716-3155 x06339','2011-08-24 20:20:48','2011-08-24 20:20:48',NULL,NULL),(609502910,'Yadira','Ullrich','98142 Shawn Point','Apt. 564','Schusterside',889445952,'16804',214,'(950)978-3161','2011-08-24 20:20:48','2011-08-24 20:20:48',NULL,NULL),(614571630,'Ayden','Walker','117 Berge Forest','Apt. 889','Reillystad',889445952,'16804',214,'955-546-8977 x28365','2011-08-24 20:20:48','2011-08-24 20:20:48',NULL,NULL),(615775889,'Sylvester','Langworth','71893 Kutch Lodge','Apt. 552','Guadalupeland',889445952,'16804',214,'142.668.2304 x632','2011-08-24 20:20:48','2011-08-24 20:20:48',NULL,NULL),(625209012,'Oral','Toy','4015 Katelyn Station','Apt. 495','Goyetteview',889445952,'16804',214,'1-762-307-2876 x62749','2011-08-24 20:20:48','2011-08-24 20:20:48',NULL,NULL),(626101841,'Tobin','Pagac','7353 Baumbach Canyon','Suite 677','West Jessyca',889445952,'16804',214,'1-449-829-3563 x8038','2011-08-24 20:20:48','2011-08-24 20:20:48',NULL,NULL),(653224093,'Linda','Kihn','94025 Nathaniel Parkways','Suite 997','Prestonport',889445952,'16804',214,'(591)030-9150','2011-08-24 20:20:48','2011-08-24 20:20:48',NULL,NULL),(654116968,'Bianka','Pfannerstill','75502 Sporer Station','Suite 658','Lake Cesar',889445952,'16804',214,'762-431-2785','2011-08-24 20:20:48','2011-08-24 20:20:48',NULL,NULL),(655169605,'Elvera','Wunsch','103 Bogisich Junctions','Apt. 428','Steuberfurt',889445952,'16804',214,'(642)722-4579','2011-08-24 20:20:48','2011-08-24 20:20:48',NULL,NULL),(656373946,'Jacey','Hartmann','359 Annie Stream','Apt. 686','Jordynberg',889445952,'16804',214,'1-123-187-4468 x52045','2011-08-24 20:20:48','2011-08-24 20:20:48',NULL,NULL),(660001923,'Reese','Johnson','2767 Dickinson Hollow','Apt. 293','Goodwintown',889445952,'16804',214,'816.491.9987 x046','2011-08-24 20:20:48','2011-08-24 20:20:48',NULL,NULL),(669687922,'Alvah','Langosh','3687 Reggie Drive','Apt. 557','Jaylenview',889445952,'16804',214,'881.857.7399 x4344','2011-08-24 20:20:48','2011-08-24 20:20:48',NULL,NULL),(670613653,'Otilia','Schaden','9918 Ethelyn Village','Apt. 309','Teaganville',889445952,'16804',214,'1-771-248-0999','2011-08-24 20:20:48','2011-08-24 20:20:48',NULL,NULL),(676105863,'Julia','Kub','309 Natalia Estates','Apt. 657','Kozeystad',889445952,'16804',214,'(632)991-4410','2011-08-24 20:20:48','2011-08-24 20:20:48',NULL,NULL),(699334235,'Jonas','Powlowski','83061 Baumbach Manor','Apt. 184','Sageside',889445952,'16804',214,'113-892-1950','2011-08-24 20:20:48','2011-08-24 20:20:48',NULL,NULL),(700227236,'Wilmer','Mante','739 Lori Rue','Suite 472','Cassinfort',889445952,'16804',214,'1-058-805-6732 x481','2011-08-24 20:20:48','2011-08-24 20:20:48',NULL,NULL),(700772492,'Robin','Murphy','557 Aufderhar Squares','Apt. 131','New Brycefort',889445952,'16804',214,'290-880-7149','2011-08-24 20:20:48','2011-08-24 20:20:48',NULL,NULL),(704804980,'Alana','Kuhn','87107 Buck Villages','Suite 778','Schinnerstad',889445952,'16804',214,'1-343-828-4732 x49325','2011-08-24 20:20:48','2011-08-24 20:20:48',NULL,NULL),(705697931,'Tiara','Rippin','067 Edwina Avenue','Apt. 152','Ritchieton',889445952,'16804',214,'650.014.6494 x452','2011-08-24 20:20:48','2011-08-24 20:20:48',NULL,NULL),(711489187,'Alba','Goodwin','97550 Neva Parks','Suite 354','East Stantonshire',889445952,'16804',214,'(989)409-2144 x95685','2011-08-24 20:20:48','2011-08-24 20:20:48',NULL,NULL),(719333514,'Raven','Roob','7416 Kreiger Common','Apt. 689','Dereckborough',889445952,'16804',214,'606-203-9823','2011-08-24 20:20:48','2011-08-24 20:20:48',NULL,NULL),(736102574,'Concepcion','Hintz','83137 Elta Keys','Suite 276','Langworthberg',889445952,'16804',214,'(017)639-2567','2011-08-24 20:20:48','2011-08-24 20:20:48',NULL,NULL),(747490487,'Maximo','Eichmann','7364 Berge Loaf','Apt. 562','Lake Alyssonton',889445952,'16804',214,'602.628.2379','2011-08-24 20:20:48','2011-08-24 20:20:48',NULL,NULL),(754295455,'Lina','Senger','91896 Jasper Drives','Suite 454','East Boris',889445952,'16804',214,'(042)111-9465 x78750','2011-08-24 20:20:48','2011-08-24 20:20:48',NULL,NULL),(762297451,'Gabriel','Kreiger','615 Zieme Ways','Apt. 848','South Cortezhaven',889445952,'16804',214,'1-135-064-1078 x628','2011-08-24 20:20:48','2011-08-24 20:20:48',NULL,NULL),(763223188,'Sarina','Stehr','72321 Harvey Lake','Apt. 338','Camilaside',889445952,'16804',214,'863-413-3882 x076','2011-08-24 20:20:48','2011-08-24 20:20:48',NULL,NULL),(770730608,'Alexie','Ferry','05926 Ruecker Turnpike','Apt. 802','Port Shanny',889445952,'16804',214,'514.462.0751','2011-08-24 20:20:48','2011-08-24 20:20:48',NULL,NULL),(777841735,'Frida','Goodwin','408 Magnus Roads','Apt. 823','New Idella',889445952,'16804',214,'1-016-833-9721 x3133','2011-08-24 20:20:48','2011-08-24 20:20:48',NULL,NULL),(784546372,'Grayce','Schoen','866 Janet Centers','Suite 549','South Eldora',889445952,'16804',214,'362-119-6692','2011-08-24 20:20:48','2011-08-24 20:20:48',NULL,NULL),(785472187,'May','Beahan','08150 Houston Mountain','Suite 450','Orenland',889445952,'16804',214,'120-681-9562','2011-08-24 20:20:48','2011-08-24 20:20:48',NULL,NULL),(790710942,'Leonor','Smitham','775 Schneider Dam','Suite 846','Dannyberg',889445952,'16804',214,'859-203-2520 x700','2011-08-24 20:20:48','2011-08-24 20:20:48',NULL,NULL),(794371254,'Carroll','Keeling','9672 Gorczany Skyway','Suite 796','Ziemannfort',889445952,'16804',214,'(877)550-7016 x403','2011-08-24 20:20:48','2011-08-24 20:20:48',NULL,NULL),(813960457,'Wiley','Toy','2907 Legros Springs','Suite 649','Medhurstview',889445952,'16804',214,'(374)446-3925','2011-08-24 20:20:48','2011-08-24 20:20:48',NULL,NULL),(816295907,'Janae','Ernser','2396 Dorothy Fields','Suite 215','Cornellmouth',889445952,'16804',214,'774-594-3620 x6433','2011-08-24 20:20:48','2011-08-24 20:20:48',NULL,NULL),(817221404,'Reilly','Ritchie','838 Bell Summit','Suite 291','Lake Golda',889445952,'16804',214,'(098)005-0654','2011-08-24 20:20:48','2011-08-24 20:20:48',NULL,NULL),(819970507,'Lucie','Mohr','0080 Priscilla Inlet','Suite 323','East Claire',889445952,'16804',214,'604.608.2188 x7322','2011-08-24 20:20:48','2011-08-24 20:20:48',NULL,NULL),(826662719,'Shanon','Reilly','033 Calista Roads','Apt. 312','North Soledad',889445952,'16804',214,'(233)659-0919 x5685','2011-08-24 20:20:48','2011-08-24 20:20:48',NULL,NULL),(854153494,'Bernita','Gerlach','68130 Thompson Plaza','Suite 917','Port Craig',889445952,'16804',214,'367.786.2253 x39003','2011-08-24 20:20:48','2011-08-24 20:20:48',NULL,NULL),(856369612,'Quinn','Reichel','424 Daniel Station','Suite 361','Dibbertmouth',889445952,'16804',214,'483-842-8919','2011-08-24 20:20:48','2011-08-24 20:20:48',NULL,NULL),(857295155,'Madisyn','Grimes','867 Corkery Road','Apt. 664','South Laney',889445952,'16804',214,'896.223.9420 x9766','2011-08-24 20:20:48','2011-08-24 20:20:48',NULL,NULL),(863193060,'Dallin','Beer','027 Abshire Locks','Apt. 705','South Kennith',889445952,'16804',214,'912-008-8064','2011-08-24 20:20:48','2011-08-24 20:20:48',NULL,NULL),(879160787,'Jacinto','Hand','9635 Domenico Forks','Suite 204','New Danaland',889445952,'16804',214,'315.292.5796','2011-08-24 20:20:48','2011-08-24 20:20:48',NULL,NULL),(880053548,'Creola','Cassin','4320 Mitchell Lock','Suite 422','Muellerstad',889445952,'16804',214,'1-782-303-8074 x13168','2011-08-24 20:20:48','2011-08-24 20:20:48',NULL,NULL),(887839535,'Alphonso','Thompson','0920 Sporer Ramp','Suite 916','Bernierhaven',889445952,'16804',214,'003-019-1856 x7343','2011-08-24 20:20:48','2011-08-24 20:20:48',NULL,NULL),(897883407,'Barbara','Sporer','437 Homenick Manors','Apt. 948','New Elsa',889445952,'16804',214,'310.640.8364','2011-08-24 20:20:48','2011-08-24 20:20:48',NULL,NULL),(904827870,'Kiera','Turcotte','042 Laurine Causeway','Apt. 388','Schowalterville',889445952,'16804',214,'056-212-6687 x355','2011-08-24 20:20:48','2011-08-24 20:20:48',NULL,NULL),(908598054,'Jennifer','Jacobson','395 Kirlin Orchard','Apt. 812','New Eduardoview',889445952,'16804',214,'1-609-545-4612 x18971','2011-08-24 20:20:48','2011-08-24 20:20:48',NULL,NULL),(910300663,'Maia','Conroy','9602 Runolfsson Island','Suite 126','Haleyfort',889445952,'16804',214,'353.143.4336 x963','2011-08-24 20:20:48','2011-08-24 20:20:48',NULL,NULL),(927456520,'Jamarcus','Batz','05454 Lysanne Creek','Apt. 263','Lunaborough',889445952,'16804',214,'1-357-491-0022','2011-08-24 20:20:48','2011-08-24 20:20:48',NULL,NULL),(936012796,'Sidney','Kertzmann','49862 O\'Connell Mountains','Suite 175','Ondrickaville',889445952,'16804',214,'315-523-3678','2011-08-24 20:20:48','2011-08-24 20:20:48',NULL,NULL),(936905475,'Karine','Heaney','29884 Frida Summit','Apt. 588','Blickchester',889445952,'16804',214,'1-730-792-2052','2011-08-24 20:20:48','2011-08-24 20:20:48',NULL,NULL),(948698432,'Maya','Towne','3156 Runolfsson Ports','Apt. 500','South Linneafort',889445952,'16804',214,'(347)044-0738 x51746','2011-08-24 20:20:48','2011-08-24 20:20:48',NULL,NULL),(949591493,'Janick','Paucek','942 Christa Fort','Apt. 349','Abshireborough',889445952,'16804',214,'555-773-4936','2011-08-24 20:20:48','2011-08-24 20:20:48',NULL,NULL),(956531505,'Jaron','Lockman','643 Upton Club','Apt. 124','Samsonburgh',889445952,'16804',214,'010-307-1093 x401','2011-08-24 20:20:48','2011-08-24 20:20:48',NULL,NULL),(959594786,'Wilmer','Pfannerstill','87503 Arne Mission','Suite 370','Schusterchester',889445952,'16804',214,'064-506-4965','2011-08-24 20:20:48','2011-08-24 20:20:48',NULL,NULL),(963218914,'Harmon','Thiel','72173 Edmond Locks','Suite 929','Barneyside',889445952,'16804',214,'950-416-2030','2011-08-24 20:20:48','2011-08-24 20:20:48',NULL,NULL),(964422941,'Regan','McGlynn','047 Nitzsche Key','Suite 406','Langmouth',889445952,'16804',214,'915.755.1524 x649','2011-08-24 20:20:48','2011-08-24 20:20:48',NULL,NULL),(965621197,'Celestino','Turner','6971 Wintheiser Trace','Apt. 748','New Collinchester',889445952,'16804',214,'362-144-7357','2011-08-24 20:20:48','2011-08-24 20:20:48',NULL,NULL),(966546746,'Marie','Powlowski','19599 Heber Plaza','Suite 386','New Kaylee',889445952,'16804',214,'1-139-360-9910 x556','2011-08-24 20:20:48','2011-08-24 20:20:48',NULL,NULL),(975352806,'Malcolm','Gaylord','758 Chloe Parks','Apt. 073','Stacyshire',889445952,'16804',214,'(469)295-7914','2011-08-24 20:20:48','2011-08-24 20:20:48',NULL,NULL),(976278305,'Ryleigh','Effertz','98174 Mercedes Alley','Apt. 862','Lefflerberg',889445952,'16804',214,'088.773.5213 x172','2011-08-24 20:20:48','2011-08-24 20:20:48',NULL,NULL),(979318045,'Gay','Jacobs','0522 Franecki Crossroad','Suite 121','McKenzieton',889445952,'16804',214,'(507)105-6271 x86549','2011-08-24 20:20:48','2011-08-24 20:20:48',NULL,NULL),(984548634,'Isidro','Littel','8217 Berneice Dam','Suite 056','West Careytown',889445952,'16804',214,'451-071-2958','2011-08-24 20:20:48','2011-08-24 20:20:48',NULL,NULL),(985992137,'Lula','Murray','71104 Micheal Viaduct','Suite 911','Cummingsville',889445952,'16804',214,'730.210.0508','2011-08-24 20:20:48','2011-08-24 20:20:48',NULL,NULL),(987196214,'Fay','Berge','763 Johnathan Parkways','Suite 036','Bayerberg',889445952,'16804',214,'170-074-4478','2011-08-24 20:20:48','2011-08-24 20:20:48',NULL,NULL),(992443161,'Don','Murray','790 Schmeler Route','Apt. 802','Vickieton',889445952,'16804',214,'884-615-1223 x2980','2011-08-24 20:20:48','2011-08-24 20:20:48',NULL,NULL),(993336300,'Domenica','Stiedemann','8304 Wuckert Centers','Suite 178','South Cassidy',889445952,'16804',214,'170.771.6205 x4801','2011-08-24 20:20:48','2011-08-24 20:20:48',NULL,NULL),(1009963300,'Brown','Farrell','908 Darian Lock','Apt. 543','Daishashire',889445952,'16804',214,'502.606.5537','2011-08-24 20:20:48','2011-08-24 20:20:48',NULL,NULL),(1011531536,'Alek','Hauck','538 Antonette Flats','Suite 777','Boehmstad',889445952,'16804',214,'743-477-6919 x903','2011-08-24 20:20:48','2011-08-24 20:20:48',NULL,NULL),(1012457461,'Ladarius','Bruen','828 Winona Neck','Suite 837','Priceside',889445952,'16804',214,'540-118-3953 x667','2011-08-24 20:20:48','2011-08-24 20:20:48',NULL,NULL),(1026748676,'Maci','Hermann','938 Harber Vista','Suite 003','Isacview',889445952,'16804',214,'454-405-3586 x8754','2011-08-24 20:20:48','2011-08-24 20:20:48',NULL,NULL),(1028618237,'Electa','Jacobs','0862 Mante Fall','Suite 969','Jasenberg',889445952,'16804',214,'1-485-879-0212 x4552','2011-08-24 20:20:48','2011-08-24 20:20:48',NULL,NULL),(1029510922,'Zion','Kozey','7439 Turner Falls','Apt. 341','Ramiroville',889445952,'16804',214,'1-625-929-3012','2011-08-24 20:20:48','2011-08-24 20:20:48',NULL,NULL),(1034473426,'Paxton','Glover','0328 Kendra Loaf','Suite 561','West Citlallihaven',889445952,'16804',214,'063-399-3803','2011-08-24 20:20:48','2011-08-24 20:20:48',NULL,NULL),(1035644717,'Edna','Graham','85361 Jayson Mews','Apt. 090','West Burley',889445952,'16804',214,'(342)374-3353 x98597','2011-08-24 20:20:48','2011-08-24 20:20:48',NULL,NULL),(1040468473,'Toney','Schmeler','022 Glover Square','Apt. 170','Port Vestachester',889445952,'16804',214,'1-307-901-9735','2011-08-24 20:20:48','2011-08-24 20:20:48',NULL,NULL),(1041639686,'Einar','Denesik','74532 Javier Meadow','Apt. 258','Lake Alejandrafort',889445952,'16804',214,'1-732-223-6895 x9583','2011-08-24 20:20:48','2011-08-24 20:20:48',NULL,NULL),(1046447419,'Dejah','Hand','2582 Rosenbaum Centers','Suite 546','South Antoninaview',889445952,'16804',214,'1-316-986-8641 x5908','2011-08-24 20:20:48','2011-08-24 20:20:48',NULL,NULL),(1055125974,'Katrine','Batz','38920 Beatty Summit','Suite 994','Bednarberg',889445952,'16804',214,'(817)513-2014 x45621','2011-08-24 20:20:48','2011-08-24 20:20:48',NULL,NULL),(1056018737,'Esther','Pagac','04541 Joshua Squares','Apt. 283','East Howell',889445952,'16804',214,'1-420-380-0977','2011-08-24 20:20:48','2011-08-24 20:20:48',NULL,NULL),(1067341581,'Eloy','Keebler','32479 Becker Walk','Apt. 547','Norwoodchester',889445952,'16804',214,'213-079-6824 x4640','2011-08-24 20:20:48','2011-08-24 20:20:48',NULL,NULL),(1072052521,'Layla','Gorczany','538 Stanton Walks','Suite 796','Olsonport',889445952,'16804',214,'432-021-1214 x268','2011-08-24 20:20:48','2011-08-24 20:20:48',NULL,NULL),(1072978396,'Nathan','Grimes','06897 Zelda Via','Apt. 542','Eldredfort',889445952,'16804',214,'(778)663-1847','2011-08-24 20:20:48','2011-08-24 20:20:48',NULL,NULL),(1072978397,'ahtisham','Saqib','101 A bor','101 a1','lahore',276110813,'542100',214,'03054400155','2011-08-24 23:33:52','2011-08-24 23:33:52',NULL,NULL),(1072978398,'ahtisham','Saqib','101 A bor','101 a1','lahore',276110813,'542100',214,'03054400155','2011-08-24 23:33:52','2011-08-24 23:33:52',NULL,NULL),(1072978399,'ahtisham','Saqib','101 A bor','101 a1','lahore',276110813,'542100',214,'03054400155','2011-08-25 00:11:19','2011-08-25 00:11:19',NULL,NULL),(1072978400,'ahtisham','Saqib','101 A bor','101 a1','lahore',276110813,'542100',214,'03054400155','2011-08-25 00:11:19','2011-08-25 00:11:19',NULL,NULL),(1072978401,'Umer','Hassan','618 E','E Block','Lahore',471711976,'542100',214,'03054400155','2011-08-25 00:22:25','2011-08-25 00:22:25',NULL,NULL),(1072978402,'Umer','Hassan','618 E','E Block','Lahore',471711976,'542100',214,'03054400155','2011-08-25 00:22:25','2011-08-25 00:22:25',NULL,NULL),(1072978403,'ahtisham','Saqib','101 A bor','101 a1','lahore',276110813,'542100',214,'03054400155','2011-08-25 01:03:34','2011-08-25 01:03:34',NULL,NULL),(1072978404,'ahtisham','Saqib','101 A bor','101 a1','lahore',276110813,'542100',214,'03054400155','2011-08-25 01:03:34','2011-08-25 01:03:34',NULL,NULL),(1072978405,'ahtisham','Saqib','101 A bor','101 a1','lahore',298914262,'542100',214,'03054400155','2011-08-25 01:08:38','2011-08-25 01:08:38',NULL,NULL),(1072978406,'ahtisham','Saqib','101 A bor','101 a1','lahore',298914262,'542100',214,'03054400155','2011-08-25 01:08:38','2011-08-25 01:08:38',NULL,NULL),(1072978407,'ahtisham','Saqib','101 A bor','101 a1','lahore',267271847,'542100',214,'03054400155','2011-08-25 03:15:52','2011-08-25 03:15:52',NULL,NULL),(1072978408,'ahtisham','Saqib','101 A bor','101 a1','lahore',267271847,'542100',214,'03054400155','2011-08-25 03:15:52','2011-08-25 03:15:52',NULL,NULL),(1072978409,'Muhammad Sannan','Khalid','Moznag','','Lahore',625629523,'81333',214,'1234567890','2011-08-27 17:02:49','2011-08-27 17:02:49',NULL,NULL),(1072978410,'Muhammad Sannan','Khalid','Moznag','','Lahore',625629523,'81333',214,'1234567890','2011-08-27 17:02:49','2011-08-27 17:02:49',NULL,NULL),(1072978411,'ahtisham','Saqib','618 E','101 a1','lahore',248548169,'542100',214,'03054400155','2011-08-28 10:23:41','2011-08-28 10:23:41',NULL,NULL),(1072978412,'ahtisham','Saqib','618 E','101 a1','lahore',248548169,'542100',214,'03054400155','2011-08-28 10:23:41','2011-08-28 10:23:41',NULL,NULL),(1072978413,'Muhammad Sannan','Khalid','Moznag','','Lahore',308473843,'81333',214,'1234567890','2011-08-28 10:33:35','2011-08-28 10:33:35',NULL,NULL),(1072978414,'Muhammad Sannan','Khalid','Moznag','','Lahore',308473843,'81333',214,'1234567890','2011-08-28 10:33:35','2011-08-28 10:33:35',NULL,NULL),(1072978415,'ahtisham','Saqib','618 E','101 a1','lahore',199950338,'542100',214,'03054400155','2011-08-28 10:54:28','2011-08-28 10:54:28',NULL,NULL),(1072978416,'ahtisham','Saqib','618 E','101 a1','lahore',199950338,'542100',214,'03054400155','2011-08-28 10:54:28','2011-08-28 10:54:28',NULL,NULL),(1072978417,'ahtisham','Saqib','618 E','101 a1','lahore',276110813,'542100',214,'03054400155','2011-08-28 11:17:04','2011-08-28 11:17:04',NULL,NULL),(1072978418,'ahtisham','Saqib','618 E','101 a1','lahore',276110813,'542100',214,'03054400155','2011-08-28 11:17:04','2011-08-28 11:17:04',NULL,NULL),(1072978419,'Justin','Kempiak','224 N Ada','','Chicago',625629523,'60607',214,'773 6878778','2011-08-29 19:53:57','2011-08-29 19:53:57',NULL,NULL),(1072978420,'Justin','Kempiak','224 N Ada','','Chicago',625629523,'60607',214,'773 6878778','2011-08-29 19:53:57','2011-08-29 19:53:57',NULL,NULL);
/*!40000 ALTER TABLE `addresses` ENABLE KEYS */;
UNLOCK TABLES;

--
-- Table structure for table `adjustments`
--

DROP TABLE IF EXISTS `adjustments`;
/*!40101 SET @saved_cs_client     = @@character_set_client */;
/*!40101 SET character_set_client = utf8 */;
CREATE TABLE `adjustments` (
  `id` int(11) NOT NULL AUTO_INCREMENT,
  `order_id` int(11) DEFAULT NULL,
  `amount` decimal(8,2) DEFAULT NULL,
  `label` varchar(255) COLLATE utf8_unicode_ci DEFAULT NULL,
  `created_at` datetime DEFAULT NULL,
  `updated_at` datetime DEFAULT NULL,
  `source_id` int(11) DEFAULT NULL,
  `source_type` varchar(255) COLLATE utf8_unicode_ci DEFAULT NULL,
  `mandatory` tinyint(1) DEFAULT NULL,
  `locked` tinyint(1) DEFAULT NULL,
  `originator_id` int(11) DEFAULT NULL,
  `originator_type` varchar(255) COLLATE utf8_unicode_ci DEFAULT NULL,
  PRIMARY KEY (`id`),
  KEY `index_adjustments_on_order_id` (`order_id`)
) ENGINE=InnoDB AUTO_INCREMENT=1073043787 DEFAULT CHARSET=utf8 COLLATE=utf8_unicode_ci;
/*!40101 SET character_set_client = @saved_cs_client */;

--
-- Dumping data for table `adjustments`
--

LOCK TABLES `adjustments` WRITE;
/*!40000 ALTER TABLE `adjustments` DISABLE KEYS */;
INSERT INTO `adjustments` VALUES (684130,264449064,'5.00','Shipping','2011-08-24 20:20:49','2011-08-24 20:20:49',968652773,'Shipment',1,1,NULL,NULL),(1577115,265374943,'5.00','Shipping','2011-08-24 20:20:49','2011-08-24 20:20:49',967710488,'Shipment',1,1,NULL,NULL),(1690302,539762571,'0.00','Tax','2011-08-24 20:20:49','2011-08-24 20:20:49',539762571,'Order',1,0,NULL,NULL),(9236917,1069267029,'0.00','Tax','2011-08-24 20:20:49','2011-08-24 20:20:49',1069267029,'Order',1,0,NULL,NULL),(10391880,1068095656,'0.00','Tax','2011-08-24 20:20:49','2011-08-24 20:20:49',1068095656,'Order',1,0,NULL,NULL),(25300591,239817259,'5.00','Shipping','2011-08-24 20:20:49','2011-08-24 20:20:49',942934510,'Shipment',1,1,NULL,NULL),(39249520,228571690,'5.00','Shipping','2011-08-24 20:20:49','2011-08-24 20:20:49',1004593649,'Shipment',1,1,NULL,NULL),(41408013,349815214,'5.00','Shipping','2011-08-24 20:20:49','2011-08-24 20:20:49',312761982,'Shipment',1,1,NULL,NULL),(46270278,1039486630,'0.00','Tax','2011-08-24 20:20:49','2011-08-24 20:20:49',1039486630,'Order',1,0,NULL,NULL),(53166263,216145139,'5.00','Shipping','2011-08-24 20:20:49','2011-08-24 20:20:49',983385912,'Shipment',1,1,NULL,NULL),(55212365,1014837421,'0.00','Tax','2011-08-24 20:20:49','2011-08-24 20:20:49',1014837421,'Order',1,0,NULL,NULL),(78863482,192544832,'5.00','Shipping','2011-08-24 20:20:49','2011-08-24 20:20:49',1023761401,'Shipment',1,1,NULL,NULL),(80897412,1004874852,'0.00','Tax','2011-08-24 20:20:49','2011-08-24 20:20:49',1004874852,'Order',1,0,NULL,NULL),(85594644,330565047,'5.00','Shipping','2011-08-24 20:20:49','2011-08-24 20:20:49',365533797,'Shipment',1,1,NULL,NULL),(87761527,183664179,'5.00','Shipping','2011-08-24 20:20:49','2011-08-24 20:20:49',1015883258,'Shipment',1,1,NULL,NULL),(95404893,983075517,'0.00','Tax','2011-08-24 20:20:49','2011-08-24 20:20:49',983075517,'Order',1,0,NULL,NULL),(103408025,73849921,'0.00','Tax','2011-08-24 20:20:49','2011-08-24 20:20:49',73849921,'Order',1,0,NULL,NULL),(108735330,961307330,'0.00','Tax','2011-08-24 20:20:49','2011-08-24 20:20:49',961307330,'Order',1,0,NULL,NULL),(124236923,145680447,'5.00','Shipping','2011-08-24 20:20:49','2011-08-24 20:20:49',1053930492,'Shipment',1,1,NULL,NULL),(125162626,146573512,'5.00','Shipping','2011-08-24 20:20:49','2011-08-24 20:20:49',1053020929,'Shipment',1,1,NULL,NULL),(132199852,953580620,'0.00','Tax','2011-08-24 20:20:49','2011-08-24 20:20:49',953580620,'Order',1,0,NULL,NULL),(133387601,952376497,'0.00','Tax','2011-08-24 20:20:49','2011-08-24 20:20:49',952376497,'Order',1,0,NULL,NULL),(136716989,133136121,'5.00','Shipping','2011-08-24 20:20:49','2011-08-24 20:20:49',831530304,'Shipment',1,1,NULL,NULL),(137642570,134028804,'5.00','Shipping','2011-08-24 20:20:49','2011-08-24 20:20:49',830621127,'Shipment',1,1,NULL,NULL),(144745328,932702864,'0.00','Tax','2011-08-24 20:20:49','2011-08-24 20:20:49',932702864,'Order',1,0,NULL,NULL),(145933207,931498615,'0.00','Tax','2011-08-24 20:20:49','2011-08-24 20:20:49',931498615,'Order',1,0,NULL,NULL),(154844570,906884218,'0.00','Tax','2011-08-24 20:20:49','2011-08-24 20:20:49',906884218,'Order',1,0,NULL,NULL),(168422838,893297750,'0.00','Tax','2011-08-24 20:20:49','2011-08-24 20:20:49',893297750,'Order',1,0,NULL,NULL),(169577807,892126383,'0.00','Tax','2011-08-24 20:20:49','2011-08-24 20:20:49',892126383,'Order',1,0,NULL,NULL),(174642252,94472210,'5.00','Shipping','2011-08-24 20:20:49','2011-08-24 20:20:49',870241227,'Shipment',1,1,NULL,NULL),(175813809,95676661,'5.00','Shipping','2011-08-24 20:20:49','2011-08-24 20:20:49',869053234,'Shipment',1,1,NULL,NULL),(177171561,88485925,'5.00','Shipping','2011-08-24 20:20:49','2011-08-24 20:20:49',859401190,'Shipment',1,1,NULL,NULL),(178064540,89411802,'5.00','Shipping','2011-08-24 20:20:49','2011-08-24 20:20:49',858458911,'Shipment',1,1,NULL,NULL),(183391643,903421051,'0.00','Tax','2011-08-24 20:20:49','2011-08-24 20:20:49',903421051,'Order',1,0,NULL,NULL),(184300898,902528130,'0.00','Tax','2011-08-24 20:20:49','2011-08-24 20:20:49',902528130,'Order',1,0,NULL,NULL),(218435669,46943257,'5.00','Shipping','2011-08-24 20:20:49','2011-08-24 20:20:49',884152274,'Shipment',1,1,NULL,NULL),(219639976,48114926,'5.00','Shipping','2011-08-24 20:20:49','2011-08-24 20:20:49',882997035,'Shipment',1,1,NULL,NULL),(224668079,844324943,'0.00','Tax','2011-08-24 20:20:49','2011-08-24 20:20:49',844324943,'Order',1,0,NULL,NULL),(225855830,843120822,'0.00','Tax','2011-08-24 20:20:49','2011-08-24 20:20:49',843120822,'Order',1,0,NULL,NULL),(226726274,850712674,'0.00','Tax','2011-08-24 20:20:49','2011-08-24 20:20:49',850712674,'Order',1,0,NULL,NULL),(227668347,849787035,'0.00','Tax','2011-08-24 20:20:49','2011-08-24 20:20:49',849787035,'Order',1,0,NULL,NULL),(232958080,36435006,'5.00','Shipping','2011-08-24 20:20:49','2011-08-24 20:20:49',877965311,'Shipment',1,1,NULL,NULL),(233883781,37328065,'5.00','Shipping','2011-08-24 20:20:49','2011-08-24 20:20:49',877055750,'Shipment',1,1,NULL,NULL),(247699629,17482993,'5.00','Shipping','2011-08-24 20:20:49','2011-08-24 20:20:49',930455338,'Shipment',1,1,NULL,NULL),(256632486,8567520,'5.00','Shipping','2011-08-24 20:20:49','2011-08-24 20:20:49',922607911,'Shipment',1,1,NULL,NULL),(257525345,9493021,'5.00','Shipping','2011-08-24 20:20:49','2011-08-24 20:20:49',921666016,'Shipment',1,1,NULL,NULL),(262122930,231772182,'0.00','Tax','2011-08-24 20:20:49','2011-08-24 20:20:49',231772182,'Order',1,0,NULL,NULL),(265119607,821702295,'0.00','Tax','2011-08-24 20:20:49','2011-08-24 20:20:49',821702295,'Order',1,0,NULL,NULL),(266274704,820530800,'0.00','Tax','2011-08-24 20:20:49','2011-08-24 20:20:49',820530800,'Order',1,0,NULL,NULL),(270634203,790021435,'0.00','Tax','2011-08-24 20:20:49','2011-08-24 20:20:49',790021435,'Order',1,0,NULL,NULL),(288322313,518401861,'5.00','Shipping','2011-08-24 20:20:49','2011-08-24 20:20:49',681145480,'Shipment',1,1,NULL,NULL),(289215486,519327672,'5.00','Shipping','2011-08-24 20:20:49','2011-08-24 20:20:49',680203391,'Shipment',1,1,NULL,NULL),(296350424,782154552,'0.00','Tax','2011-08-24 20:20:49','2011-08-24 20:20:49',782154552,'Order',1,0,NULL,NULL),(297505327,780983247,'0.00','Tax','2011-08-24 20:20:49','2011-08-24 20:20:49',780983247,'Order',1,0,NULL,NULL),(301676563,330565047,'0.00','Tax','2011-08-24 20:20:49','2011-08-24 20:20:49',330565047,'Order',1,0,NULL,NULL),(315149214,73849921,'5.00','Shipping','2011-08-24 20:20:49','2011-08-24 20:20:49',35341291,'Shipment',1,1,NULL,NULL),(317324289,488679357,'5.00','Shipping','2011-08-24 20:20:49','2011-08-24 20:20:49',727710848,'Shipment',1,1,NULL,NULL),(318815246,741864942,'0.00','Tax','2011-08-24 20:20:49','2011-08-24 20:20:49',741864942,'Order',1,0,NULL,NULL),(320003319,740660503,'0.00','Tax','2011-08-24 20:20:49','2011-08-24 20:20:49',740660503,'Order',1,0,NULL,NULL),(325158384,480827830,'5.00','Shipping','2011-08-24 20:20:49','2011-08-24 20:20:49',718766707,'Shipment',1,1,NULL,NULL),(326362381,481999185,'5.00','Shipping','2011-08-24 20:20:49','2011-08-24 20:20:49',717611658,'Shipment',1,1,NULL,NULL),(327564765,474964377,'5.00','Shipping','2011-08-24 20:20:49','2011-08-24 20:20:49',707803742,'Shipment',1,1,NULL,NULL),(328490280,475857254,'5.00','Shipping','2011-08-24 20:20:49','2011-08-24 20:20:49',706894503,'Shipment',1,1,NULL,NULL),(333906979,751848899,'0.00','Tax','2011-08-24 20:20:49','2011-08-24 20:20:49',751848899,'Order',1,0,NULL,NULL),(334849242,750923066,'0.00','Tax','2011-08-24 20:20:49','2011-08-24 20:20:49',750923066,'Order',1,0,NULL,NULL),(336347625,465903021,'5.00','Shipping','2011-08-24 20:20:49','2011-08-24 20:20:49',767182442,'Shipment',1,1,NULL,NULL),(337518868,467107162,'5.00','Shipping','2011-08-24 20:20:49','2011-08-24 20:20:49',765994643,'Shipment',1,1,NULL,NULL),(342718487,727331319,'0.00','Tax','2011-08-24 20:20:49','2011-08-24 20:20:49',727331319,'Order',1,0,NULL,NULL),(343873774,726159630,'0.00','Tax','2011-08-24 20:20:49','2011-08-24 20:20:49',726159630,'Order',1,0,NULL,NULL),(344637498,733841882,'0.00','Tax','2011-08-24 20:20:49','2011-08-24 20:20:49',733841882,'Order',1,0,NULL,NULL),(345546947,732948771,'0.00','Tax','2011-08-24 20:20:49','2011-08-24 20:20:49',732948771,'Order',1,0,NULL,NULL),(351009220,455255426,'5.00','Shipping','2011-08-24 20:20:49','2011-08-24 20:20:49',761134663,'Shipment',1,1,NULL,NULL),(351902017,456181117,'5.00','Shipping','2011-08-24 20:20:49','2011-08-24 20:20:49',760192702,'Shipment',1,1,NULL,NULL),(353427152,707237680,'0.00','Tax','2011-08-24 20:20:49','2011-08-24 20:20:49',707237680,'Order',1,0,NULL,NULL),(373471010,428600156,'5.00','Shipping','2011-08-24 20:20:49','2011-08-24 20:20:49',804565151,'Shipment',1,1,NULL,NULL),(374396901,429493153,'5.00','Shipping','2011-08-24 20:20:49','2011-08-24 20:20:49',803655784,'Shipment',1,1,NULL,NULL),(378993674,349815214,'0.00','Tax','2011-08-24 20:20:49','2011-08-24 20:20:49',349815214,'Order',1,0,NULL,NULL),(381957839,703823663,'0.00','Tax','2011-08-24 20:20:49','2011-08-24 20:20:49',703823663,'Order',1,0,NULL,NULL),(383145528,702619608,'0.00','Tax','2011-08-24 20:20:49','2011-08-24 20:20:49',702619608,'Order',1,0,NULL,NULL),(400075244,403830194,'5.00','Shipping','2011-08-24 20:20:49','2011-08-24 20:20:49',779005547,'Shipment',1,1,NULL,NULL),(412696368,391144298,'5.00','Shipping','2011-08-24 20:20:49','2011-08-24 20:20:49',556742829,'Shipment',1,1,NULL,NULL),(419635674,382369184,'5.00','Shipping','2011-08-24 20:20:49','2011-08-24 20:20:49',548742745,'Shipment',1,1,NULL,NULL),(420561187,383262055,'5.00','Shipping','2011-08-24 20:20:49','2011-08-24 20:20:49',547833508,'Shipment',1,1,NULL,NULL),(428187657,649259497,'0.00','Tax','2011-08-24 20:20:49','2011-08-24 20:20:49',649259497,'Order',1,0,NULL,NULL),(429375732,648055060,'0.00','Tax','2011-08-24 20:20:49','2011-08-24 20:20:49',648055060,'Order',1,0,NULL,NULL),(439382518,368651700,'5.00','Shipping','2011-08-24 20:20:49','2011-08-24 20:20:49',596014713,'Shipment',1,1,NULL,NULL),(441534476,627442156,'0.00','Tax','2011-08-24 20:20:49','2011-08-24 20:20:49',627442156,'Order',1,0,NULL,NULL),(459257816,345435026,'5.00','Shipping','2011-08-24 20:20:49','2011-08-24 20:20:49',585740373,'Shipment',1,1,NULL,NULL),(461277113,231772182,'5.00','Shipping','2011-08-24 20:20:49','2011-08-24 20:20:49',195891138,'Shipment',1,1,NULL,NULL),(466310914,620502818,'0.00','Tax','2011-08-24 20:20:49','2011-08-24 20:20:49',620502818,'Order',1,0,NULL,NULL),(473068495,335228811,'5.00','Shipping','2011-08-24 20:20:49','2011-08-24 20:20:49',629437518,'Shipment',1,1,NULL,NULL),(480678633,596761353,'0.00','Tax','2011-08-24 20:20:49','2011-08-24 20:20:49',596761353,'Order',1,0,NULL,NULL),(497577275,308359551,'5.00','Shipping','2011-08-24 20:20:49','2011-08-24 20:20:49',605973176,'Shipment',1,1,NULL,NULL),(499733701,587078949,'0.00','Tax','2011-08-24 20:20:49','2011-08-24 20:20:49',587078949,'Order',1,0,NULL,NULL),(510584259,296204679,'5.00','Shipping','2011-08-24 20:20:49','2011-08-24 20:20:49',668525120,'Shipment',1,1,NULL,NULL),(511477050,297130368,'5.00','Shipping','2011-08-24 20:20:49','2011-08-24 20:20:49',667583165,'Shipment',1,1,NULL,NULL),(518546448,568274416,'0.00','Tax','2011-08-24 20:20:49','2011-08-24 20:20:49',568274416,'Order',1,0,NULL,NULL),(519701741,567102733,'0.00','Tax','2011-08-24 20:20:49','2011-08-24 20:20:49',567102733,'Order',1,0,NULL,NULL),(526391841,542594049,'0.00','Tax','2011-08-24 20:20:49','2011-08-24 20:20:49',542594049,'Order',1,0,NULL,NULL),(551524735,790021435,'5.00','Shipping','2011-08-24 20:20:49','2011-08-24 20:20:49',426352382,'Shipment',1,1,NULL,NULL),(558204811,780983247,'5.00','Shipping','2011-08-24 20:20:49','2011-08-24 20:20:49',418611208,'Shipment',1,1,NULL,NULL),(559409010,782154552,'5.00','Shipping','2011-08-24 20:20:49','2011-08-24 20:20:49',417456373,'Shipment',1,1,NULL,NULL),(563203233,601813305,'0.00','Tax','2011-08-24 20:20:49','2011-08-24 20:20:49',601813305,'Order',1,0,NULL,NULL),(566429272,519327672,'0.00','Tax','2011-08-24 20:20:49','2011-08-24 20:20:49',519327672,'Order',1,0,NULL,NULL),(567371429,518401861,'0.00','Tax','2011-08-24 20:20:49','2011-08-24 20:20:49',518401861,'Order',1,0,NULL,NULL),(571993693,488679357,'0.00','Tax','2011-08-24 20:20:49','2011-08-24 20:20:49',488679357,'Order',1,0,NULL,NULL),(587952512,750923066,'5.00','Shipping','2011-08-24 20:20:49','2011-08-24 20:20:49',448624385,'Shipment',1,1,NULL,NULL),(588845447,751848899,'5.00','Shipping','2011-08-24 20:20:49','2011-08-24 20:20:49',447682054,'Shipment',1,1,NULL,NULL),(594167942,475857254,'0.00','Tax','2011-08-24 20:20:49','2011-08-24 20:20:49',475857254,'Order',1,0,NULL,NULL),(595077241,474964377,'0.00','Tax','2011-08-24 20:20:49','2011-08-24 20:20:49',474964377,'Order',1,0,NULL,NULL),(596504753,481999185,'0.00','Tax','2011-08-24 20:20:49','2011-08-24 20:20:49',481999185,'Order',1,0,NULL,NULL),(597659734,480827830,'0.00','Tax','2011-08-24 20:20:49','2011-08-24 20:20:49',480827830,'Order',1,0,NULL,NULL),(602720595,740660503,'5.00','Shipping','2011-08-24 20:20:49','2011-08-24 20:20:49',442158806,'Shipment',1,1,NULL,NULL),(603892140,741864942,'5.00','Shipping','2011-08-24 20:20:49','2011-08-24 20:20:49',440970793,'Shipment',1,1,NULL,NULL),(604474525,456181117,'0.00','Tax','2011-08-24 20:20:49','2011-08-24 20:20:49',456181117,'Order',1,0,NULL,NULL),(605416546,455255426,'0.00','Tax','2011-08-24 20:20:49','2011-08-24 20:20:49',455255426,'Order',1,0,NULL,NULL),(610710887,732948771,'5.00','Shipping','2011-08-24 20:20:49','2011-08-24 20:20:49',500216554,'Shipment',1,1,NULL,NULL),(611636640,733841882,'5.00','Shipping','2011-08-24 20:20:49','2011-08-24 20:20:49',499307037,'Shipment',1,1,NULL,NULL),(612437324,726159630,'5.00','Shipping','2011-08-24 20:20:49','2011-08-24 20:20:49',490146509,'Shipment',1,1,NULL,NULL),(613641651,727331319,'5.00','Shipping','2011-08-24 20:20:49','2011-08-24 20:20:49',488991282,'Shipment',1,1,NULL,NULL),(618673338,467107162,'0.00','Tax','2011-08-24 20:20:49','2011-08-24 20:20:49',467107162,'Order',1,0,NULL,NULL),(619861069,465903021,'0.00','Tax','2011-08-24 20:20:49','2011-08-24 20:20:49',465903021,'Order',1,0,NULL,NULL),(634387213,862055596,'5.00','Shipping','2011-08-24 20:20:49','2011-08-24 20:20:49',891057020,'Shipment',1,1,NULL,NULL),(636406634,707237680,'5.00','Shipping','2011-08-24 20:20:49','2011-08-24 20:20:49',475581673,'Shipment',1,1,NULL,NULL),(640172946,702619608,'5.00','Shipping','2011-08-24 20:20:49','2011-08-24 20:20:49',530465809,'Shipment',1,1,NULL,NULL),(641344363,703823663,'5.00','Shipping','2011-08-24 20:20:49','2011-08-24 20:20:49',529278188,'Shipment',1,1,NULL,NULL),(648987201,429493153,'0.00','Tax','2011-08-24 20:20:49','2011-08-24 20:20:49',429493153,'Order',1,0,NULL,NULL),(649896636,428600156,'0.00','Tax','2011-08-24 20:20:49','2011-08-24 20:20:49',428600156,'Order',1,0,NULL,NULL),(651518922,539762571,'5.00','Shipping','2011-08-24 20:20:49','2011-08-24 20:20:49',1020487291,'Shipment',1,1,NULL,NULL),(654051466,615724322,'0.00','Tax','2011-08-24 20:20:49','2011-08-24 20:20:49',615724322,'Order',1,0,NULL,NULL),(656850002,403830194,'0.00','Tax','2011-08-24 20:20:49','2011-08-24 20:20:49',403830194,'Order',1,0,NULL,NULL),(677849738,391144298,'0.00','Tax','2011-08-24 20:20:49','2011-08-24 20:20:49',391144298,'Order',1,0,NULL,NULL),(694801754,648055060,'5.00','Shipping','2011-08-24 20:20:49','2011-08-24 20:20:49',283103959,'Shipment',1,1,NULL,NULL),(695973293,649259497,'5.00','Shipping','2011-08-24 20:20:49','2011-08-24 20:20:49',281915952,'Shipment',1,1,NULL,NULL),(703550599,383262055,'0.00','Tax','2011-08-24 20:20:49','2011-08-24 20:20:49',383262055,'Order',1,0,NULL,NULL),(704459904,382369184,'0.00','Tax','2011-08-24 20:20:49','2011-08-24 20:20:49',382369184,'Order',1,0,NULL,NULL),(716135858,627442156,'5.00','Shipping','2011-08-24 20:20:49','2011-08-24 20:20:49',320428591,'Shipment',1,1,NULL,NULL),(718169172,368651700,'0.00','Tax','2011-08-24 20:20:49','2011-08-24 20:20:49',368651700,'Order',1,0,NULL,NULL),(722760507,1035625630,'5.00','Shipping','2011-08-24 20:20:49','2011-08-24 20:20:49',1002961742,'Shipment',1,1,NULL,NULL),(724910940,620502818,'5.00','Shipping','2011-08-24 20:20:49','2011-08-24 20:20:49',310592731,'Shipment',1,1,NULL,NULL),(732013170,345435026,'0.00','Tax','2011-08-24 20:20:49','2011-08-24 20:20:49',345435026,'Order',1,0,NULL,NULL),(743999301,596761353,'5.00','Shipping','2011-08-24 20:20:49','2011-08-24 20:20:49',367952066,'Shipment',1,1,NULL,NULL),(746174244,987209861,'5.00','Shipping','2011-08-24 20:20:49','2011-08-24 20:20:49',1017790295,'Shipment',1,1,NULL,NULL),(751593067,335228811,'0.00','Tax','2011-08-24 20:20:49','2011-08-24 20:20:49',335228811,'Order',1,0,NULL,NULL),(758595937,587078949,'5.00','Shipping','2011-08-24 20:20:49','2011-08-24 20:20:49',344016612,'Shipment',1,1,NULL,NULL),(760641695,308359551,'0.00','Tax','2011-08-24 20:20:49','2011-08-24 20:20:49',308359551,'Order',1,0,NULL,NULL),(772018513,567102733,'5.00','Shipping','2011-08-24 20:20:49','2011-08-24 20:20:49',397547216,'Shipment',1,1,NULL,NULL),(773222838,568274416,'5.00','Shipping','2011-08-24 20:20:49','2011-08-24 20:20:49',396391991,'Shipment',1,1,NULL,NULL),(780308640,297130368,'0.00','Tax','2011-08-24 20:20:49','2011-08-24 20:20:49',297130368,'Order',1,0,NULL,NULL),(781250663,296204679,'0.00','Tax','2011-08-24 20:20:49','2011-08-24 20:20:49',296204679,'Order',1,0,NULL,NULL),(798887869,542594049,'5.00','Shipping','2011-08-24 20:20:49','2011-08-24 20:20:49',371722298,'Shipment',1,1,NULL,NULL),(811631854,1068095656,'5.00','Shipping','2011-08-24 20:20:49','2011-08-24 20:20:49',165053295,'Shipment',1,1,NULL,NULL),(812835865,1069267029,'5.00','Shipping','2011-08-24 20:20:49','2011-08-24 20:20:49',163898264,'Shipment',1,1,NULL,NULL),(820380991,265374943,'0.00','Tax','2011-08-24 20:20:49','2011-08-24 20:20:49',265374943,'Order',1,0,NULL,NULL),(821323208,264449064,'0.00','Tax','2011-08-24 20:20:49','2011-08-24 20:20:49',264449064,'Order',1,0,NULL,NULL),(825151760,862055596,'0.00','Tax','2011-08-24 20:20:49','2011-08-24 20:20:49',862055596,'Order',1,0,NULL,NULL),(830217163,239817259,'0.00','Tax','2011-08-24 20:20:49','2011-08-24 20:20:49',239817259,'Order',1,0,NULL,NULL),(840770179,615724322,'5.00','Shipping','2011-08-24 20:20:49','2011-08-24 20:20:49',583969526,'Shipment',1,1,NULL,NULL),(842797792,1039486630,'5.00','Shipping','2011-08-24 20:20:49','2011-08-24 20:20:49',193598819,'Shipment',1,1,NULL,NULL),(849933258,228571690,'0.00','Tax','2011-08-24 20:20:49','2011-08-24 20:20:49',228571690,'Order',1,0,NULL,NULL),(867462385,1014837421,'5.00','Shipping','2011-08-24 20:20:49','2011-08-24 20:20:49',167930736,'Shipment',1,1,NULL,NULL),(869618963,216145139,'0.00','Tax','2011-08-24 20:20:49','2011-08-24 20:20:49',216145139,'Order',1,0,NULL,NULL),(875327522,1004874852,'5.00','Shipping','2011-08-24 20:20:49','2011-08-24 20:20:49',228226979,'Shipment',1,1,NULL,NULL),(877480416,192544832,'0.00','Tax','2011-08-24 20:20:49','2011-08-24 20:20:49',192544832,'Order',1,0,NULL,NULL),(894555897,983075517,'5.00','Shipping','2011-08-24 20:20:49','2011-08-24 20:20:49',216519034,'Shipment',1,1,NULL,NULL),(896591516,601813305,'5.00','Shipping','2011-08-24 20:20:49','2011-08-24 20:20:49',631467759,'Shipment',1,1,NULL,NULL),(902117331,183664179,'0.00','Tax','2011-08-24 20:20:49','2011-08-24 20:20:49',183664179,'Order',1,0,NULL,NULL),(914702076,961307330,'5.00','Shipping','2011-08-24 20:20:49','2011-08-24 20:20:49',255015291,'Shipment',1,1,NULL,NULL),(923615477,952376497,'5.00','Shipping','2011-08-24 20:20:49','2011-08-24 20:20:49',247154552,'Shipment',1,1,NULL,NULL),(924786706,953580620,'5.00','Shipping','2011-08-24 20:20:49','2011-08-24 20:20:49',245966735,'Shipment',1,1,NULL,NULL),(931905832,146573512,'0.00','Tax','2011-08-24 20:20:49','2011-08-24 20:20:49',146573512,'Order',1,0,NULL,NULL),(932815327,145680447,'0.00','Tax','2011-08-24 20:20:49','2011-08-24 20:20:49',145680447,'Order',1,0,NULL,NULL),(944559667,931498615,'5.00','Shipping','2011-08-24 20:20:49','2011-08-24 20:20:49',33214900,'Shipment',1,1,NULL,NULL),(945731274,932702864,'5.00','Shipping','2011-08-24 20:20:49','2011-08-24 20:20:49',32026953,'Shipment',1,1,NULL,NULL),(949525797,987209861,'0.00','Tax','2011-08-24 20:20:49','2011-08-24 20:20:49',987209861,'Order',1,0,NULL,NULL),(952784868,134028804,'0.00','Tax','2011-08-24 20:20:49','2011-08-24 20:20:49',134028804,'Order',1,0,NULL,NULL),(953693977,133136121,'0.00','Tax','2011-08-24 20:20:49','2011-08-24 20:20:49',133136121,'Order',1,0,NULL,NULL),(969189440,906884218,'5.00','Shipping','2011-08-24 20:20:49','2011-08-24 20:20:49',7516093,'Shipment',1,1,NULL,NULL),(973217992,902528130,'5.00','Shipping','2011-08-24 20:20:49','2011-08-24 20:20:49',62138181,'Shipment',1,1,NULL,NULL),(974143551,903421051,'5.00','Shipping','2011-08-24 20:20:49','2011-08-24 20:20:49',61228994,'Shipment',1,1,NULL,NULL),(979573050,89411802,'0.00','Tax','2011-08-24 20:20:49','2011-08-24 20:20:49',89411802,'Order',1,0,NULL,NULL),(980515269,88485925,'0.00','Tax','2011-08-24 20:20:49','2011-08-24 20:20:49',88485925,'Order',1,0,NULL,NULL),(981770517,95676661,'0.00','Tax','2011-08-24 20:20:49','2011-08-24 20:20:49',95676661,'Order',1,0,NULL,NULL),(982958578,94472210,'0.00','Tax','2011-08-24 20:20:49','2011-08-24 20:20:49',94472210,'Order',1,0,NULL,NULL),(988125419,892126383,'5.00','Shipping','2011-08-24 20:20:49','2011-08-24 20:20:49',55811946,'Shipment',1,1,NULL,NULL),(989329428,893297750,'5.00','Shipping','2011-08-24 20:20:49','2011-08-24 20:20:49',54656917,'Shipment',1,1,NULL,NULL),(1024384289,37328065,'0.00','Tax','2011-08-24 20:20:49','2011-08-24 20:20:49',37328065,'Order',1,0,NULL,NULL),(1025293790,36435006,'0.00','Tax','2011-08-24 20:20:49','2011-08-24 20:20:49',36435006,'Order',1,0,NULL,NULL),(1030743263,849787035,'5.00','Shipping','2011-08-24 20:20:49','2011-08-24 20:20:49',81388382,'Shipment',1,1,NULL,NULL),(1031636008,850712674,'5.00','Shipping','2011-08-24 20:20:49','2011-08-24 20:20:49',80446377,'Shipment',1,1,NULL,NULL),(1032346868,843120822,'5.00','Shipping','2011-08-24 20:20:49','2011-08-24 20:20:49',71195505,'Shipment',1,1,NULL,NULL),(1033518091,844324943,'5.00','Shipping','2011-08-24 20:20:49','2011-08-24 20:20:49',70007694,'Shipment',1,1,NULL,NULL),(1038705934,48114926,'0.00','Tax','2011-08-24 20:20:49','2011-08-24 20:20:49',48114926,'Order',1,0,NULL,NULL),(1039861241,46943257,'0.00','Tax','2011-08-24 20:20:49','2011-08-24 20:20:49',46943257,'Order',1,0,NULL,NULL),(1044221201,17482993,'0.00','Tax','2011-08-24 20:20:49','2011-08-24 20:20:49',17482993,'Order',1,0,NULL,NULL),(1059131946,820530800,'5.00','Shipping','2011-08-24 20:20:49','2011-08-24 20:20:49',110564781,'Shipment',1,1,NULL,NULL),(1060336339,821702295,'5.00','Shipping','2011-08-24 20:20:49','2011-08-24 20:20:49',109409616,'Shipment',1,1,NULL,NULL),(1067947005,9493021,'0.00','Tax','2011-08-24 20:20:49','2011-08-24 20:20:49',9493021,'Order',1,0,NULL,NULL),(1068888832,8567520,'0.00','Tax','2011-08-24 20:20:49','2011-08-24 20:20:49',8567520,'Order',1,0,NULL,NULL),(1073043774,1035625630,'0.00','Tax','2011-08-24 20:20:49','2011-08-24 20:20:49',1035625630,'Order',1,0,NULL,NULL),(1073043775,1069267032,'5.00','Shipping','2011-08-24 23:34:06','2011-08-24 23:34:06',1053930493,'Shipment',1,NULL,574015644,'ShippingMethod'),(1073043776,1069267033,'15.00','Shipping','2011-08-25 00:11:34','2011-08-25 00:11:34',1053930494,'Shipment',1,NULL,13537749,'ShippingMethod'),(1073043777,1069267034,'10.00','Shipping','2011-08-25 00:22:40','2011-08-25 00:22:40',1053930495,'Shipment',1,NULL,192811543,'ShippingMethod'),(1073043778,1069267037,'5.00','Shipping','2011-08-25 01:03:48','2011-08-25 01:03:48',1053930496,'Shipment',1,NULL,574015644,'ShippingMethod'),(1073043779,1069267038,'10.00','Shipping','2011-08-25 01:08:56','2011-08-25 01:08:56',1053930497,'Shipment',1,NULL,192811543,'ShippingMethod'),(1073043780,1069267039,'10.00','Shipping','2011-08-25 03:16:06','2011-08-25 03:16:06',1053930498,'Shipment',1,NULL,192811543,'ShippingMethod'),(1073043781,1069267044,'5.00','Shipping','2011-08-27 17:03:03','2011-08-27 17:03:03',1053930499,'Shipment',1,NULL,574015644,'ShippingMethod'),(1073043782,1069267049,'5.00','Shipping','2011-08-28 10:23:55','2011-08-28 10:23:55',1053930500,'Shipment',1,NULL,574015644,'ShippingMethod'),(1073043783,1069267051,'5.00','Shipping','2011-08-28 10:33:48','2011-08-28 10:33:48',1053930501,'Shipment',1,NULL,574015644,'ShippingMethod'),(1073043784,1069267052,'10.00','Shipping','2011-08-28 10:54:50','2011-08-28 10:54:50',1053930502,'Shipment',1,NULL,192811543,'ShippingMethod'),(1073043785,1069267054,'15.00','Shipping','2011-08-28 11:18:07','2011-08-28 11:18:07',1053930503,'Shipment',1,NULL,13537749,'ShippingMethod'),(1073043786,1069267071,'5.00','Shipping','2011-08-29 19:54:05','2011-08-29 19:54:05',1053930504,'Shipment',1,NULL,574015644,'ShippingMethod');
/*!40000 ALTER TABLE `adjustments` ENABLE KEYS */;
UNLOCK TABLES;

--
-- Table structure for table `assets`
--

DROP TABLE IF EXISTS `assets`;
/*!40101 SET @saved_cs_client     = @@character_set_client */;
/*!40101 SET character_set_client = utf8 */;
CREATE TABLE `assets` (
  `id` int(11) NOT NULL AUTO_INCREMENT,
  `viewable_id` int(11) DEFAULT NULL,
  `viewable_type` varchar(50) COLLATE utf8_unicode_ci DEFAULT NULL,
  `attachment_content_type` varchar(255) COLLATE utf8_unicode_ci DEFAULT NULL,
  `attachment_file_name` varchar(255) COLLATE utf8_unicode_ci DEFAULT NULL,
  `attachment_size` int(11) DEFAULT NULL,
  `position` int(11) DEFAULT NULL,
  `type` varchar(75) COLLATE utf8_unicode_ci DEFAULT NULL,
  `attachment_updated_at` datetime DEFAULT NULL,
  `attachment_width` int(11) DEFAULT NULL,
  `attachment_height` int(11) DEFAULT NULL,
  `alt` text COLLATE utf8_unicode_ci,
  PRIMARY KEY (`id`),
  KEY `index_assets_on_viewable_id` (`viewable_id`),
  KEY `index_assets_on_viewable_type_and_type` (`viewable_type`,`type`)
) ENGINE=InnoDB AUTO_INCREMENT=1031 DEFAULT CHARSET=utf8 COLLATE=utf8_unicode_ci;
/*!40101 SET character_set_client = @saved_cs_client */;

--
-- Dumping data for table `assets`
--

LOCK TABLES `assets` WRITE;
/*!40000 ALTER TABLE `assets` DISABLE KEYS */;
INSERT INTO `assets` VALUES (1,459084718,'Product','image/jpeg','ror_tote.jpeg',NULL,1,'Image','2011-08-24 20:21:00',360,360,NULL),(2,459084718,'Product','image/jpeg','ror_tote_back.jpeg',NULL,2,'Image','2011-08-24 20:21:01',360,360,NULL),(3,723959550,'Product','image/jpeg','ror_bag.jpeg',NULL,1,'Image','2011-08-24 20:21:02',360,360,NULL),(4,1025786064,'Product','image/jpeg','ror_baseball.jpeg',NULL,1,'Image','2011-08-24 20:21:02',360,360,NULL),(5,1025786064,'Product','image/jpeg','ror_baseball_back.jpeg',NULL,2,'Image','2011-08-24 20:21:02',360,360,NULL),(6,1060500592,'Product','image/jpeg','ror_jr_spaghetti.jpeg',NULL,1,'Image','2011-08-24 20:21:03',360,360,NULL),(7,248786582,'Product','image/jpeg','ror_mug.jpeg',NULL,1,'Image','2011-08-24 20:21:03',360,360,NULL),(8,248786582,'Product','image/jpeg','ror_mug_back.jpeg',NULL,2,'Image','2011-08-24 20:21:04',360,360,NULL),(9,187438981,'Product','image/jpeg','ror_ringer.jpeg',NULL,1,'Image','2011-08-24 20:21:04',360,360,NULL),(10,187438981,'Product','image/jpeg','ror_ringer_back.jpeg',NULL,2,'Image','2011-08-24 20:21:04',360,360,NULL),(11,1035865702,'Product','image/jpeg','ror_stein.jpeg',NULL,1,'Image','2011-08-24 20:21:05',360,360,NULL),(12,1035865702,'Product','image/jpeg','ror_stein_back.jpeg',NULL,2,'Image','2011-08-24 20:21:05',360,360,NULL),(1004,706676762,'Product','image/png','apache_baseball.png',NULL,1,'Image','2011-08-24 20:21:06',504,484,NULL),(1008,569012001,'Product','image/png','ruby_baseball.png',NULL,1,'Image','2011-08-24 20:21:06',495,477,NULL),(1009,529709246,'Variant','image/png','ror_baseball_jersey_green.png',NULL,1,'Image','2011-08-24 20:21:07',240,240,NULL),(1010,529709246,'Variant','image/png','ror_baseball_jersey_back_green.png',NULL,2,'Image','2011-08-24 20:21:07',240,240,NULL),(1011,97292824,'Variant','image/png','ror_baseball_jersey_green.png',NULL,1,'Image','2011-08-24 20:21:08',240,240,NULL),(1012,97292824,'Variant','image/png','ror_baseball_jersey_back_green.png',NULL,2,'Image','2011-08-24 20:21:08',240,240,NULL),(1013,265742438,'Variant','image/png','ror_baseball_jersey_green.png',NULL,1,'Image','2011-08-24 20:21:09',240,240,NULL),(1014,265742438,'Variant','image/png','ror_baseball_jersey_back_green.png',NULL,2,'Image','2011-08-24 20:21:09',240,240,NULL),(1015,1013589412,'Variant','image/png','ror_baseball_jersey_blue.png',NULL,1,'Image','2011-08-24 20:21:10',240,240,NULL),(1016,1013589412,'Variant','image/png','ror_baseball_jersey_back_blue.png',NULL,2,'Image','2011-08-24 20:21:10',240,240,NULL),(1017,664770399,'Variant','image/png','ror_baseball_jersey_blue.png',NULL,1,'Image','2011-08-24 20:21:11',240,240,NULL),(1018,664770399,'Variant','image/png','ror_baseball_jersey_back_blue.png',NULL,2,'Image','2011-08-24 20:21:12',240,240,NULL),(1019,405540681,'Variant','image/png','ror_baseball_jersey_blue.png',NULL,1,'Image','2011-08-24 20:21:12',240,240,NULL),(1020,405540681,'Variant','image/png','ror_baseball_jersey_back_blue.png',NULL,2,'Image','2011-08-24 20:21:13',240,240,NULL),(1021,568516732,'Variant','image/png','ror_baseball_jersey_red.png',NULL,1,'Image','2011-08-24 20:21:13',240,240,NULL),(1022,568516732,'Variant','image/png','ror_baseball_jersey_back_red.png',NULL,2,'Image','2011-08-24 20:21:14',240,240,NULL),(1023,947339321,'Variant','image/png','ror_baseball_jersey_red.png',NULL,1,'Image','2011-08-24 20:21:14',240,240,NULL),(1024,947339321,'Variant','image/png','ror_baseball_jersey_back_red.png',NULL,2,'Image','2011-08-24 20:21:14',240,240,NULL),(1025,325821322,'Variant','image/png','ror_baseball_jersey_red.png',NULL,1,'Image','2011-08-24 20:21:15',240,240,NULL),(1026,325821322,'Variant','image/png','ror_baseball_jersey_back_red.png',NULL,2,'Image','2011-08-24 20:21:15',240,240,NULL),(1027,1060500593,'Product','image/jpeg','tshirt32.jpg',NULL,1,'Image','2011-08-25 01:35:27',225,224,'heee'),(1028,1060500594,'Product','image/jpeg','tshirt32.jpg',NULL,1,'Image','2011-08-25 00:46:13',225,224,''),(1029,1060500595,'Product','image/jpeg','tshirt32.jpg',NULL,1,'Image','2011-08-25 01:31:31',225,224,''),(1030,1060500596,'Product','image/jpeg','tshirt32.jpg',NULL,1,'Image','2011-08-28 11:47:52',225,224,'');
/*!40000 ALTER TABLE `assets` ENABLE KEYS */;
UNLOCK TABLES;

--
-- Table structure for table `calculators`
--

DROP TABLE IF EXISTS `calculators`;
/*!40101 SET @saved_cs_client     = @@character_set_client */;
/*!40101 SET character_set_client = utf8 */;
CREATE TABLE `calculators` (
  `id` int(11) NOT NULL AUTO_INCREMENT,
  `type` varchar(255) COLLATE utf8_unicode_ci DEFAULT NULL,
  `calculable_id` int(11) NOT NULL,
  `calculable_type` varchar(255) COLLATE utf8_unicode_ci NOT NULL,
  `created_at` datetime DEFAULT NULL,
  `updated_at` datetime DEFAULT NULL,
  PRIMARY KEY (`id`)
) ENGINE=InnoDB AUTO_INCREMENT=574015645 DEFAULT CHARSET=utf8 COLLATE=utf8_unicode_ci;
/*!40101 SET character_set_client = @saved_cs_client */;

--
-- Dumping data for table `calculators`
--

LOCK TABLES `calculators` WRITE;
/*!40000 ALTER TABLE `calculators` DISABLE KEYS */;
INSERT INTO `calculators` VALUES (13537749,'Calculator::FlatRate',13537749,'ShippingMethod','2011-08-24 20:20:49','2011-08-24 20:20:49'),(192811543,'Calculator::FlatRate',192811543,'ShippingMethod','2011-08-24 20:20:49','2011-08-24 20:20:49'),(491052212,'Calculator::FlatRate',713097208,'Promotion','2011-08-24 20:20:49','2011-08-24 20:20:49'),(574015644,'Calculator::FlatRate',574015644,'ShippingMethod','2011-08-24 20:20:49','2011-08-24 20:20:49');
/*!40000 ALTER TABLE `calculators` ENABLE KEYS */;
UNLOCK TABLES;

--
-- Table structure for table `configurations`
--

DROP TABLE IF EXISTS `configurations`;
/*!40101 SET @saved_cs_client     = @@character_set_client */;
/*!40101 SET character_set_client = utf8 */;
CREATE TABLE `configurations` (
  `id` int(11) NOT NULL AUTO_INCREMENT,
  `name` varchar(255) COLLATE utf8_unicode_ci DEFAULT NULL,
  `created_at` datetime DEFAULT NULL,
  `updated_at` datetime DEFAULT NULL,
  `type` varchar(50) COLLATE utf8_unicode_ci DEFAULT NULL,
  PRIMARY KEY (`id`),
  KEY `index_configurations_on_name_and_type` (`name`,`type`)
) ENGINE=InnoDB AUTO_INCREMENT=3 DEFAULT CHARSET=utf8 COLLATE=utf8_unicode_ci;
/*!40101 SET character_set_client = @saved_cs_client */;

--
-- Dumping data for table `configurations`
--

LOCK TABLES `configurations` WRITE;
/*!40000 ALTER TABLE `configurations` DISABLE KEYS */;
INSERT INTO `configurations` VALUES (1,'Default configuration','2011-08-24 20:20:54','2011-08-24 20:20:54','AppConfiguration'),(2,'Default spree_auth configuration','2011-08-24 23:12:19','2011-08-24 23:12:19','SpreeAuthConfiguration');
/*!40000 ALTER TABLE `configurations` ENABLE KEYS */;
UNLOCK TABLES;

--
-- Table structure for table `countries`
--

DROP TABLE IF EXISTS `countries`;
/*!40101 SET @saved_cs_client     = @@character_set_client */;
/*!40101 SET character_set_client = utf8 */;
CREATE TABLE `countries` (
  `id` int(11) NOT NULL AUTO_INCREMENT,
  `iso_name` varchar(255) COLLATE utf8_unicode_ci DEFAULT NULL,
  `iso` varchar(255) COLLATE utf8_unicode_ci DEFAULT NULL,
  `name` varchar(255) COLLATE utf8_unicode_ci DEFAULT NULL,
  `iso3` varchar(255) COLLATE utf8_unicode_ci DEFAULT NULL,
  `numcode` int(11) DEFAULT NULL,
  PRIMARY KEY (`id`)
) ENGINE=InnoDB AUTO_INCREMENT=227 DEFAULT CHARSET=utf8 COLLATE=utf8_unicode_ci;
/*!40101 SET character_set_client = @saved_cs_client */;

--
-- Dumping data for table `countries`
--

LOCK TABLES `countries` WRITE;
/*!40000 ALTER TABLE `countries` DISABLE KEYS */;
INSERT INTO `countries` VALUES (1,'AFGHANISTAN','AF','Afghanistan','AFG',4),(2,'ALBANIA','AL','Albania','ALB',8),(3,'ALGERIA','DZ','Algeria','DZA',12),(4,'AMERICAN SAMOA','AS','American Samoa','ASM',16),(5,'ANDORRA','AD','Andorra','AND',20),(6,'ANGOLA','AO','Angola','AGO',24),(7,'ANGUILLA','AI','Anguilla','AIA',660),(8,'ANTIGUA AND BARBUDA','AG','Antigua and Barbuda','ATG',28),(9,'ARGENTINA','AR','Argentina','ARG',32),(10,'ARMENIA','AM','Armenia','ARM',51),(11,'ARUBA','AW','Aruba','ABW',533),(12,'AUSTRALIA','AU','Australia','AUS',36),(13,'AUSTRIA','AT','Austria','AUT',40),(14,'AZERBAIJAN','AZ','Azerbaijan','AZE',31),(15,'BAHAMAS','BS','Bahamas','BHS',44),(16,'BAHRAIN','BH','Bahrain','BHR',48),(17,'BANGLADESH','BD','Bangladesh','BGD',50),(18,'BARBADOS','BB','Barbados','BRB',52),(19,'BELARUS','BY','Belarus','BLR',112),(20,'BELGIUM','BE','Belgium','BEL',56),(21,'BELIZE','BZ','Belize','BLZ',84),(22,'BENIN','BJ','Benin','BEN',204),(23,'BERMUDA','BM','Bermuda','BMU',60),(24,'BHUTAN','BT','Bhutan','BTN',64),(25,'BOLIVIA','BO','Bolivia','BOL',68),(26,'BOSNIA AND HERZEGOVINA','BA','Bosnia and Herzegovina','BIH',70),(27,'BOTSWANA','BW','Botswana','BWA',72),(28,'BRAZIL','BR','Brazil','BRA',76),(29,'BRUNEI DARUSSALAM','BN','Brunei Darussalam','BRN',96),(30,'BULGARIA','BG','Bulgaria','BGR',100),(31,'BURKINA FASO','BF','Burkina Faso','BFA',854),(32,'BURUNDI','BI','Burundi','BDI',108),(33,'CAMBODIA','KH','Cambodia','KHM',116),(34,'CAMEROON','CM','Cameroon','CMR',120),(35,'CANADA','CA','Canada','CAN',124),(36,'CAPE VERDE','CV','Cape Verde','CPV',132),(37,'CAYMAN ISLANDS','KY','Cayman Islands','CYM',136),(38,'CENTRAL AFRICAN REPUBLIC','CF','Central African Republic','CAF',140),(39,'CHAD','TD','Chad','TCD',148),(40,'CHILE','CL','Chile','CHL',152),(41,'CHINA','CN','China','CHN',156),(42,'COLOMBIA','CO','Colombia','COL',170),(43,'COMOROS','KM','Comoros','COM',174),(44,'CONGO','CG','Congo','COG',178),(45,'CONGO, THE DEMOCRATIC REPUBLIC OF THE','CD','Congo, the Democratic Republic of the','COD',180),(46,'COOK ISLANDS','CK','Cook Islands','COK',184),(47,'COSTA RICA','CR','Costa Rica','CRI',188),(48,'COTE D\'IVOIRE','CI','Cote D\'Ivoire','CIV',384),(49,'CROATIA','HR','Croatia','HRV',191),(50,'CUBA','CU','Cuba','CUB',192),(51,'CYPRUS','CY','Cyprus','CYP',196),(52,'CZECH REPUBLIC','CZ','Czech Republic','CZE',203),(53,'DENMARK','DK','Denmark','DNK',208),(54,'DJIBOUTI','DJ','Djibouti','DJI',262),(55,'DOMINICA','DM','Dominica','DMA',212),(56,'DOMINICAN REPUBLIC','DO','Dominican Republic','DOM',214),(57,'ECUADOR','EC','Ecuador','ECU',218),(58,'EGYPT','EG','Egypt','EGY',818),(59,'EL SALVADOR','SV','El Salvador','SLV',222),(60,'EQUATORIAL GUINEA','GQ','Equatorial Guinea','GNQ',226),(61,'ERITREA','ER','Eritrea','ERI',232),(62,'ESTONIA','EE','Estonia','EST',233),(63,'ETHIOPIA','ET','Ethiopia','ETH',231),(64,'FALKLAND ISLANDS (MALVINAS)','FK','Falkland Islands (Malvinas)','FLK',238),(65,'FAROE ISLANDS','FO','Faroe Islands','FRO',234),(66,'FIJI','FJ','Fiji','FJI',242),(67,'FINLAND','FI','Finland','FIN',246),(68,'FRANCE','FR','France','FRA',250),(69,'FRENCH GUIANA','GF','French Guiana','GUF',254),(70,'FRENCH POLYNESIA','PF','French Polynesia','PYF',258),(71,'GABON','GA','Gabon','GAB',266),(72,'GAMBIA','GM','Gambia','GMB',270),(73,'GEORGIA','GE','Georgia','GEO',268),(74,'GERMANY','DE','Germany','DEU',276),(75,'GHANA','GH','Ghana','GHA',288),(76,'GIBRALTAR','GI','Gibraltar','GIB',292),(77,'GREECE','GR','Greece','GRC',300),(78,'GREENLAND','GL','Greenland','GRL',304),(79,'GRENADA','GD','Grenada','GRD',308),(80,'GUADELOUPE','GP','Guadeloupe','GLP',312),(81,'GUAM','GU','Guam','GUM',316),(82,'GUATEMALA','GT','Guatemala','GTM',320),(83,'GUINEA','GN','Guinea','GIN',324),(84,'GUINEA-BISSAU','GW','Guinea-Bissau','GNB',624),(85,'GUYANA','GY','Guyana','GUY',328),(86,'HAITI','HT','Haiti','HTI',332),(87,'HOLY SEE (VATICAN CITY STATE)','VA','Holy See (Vatican City State)','VAT',336),(88,'HONDURAS','HN','Honduras','HND',340),(89,'HONG KONG','HK','Hong Kong','HKG',344),(90,'HUNGARY','HU','Hungary','HUN',348),(91,'ICELAND','IS','Iceland','ISL',352),(92,'INDIA','IN','India','IND',356),(93,'INDONESIA','ID','Indonesia','IDN',360),(94,'IRAN, ISLAMIC REPUBLIC OF','IR','Iran, Islamic Republic of','IRN',364),(95,'IRAQ','IQ','Iraq','IRQ',368),(96,'IRELAND','IE','Ireland','IRL',372),(97,'ISRAEL','IL','Israel','ISR',376),(98,'ITALY','IT','Italy','ITA',380),(99,'JAMAICA','JM','Jamaica','JAM',388),(100,'JAPAN','JP','Japan','JPN',392),(101,'JORDAN','JO','Jordan','JOR',400),(102,'KAZAKHSTAN','KZ','Kazakhstan','KAZ',398),(103,'KENYA','KE','Kenya','KEN',404),(104,'KIRIBATI','KI','Kiribati','KIR',296),(105,'KOREA, DEMOCRATIC PEOPLE\'S REPUBLIC OF','KP','North Korea','PRK',408),(106,'KOREA, REPUBLIC OF','KR','South Korea','KOR',410),(107,'KUWAIT','KW','Kuwait','KWT',414),(108,'KYRGYZSTAN','KG','Kyrgyzstan','KGZ',417),(109,'LAO PEOPLE\'S DEMOCRATIC REPUBLIC','LA','Lao People\'s Democratic Republic','LAO',418),(110,'LATVIA','LV','Latvia','LVA',428),(111,'LEBANON','LB','Lebanon','LBN',422),(112,'LESOTHO','LS','Lesotho','LSO',426),(113,'LIBERIA','LR','Liberia','LBR',430),(114,'LIBYAN ARAB JAMAHIRIYA','LY','Libyan Arab Jamahiriya','LBY',434),(115,'LIECHTENSTEIN','LI','Liechtenstein','LIE',438),(116,'LITHUANIA','LT','Lithuania','LTU',440),(117,'LUXEMBOURG','LU','Luxembourg','LUX',442),(118,'MACAO','MO','Macao','MAC',446),(119,'MACEDONIA, THE FORMER YUGOSLAV REPUBLIC OF','MK','Macedonia','MKD',807),(120,'MADAGASCAR','MG','Madagascar','MDG',450),(121,'MALAWI','MW','Malawi','MWI',454),(122,'MALAYSIA','MY','Malaysia','MYS',458),(123,'MALDIVES','MV','Maldives','MDV',462),(124,'MALI','ML','Mali','MLI',466),(125,'MALTA','MT','Malta','MLT',470),(126,'MARSHALL ISLANDS','MH','Marshall Islands','MHL',584),(127,'MARTINIQUE','MQ','Martinique','MTQ',474),(128,'MAURITANIA','MR','Mauritania','MRT',478),(129,'MAURITIUS','MU','Mauritius','MUS',480),(130,'MEXICO','MX','Mexico','MEX',484),(131,'MICRONESIA, FEDERATED STATES OF','FM','Micronesia, Federated States of','FSM',583),(132,'MOLDOVA, REPUBLIC OF','MD','Moldova, Republic of','MDA',498),(133,'MONACO','MC','Monaco','MCO',492),(134,'MONGOLIA','MN','Mongolia','MNG',496),(135,'MONTSERRAT','MS','Montserrat','MSR',500),(136,'MOROCCO','MA','Morocco','MAR',504),(137,'MOZAMBIQUE','MZ','Mozambique','MOZ',508),(138,'MYANMAR','MM','Myanmar','MMR',104),(139,'NAMIBIA','NA','Namibia','NAM',516),(140,'NAURU','NR','Nauru','NRU',520),(141,'NEPAL','NP','Nepal','NPL',524),(142,'NETHERLANDS','NL','Netherlands','NLD',528),(143,'NETHERLANDS ANTILLES','AN','Netherlands Antilles','ANT',530),(144,'NEW CALEDONIA','NC','New Caledonia','NCL',540),(145,'NEW ZEALAND','NZ','New Zealand','NZL',554),(146,'NICARAGUA','NI','Nicaragua','NIC',558),(147,'NIGER','NE','Niger','NER',562),(148,'NIGERIA','NG','Nigeria','NGA',566),(149,'NIUE','NU','Niue','NIU',570),(150,'NORFOLK ISLAND','NF','Norfolk Island','NFK',574),(151,'NORTHERN MARIANA ISLANDS','MP','Northern Mariana Islands','MNP',580),(152,'NORWAY','NO','Norway','NOR',578),(153,'OMAN','OM','Oman','OMN',512),(154,'PAKISTAN','PK','Pakistan','PAK',586),(155,'PALAU','PW','Palau','PLW',585),(156,'PANAMA','PA','Panama','PAN',591),(157,'PAPUA NEW GUINEA','PG','Papua New Guinea','PNG',598),(158,'PARAGUAY','PY','Paraguay','PRY',600),(159,'PERU','PE','Peru','PER',604),(160,'PHILIPPINES','PH','Philippines','PHL',608),(161,'PITCAIRN','PN','Pitcairn','PCN',612),(162,'POLAND','PL','Poland','POL',616),(163,'PORTUGAL','PT','Portugal','PRT',620),(164,'PUERTO RICO','PR','Puerto Rico','PRI',630),(165,'QATAR','QA','Qatar','QAT',634),(166,'REUNION','RE','Reunion','REU',638),(167,'ROMANIA','RO','Romania','ROM',642),(168,'RUSSIAN FEDERATION','RU','Russian Federation','RUS',643),(169,'RWANDA','RW','Rwanda','RWA',646),(170,'SAINT HELENA','SH','Saint Helena','SHN',654),(171,'SAINT KITTS AND NEVIS','KN','Saint Kitts and Nevis','KNA',659),(172,'SAINT LUCIA','LC','Saint Lucia','LCA',662),(173,'SAINT PIERRE AND MIQUELON','PM','Saint Pierre and Miquelon','SPM',666),(174,'SAINT VINCENT AND THE GRENADINES','VC','Saint Vincent and the Grenadines','VCT',670),(175,'SAMOA','WS','Samoa','WSM',882),(176,'SAN MARINO','SM','San Marino','SMR',674),(177,'SAO TOME AND PRINCIPE','ST','Sao Tome and Principe','STP',678),(178,'SAUDI ARABIA','SA','Saudi Arabia','SAU',682),(179,'SENEGAL','SN','Senegal','SEN',686),(180,'SEYCHELLES','SC','Seychelles','SYC',690),(181,'SIERRA LEONE','SL','Sierra Leone','SLE',694),(182,'SINGAPORE','SG','Singapore','SGP',702),(183,'SLOVAKIA','SK','Slovakia','SVK',703),(184,'SLOVENIA','SI','Slovenia','SVN',705),(185,'SOLOMON ISLANDS','SB','Solomon Islands','SLB',90),(186,'SOMALIA','SO','Somalia','SOM',706),(187,'SOUTH AFRICA','ZA','South Africa','ZAF',710),(188,'SPAIN','ES','Spain','ESP',724),(189,'SRI LANKA','LK','Sri Lanka','LKA',144),(190,'SUDAN','SD','Sudan','SDN',736),(191,'SURINAME','SR','Suriname','SUR',740),(192,'SVALBARD AND JAN MAYEN','SJ','Svalbard and Jan Mayen','SJM',744),(193,'SWAZILAND','SZ','Swaziland','SWZ',748),(194,'SWEDEN','SE','Sweden','SWE',752),(195,'SWITZERLAND','CH','Switzerland','CHE',756),(196,'SYRIAN ARAB REPUBLIC','SY','Syrian Arab Republic','SYR',760),(197,'TAIWAN, PROVINCE OF CHINA','TW','Taiwan','TWN',158),(198,'TAJIKISTAN','TJ','Tajikistan','TJK',762),(199,'TANZANIA, UNITED REPUBLIC OF','TZ','Tanzania, United Republic of','TZA',834),(200,'THAILAND','TH','Thailand','THA',764),(201,'TOGO','TG','Togo','TGO',768),(202,'TOKELAU','TK','Tokelau','TKL',772),(203,'TONGA','TO','Tonga','TON',776),(204,'TRINIDAD AND TOBAGO','TT','Trinidad and Tobago','TTO',780),(205,'TUNISIA','TN','Tunisia','TUN',788),(206,'TURKEY','TR','Turkey','TUR',792),(207,'TURKMENISTAN','TM','Turkmenistan','TKM',795),(208,'TURKS AND CAICOS ISLANDS','TC','Turks and Caicos Islands','TCA',796),(209,'TUVALU','TV','Tuvalu','TUV',798),(210,'UGANDA','UG','Uganda','UGA',800),(211,'UKRAINE','UA','Ukraine','UKR',804),(212,'UNITED ARAB EMIRATES','AE','United Arab Emirates','ARE',784),(213,'UNITED KINGDOM','GB','United Kingdom','GBR',826),(214,'UNITED STATES','US','United States','USA',840),(215,'URUGUAY','UY','Uruguay','URY',858),(216,'UZBEKISTAN','UZ','Uzbekistan','UZB',860),(217,'VANUATU','VU','Vanuatu','VUT',548),(218,'VENEZUELA','VE','Venezuela','VEN',862),(219,'VIET NAM','VN','Viet Nam','VNM',704),(220,'VIRGIN ISLANDS, BRITISH','VG','Virgin Islands, British','VGB',92),(221,'VIRGIN ISLANDS, U.S.','VI','Virgin Islands, U.S.','VIR',850),(222,'WALLIS AND FUTUNA','WF','Wallis and Futuna','WLF',876),(223,'WESTERN SAHARA','EH','Western Sahara','ESH',732),(224,'YEMEN','YE','Yemen','YEM',887),(225,'ZAMBIA','ZM','Zambia','ZMB',894),(226,'ZIMBABWE','ZW','Zimbabwe','ZWE',716);
/*!40000 ALTER TABLE `countries` ENABLE KEYS */;
UNLOCK TABLES;

--
-- Table structure for table `creditcards`
--

DROP TABLE IF EXISTS `creditcards`;
/*!40101 SET @saved_cs_client     = @@character_set_client */;
/*!40101 SET character_set_client = utf8 */;
CREATE TABLE `creditcards` (
  `id` int(11) NOT NULL AUTO_INCREMENT,
  `month` varchar(255) COLLATE utf8_unicode_ci DEFAULT NULL,
  `year` varchar(255) COLLATE utf8_unicode_ci DEFAULT NULL,
  `cc_type` varchar(255) COLLATE utf8_unicode_ci DEFAULT NULL,
  `last_digits` varchar(255) COLLATE utf8_unicode_ci DEFAULT NULL,
  `first_name` varchar(255) COLLATE utf8_unicode_ci DEFAULT NULL,
  `last_name` varchar(255) COLLATE utf8_unicode_ci DEFAULT NULL,
  `created_at` datetime DEFAULT NULL,
  `updated_at` datetime DEFAULT NULL,
  `start_month` varchar(255) COLLATE utf8_unicode_ci DEFAULT NULL,
  `start_year` varchar(255) COLLATE utf8_unicode_ci DEFAULT NULL,
  `issue_number` varchar(255) COLLATE utf8_unicode_ci DEFAULT NULL,
  `address_id` int(11) DEFAULT NULL,
  `gateway_customer_profile_id` varchar(255) COLLATE utf8_unicode_ci DEFAULT NULL,
  `gateway_payment_profile_id` varchar(255) COLLATE utf8_unicode_ci DEFAULT NULL,
  PRIMARY KEY (`id`)
) ENGINE=InnoDB AUTO_INCREMENT=106 DEFAULT CHARSET=utf8 COLLATE=utf8_unicode_ci;
/*!40101 SET character_set_client = @saved_cs_client */;

--
-- Dumping data for table `creditcards`
--

LOCK TABLES `creditcards` WRITE;
/*!40000 ALTER TABLE `creditcards` DISABLE KEYS */;
INSERT INTO `creditcards` VALUES (1,'12','2014','visa','1111','Sean','Schofield','2011-08-24 20:20:53','2011-08-24 20:20:53',NULL,NULL,NULL,NULL,'BGS-1234',NULL),(2,'12','2014','visa','1111','Sean','Schofield','2011-08-24 20:20:53','2011-08-24 20:20:53',NULL,NULL,NULL,NULL,'BGS-1234',NULL),(3,'12','2014','visa','1111','Sean','Schofield','2011-08-24 20:20:53','2011-08-24 20:20:53',NULL,NULL,NULL,NULL,'BGS-1234',NULL),(4,'12','2014','visa','1111','Sean','Schofield','2011-08-24 20:20:53','2011-08-24 20:20:53',NULL,NULL,NULL,NULL,'BGS-1234',NULL),(5,'12','2014','visa','1111','Sean','Schofield','2011-08-24 20:20:53','2011-08-24 20:20:53',NULL,NULL,NULL,NULL,'BGS-1234',NULL),(6,'12','2014','visa','1111','Sean','Schofield','2011-08-24 20:20:53','2011-08-24 20:20:53',NULL,NULL,NULL,NULL,'BGS-1234',NULL),(7,'12','2014','visa','1111','Sean','Schofield','2011-08-24 20:20:53','2011-08-24 20:20:53',NULL,NULL,NULL,NULL,'BGS-1234',NULL),(8,'12','2014','visa','1111','Sean','Schofield','2011-08-24 20:20:53','2011-08-24 20:20:53',NULL,NULL,NULL,NULL,'BGS-1234',NULL),(9,'12','2014','visa','1111','Sean','Schofield','2011-08-24 20:20:53','2011-08-24 20:20:53',NULL,NULL,NULL,NULL,'BGS-1234',NULL),(10,'12','2014','visa','1111','Sean','Schofield','2011-08-24 20:20:53','2011-08-24 20:20:53',NULL,NULL,NULL,NULL,'BGS-1234',NULL),(11,'12','2014','visa','1111','Sean','Schofield','2011-08-24 20:20:53','2011-08-24 20:20:53',NULL,NULL,NULL,NULL,'BGS-1234',NULL),(12,'12','2014','visa','1111','Sean','Schofield','2011-08-24 20:20:53','2011-08-24 20:20:53',NULL,NULL,NULL,NULL,'BGS-1234',NULL),(13,'12','2014','visa','1111','Sean','Schofield','2011-08-24 20:20:53','2011-08-24 20:20:53',NULL,NULL,NULL,NULL,'BGS-1234',NULL),(14,'12','2014','visa','1111','Sean','Schofield','2011-08-24 20:20:53','2011-08-24 20:20:53',NULL,NULL,NULL,NULL,'BGS-1234',NULL),(15,'12','2014','visa','1111','Sean','Schofield','2011-08-24 20:20:53','2011-08-24 20:20:53',NULL,NULL,NULL,NULL,'BGS-1234',NULL),(16,'12','2014','visa','1111','Sean','Schofield','2011-08-24 20:20:53','2011-08-24 20:20:53',NULL,NULL,NULL,NULL,'BGS-1234',NULL),(17,'12','2014','visa','1111','Sean','Schofield','2011-08-24 20:20:53','2011-08-24 20:20:53',NULL,NULL,NULL,NULL,'BGS-1234',NULL),(18,'12','2014','visa','1111','Sean','Schofield','2011-08-24 20:20:53','2011-08-24 20:20:53',NULL,NULL,NULL,NULL,'BGS-1234',NULL),(19,'12','2014','visa','1111','Sean','Schofield','2011-08-24 20:20:53','2011-08-24 20:20:53',NULL,NULL,NULL,NULL,'BGS-1234',NULL),(20,'12','2014','visa','1111','Sean','Schofield','2011-08-24 20:20:53','2011-08-24 20:20:53',NULL,NULL,NULL,NULL,'BGS-1234',NULL),(21,'12','2014','visa','1111','Sean','Schofield','2011-08-24 20:20:53','2011-08-24 20:20:53',NULL,NULL,NULL,NULL,'BGS-1234',NULL),(22,'12','2014','visa','1111','Sean','Schofield','2011-08-24 20:20:53','2011-08-24 20:20:53',NULL,NULL,NULL,NULL,'BGS-1234',NULL),(23,'12','2014','visa','1111','Sean','Schofield','2011-08-24 20:20:53','2011-08-24 20:20:53',NULL,NULL,NULL,NULL,'BGS-1234',NULL),(24,'12','2014','visa','1111','Sean','Schofield','2011-08-24 20:20:53','2011-08-24 20:20:53',NULL,NULL,NULL,NULL,'BGS-1234',NULL),(25,'12','2014','visa','1111','Sean','Schofield','2011-08-24 20:20:53','2011-08-24 20:20:53',NULL,NULL,NULL,NULL,'BGS-1234',NULL),(26,'12','2014','visa','1111','Sean','Schofield','2011-08-24 20:20:53','2011-08-24 20:20:53',NULL,NULL,NULL,NULL,'BGS-1234',NULL),(27,'12','2014','visa','1111','Sean','Schofield','2011-08-24 20:20:53','2011-08-24 20:20:53',NULL,NULL,NULL,NULL,'BGS-1234',NULL),(28,'12','2014','visa','1111','Sean','Schofield','2011-08-24 20:20:53','2011-08-24 20:20:53',NULL,NULL,NULL,NULL,'BGS-1234',NULL),(29,'12','2014','visa','1111','Sean','Schofield','2011-08-24 20:20:53','2011-08-24 20:20:53',NULL,NULL,NULL,NULL,'BGS-1234',NULL),(30,'12','2014','visa','1111','Sean','Schofield','2011-08-24 20:20:53','2011-08-24 20:20:53',NULL,NULL,NULL,NULL,'BGS-1234',NULL),(31,'12','2014','visa','1111','Sean','Schofield','2011-08-24 20:20:53','2011-08-24 20:20:53',NULL,NULL,NULL,NULL,'BGS-1234',NULL),(32,'12','2014','visa','1111','Sean','Schofield','2011-08-24 20:20:53','2011-08-24 20:20:53',NULL,NULL,NULL,NULL,'BGS-1234',NULL),(33,'12','2014','visa','1111','Sean','Schofield','2011-08-24 20:20:53','2011-08-24 20:20:53',NULL,NULL,NULL,NULL,'BGS-1234',NULL),(34,'12','2014','visa','1111','Sean','Schofield','2011-08-24 20:20:53','2011-08-24 20:20:53',NULL,NULL,NULL,NULL,'BGS-1234',NULL),(35,'12','2014','visa','1111','Sean','Schofield','2011-08-24 20:20:53','2011-08-24 20:20:53',NULL,NULL,NULL,NULL,'BGS-1234',NULL),(36,'12','2014','visa','1111','Sean','Schofield','2011-08-24 20:20:53','2011-08-24 20:20:53',NULL,NULL,NULL,NULL,'BGS-1234',NULL),(37,'12','2014','visa','1111','Sean','Schofield','2011-08-24 20:20:53','2011-08-24 20:20:53',NULL,NULL,NULL,NULL,'BGS-1234',NULL),(38,'12','2014','visa','1111','Sean','Schofield','2011-08-24 20:20:53','2011-08-24 20:20:53',NULL,NULL,NULL,NULL,'BGS-1234',NULL),(39,'12','2014','visa','1111','Sean','Schofield','2011-08-24 20:20:53','2011-08-24 20:20:53',NULL,NULL,NULL,NULL,'BGS-1234',NULL),(40,'12','2014','visa','1111','Sean','Schofield','2011-08-24 20:20:53','2011-08-24 20:20:53',NULL,NULL,NULL,NULL,'BGS-1234',NULL),(41,'12','2014','visa','1111','Sean','Schofield','2011-08-24 20:20:53','2011-08-24 20:20:53',NULL,NULL,NULL,NULL,'BGS-1234',NULL),(42,'12','2014','visa','1111','Sean','Schofield','2011-08-24 20:20:53','2011-08-24 20:20:53',NULL,NULL,NULL,NULL,'BGS-1234',NULL),(43,'12','2014','visa','1111','Sean','Schofield','2011-08-24 20:20:53','2011-08-24 20:20:53',NULL,NULL,NULL,NULL,'BGS-1234',NULL),(44,'12','2014','visa','1111','Sean','Schofield','2011-08-24 20:20:53','2011-08-24 20:20:53',NULL,NULL,NULL,NULL,'BGS-1234',NULL),(45,'12','2014','visa','1111','Sean','Schofield','2011-08-24 20:20:53','2011-08-24 20:20:53',NULL,NULL,NULL,NULL,'BGS-1234',NULL),(46,'12','2014','visa','1111','Sean','Schofield','2011-08-24 20:20:53','2011-08-24 20:20:53',NULL,NULL,NULL,NULL,'BGS-1234',NULL),(47,'12','2014','visa','1111','Sean','Schofield','2011-08-24 20:20:53','2011-08-24 20:20:53',NULL,NULL,NULL,NULL,'BGS-1234',NULL),(48,'12','2014','visa','1111','Sean','Schofield','2011-08-24 20:20:53','2011-08-24 20:20:53',NULL,NULL,NULL,NULL,'BGS-1234',NULL),(49,'12','2014','visa','1111','Sean','Schofield','2011-08-24 20:20:53','2011-08-24 20:20:53',NULL,NULL,NULL,NULL,'BGS-1234',NULL),(50,'12','2014','visa','1111','Sean','Schofield','2011-08-24 20:20:53','2011-08-24 20:20:53',NULL,NULL,NULL,NULL,'BGS-1234',NULL),(51,'12','2014','visa','1111','Sean','Schofield','2011-08-24 20:20:53','2011-08-24 20:20:53',NULL,NULL,NULL,NULL,'BGS-1234',NULL),(52,'12','2014','visa','1111','Sean','Schofield','2011-08-24 20:20:53','2011-08-24 20:20:53',NULL,NULL,NULL,NULL,'BGS-1234',NULL),(53,'12','2014','visa','1111','Sean','Schofield','2011-08-24 20:20:53','2011-08-24 20:20:53',NULL,NULL,NULL,NULL,'BGS-1234',NULL),(54,'12','2014','visa','1111','Sean','Schofield','2011-08-24 20:20:53','2011-08-24 20:20:53',NULL,NULL,NULL,NULL,'BGS-1234',NULL),(55,'12','2014','visa','1111','Sean','Schofield','2011-08-24 20:20:53','2011-08-24 20:20:53',NULL,NULL,NULL,NULL,'BGS-1234',NULL),(56,'12','2014','visa','1111','Sean','Schofield','2011-08-24 20:20:53','2011-08-24 20:20:53',NULL,NULL,NULL,NULL,'BGS-1234',NULL),(57,'12','2014','visa','1111','Sean','Schofield','2011-08-24 20:20:53','2011-08-24 20:20:53',NULL,NULL,NULL,NULL,'BGS-1234',NULL),(58,'12','2014','visa','1111','Sean','Schofield','2011-08-24 20:20:53','2011-08-24 20:20:53',NULL,NULL,NULL,NULL,'BGS-1234',NULL),(59,'12','2014','visa','1111','Sean','Schofield','2011-08-24 20:20:53','2011-08-24 20:20:53',NULL,NULL,NULL,NULL,'BGS-1234',NULL),(60,'12','2014','visa','1111','Sean','Schofield','2011-08-24 20:20:53','2011-08-24 20:20:53',NULL,NULL,NULL,NULL,'BGS-1234',NULL),(61,'12','2014','visa','1111','Sean','Schofield','2011-08-24 20:20:53','2011-08-24 20:20:53',NULL,NULL,NULL,NULL,'BGS-1234',NULL),(62,'12','2014','visa','1111','Sean','Schofield','2011-08-24 20:20:53','2011-08-24 20:20:53',NULL,NULL,NULL,NULL,'BGS-1234',NULL),(63,'12','2014','visa','1111','Sean','Schofield','2011-08-24 20:20:53','2011-08-24 20:20:53',NULL,NULL,NULL,NULL,'BGS-1234',NULL),(64,'12','2014','visa','1111','Sean','Schofield','2011-08-24 20:20:53','2011-08-24 20:20:53',NULL,NULL,NULL,NULL,'BGS-1234',NULL),(65,'12','2014','visa','1111','Sean','Schofield','2011-08-24 20:20:53','2011-08-24 20:20:53',NULL,NULL,NULL,NULL,'BGS-1234',NULL),(66,'12','2014','visa','1111','Sean','Schofield','2011-08-24 20:20:53','2011-08-24 20:20:53',NULL,NULL,NULL,NULL,'BGS-1234',NULL),(67,'12','2014','visa','1111','Sean','Schofield','2011-08-24 20:20:53','2011-08-24 20:20:53',NULL,NULL,NULL,NULL,'BGS-1234',NULL),(68,'12','2014','visa','1111','Sean','Schofield','2011-08-24 20:20:53','2011-08-24 20:20:53',NULL,NULL,NULL,NULL,'BGS-1234',NULL),(69,'12','2014','visa','1111','Sean','Schofield','2011-08-24 20:20:53','2011-08-24 20:20:53',NULL,NULL,NULL,NULL,'BGS-1234',NULL),(70,'12','2014','visa','1111','Sean','Schofield','2011-08-24 20:20:53','2011-08-24 20:20:53',NULL,NULL,NULL,NULL,'BGS-1234',NULL),(71,'12','2014','visa','1111','Sean','Schofield','2011-08-24 20:20:53','2011-08-24 20:20:53',NULL,NULL,NULL,NULL,'BGS-1234',NULL),(72,'12','2014','visa','1111','Sean','Schofield','2011-08-24 20:20:53','2011-08-24 20:20:53',NULL,NULL,NULL,NULL,'BGS-1234',NULL),(73,'12','2014','visa','1111','Sean','Schofield','2011-08-24 20:20:53','2011-08-24 20:20:53',NULL,NULL,NULL,NULL,'BGS-1234',NULL),(74,'12','2014','visa','1111','Sean','Schofield','2011-08-24 20:20:53','2011-08-24 20:20:53',NULL,NULL,NULL,NULL,'BGS-1234',NULL),(75,'12','2014','visa','1111','Sean','Schofield','2011-08-24 20:20:53','2011-08-24 20:20:53',NULL,NULL,NULL,NULL,'BGS-1234',NULL),(76,'12','2014','visa','1111','Sean','Schofield','2011-08-24 20:20:53','2011-08-24 20:20:53',NULL,NULL,NULL,NULL,'BGS-1234',NULL),(77,'12','2014','visa','1111','Sean','Schofield','2011-08-24 20:20:53','2011-08-24 20:20:53',NULL,NULL,NULL,NULL,'BGS-1234',NULL),(78,'12','2014','visa','1111','Sean','Schofield','2011-08-24 20:20:53','2011-08-24 20:20:53',NULL,NULL,NULL,NULL,'BGS-1234',NULL),(79,'12','2014','visa','1111','Sean','Schofield','2011-08-24 20:20:53','2011-08-24 20:20:53',NULL,NULL,NULL,NULL,'BGS-1234',NULL),(80,'12','2014','visa','1111','Sean','Schofield','2011-08-24 20:20:53','2011-08-24 20:20:53',NULL,NULL,NULL,NULL,'BGS-1234',NULL),(81,'12','2014','visa','1111','Sean','Schofield','2011-08-24 20:20:53','2011-08-24 20:20:53',NULL,NULL,NULL,NULL,'BGS-1234',NULL),(82,'12','2014','visa','1111','Sean','Schofield','2011-08-24 20:20:53','2011-08-24 20:20:53',NULL,NULL,NULL,NULL,'BGS-1234',NULL),(83,'12','2014','visa','1111','Sean','Schofield','2011-08-24 20:20:53','2011-08-24 20:20:53',NULL,NULL,NULL,NULL,'BGS-1234',NULL),(84,'12','2014','visa','1111','Sean','Schofield','2011-08-24 20:20:53','2011-08-24 20:20:53',NULL,NULL,NULL,NULL,'BGS-1234',NULL),(85,'12','2014','visa','1111','Sean','Schofield','2011-08-24 20:20:53','2011-08-24 20:20:53',NULL,NULL,NULL,NULL,'BGS-1234',NULL),(86,'12','2014','visa','1111','Sean','Schofield','2011-08-24 20:20:53','2011-08-24 20:20:53',NULL,NULL,NULL,NULL,'BGS-1234',NULL),(87,'12','2014','visa','1111','Sean','Schofield','2011-08-24 20:20:53','2011-08-24 20:20:53',NULL,NULL,NULL,NULL,'BGS-1234',NULL),(88,'12','2014','visa','1111','Sean','Schofield','2011-08-24 20:20:53','2011-08-24 20:20:53',NULL,NULL,NULL,NULL,'BGS-1234',NULL),(89,'12','2014','visa','1111','Sean','Schofield','2011-08-24 20:20:53','2011-08-24 20:20:53',NULL,NULL,NULL,NULL,'BGS-1234',NULL),(90,'12','2014','visa','1111','Sean','Schofield','2011-08-24 20:20:53','2011-08-24 20:20:53',NULL,NULL,NULL,NULL,'BGS-1234',NULL),(91,'12','2014','visa','1111','Sean','Schofield','2011-08-24 20:20:53','2011-08-24 20:20:53',NULL,NULL,NULL,NULL,'BGS-1234',NULL),(92,'12','2014','visa','1111','Sean','Schofield','2011-08-24 20:20:53','2011-08-24 20:20:53',NULL,NULL,NULL,NULL,'BGS-1234',NULL),(93,'12','2014','visa','1111','Sean','Schofield','2011-08-24 20:20:53','2011-08-24 20:20:53',NULL,NULL,NULL,NULL,'BGS-1234',NULL),(94,'12','2014','visa','1111','Sean','Schofield','2011-08-24 20:20:53','2011-08-24 20:20:53',NULL,NULL,NULL,NULL,'BGS-1234',NULL),(95,'12','2014','visa','1111','Sean','Schofield','2011-08-24 20:20:53','2011-08-24 20:20:53',NULL,NULL,NULL,NULL,'BGS-1234',NULL),(96,'12','2014','visa','1111','Sean','Schofield','2011-08-24 20:20:53','2011-08-24 20:20:53',NULL,NULL,NULL,NULL,'BGS-1234',NULL),(97,'12','2014','visa','1111','Sean','Schofield','2011-08-24 20:20:53','2011-08-24 20:20:53',NULL,NULL,NULL,NULL,'BGS-1234',NULL),(98,'12','2014','visa','1111','Sean','Schofield','2011-08-24 20:20:53','2011-08-24 20:20:53',NULL,NULL,NULL,NULL,'BGS-1234',NULL),(99,'12','2014','visa','1111','Sean','Schofield','2011-08-24 20:20:53','2011-08-24 20:20:53',NULL,NULL,NULL,NULL,'BGS-1234',NULL),(100,'12','2014','visa','1111','Sean','Schofield','2011-08-24 20:20:53','2011-08-24 20:20:53',NULL,NULL,NULL,NULL,'BGS-1234',NULL),(101,'12','2014','visa','1111','Sean','Schofield','2011-08-24 20:20:53','2011-08-24 20:20:53',NULL,NULL,NULL,NULL,'BGS-1234',NULL),(102,'5','2012',NULL,'1111','Muhammad Sannan','Khalid','2011-08-27 17:06:58','2011-08-27 17:06:58',NULL,NULL,NULL,NULL,NULL,NULL),(103,'5','2012',NULL,'1111','Muhammad Sannan','Khalid','2011-08-27 17:07:39','2011-08-27 17:07:39',NULL,NULL,NULL,NULL,NULL,NULL),(104,'5','2012',NULL,'5100','Muhammad Sannan','Khalid','2011-08-27 17:10:09','2011-08-27 17:10:09',NULL,NULL,NULL,NULL,NULL,NULL),(105,'7','2016',NULL,'6935','Muhammad Sannan','Khalid','2011-08-27 17:12:03','2011-08-27 17:12:03',NULL,NULL,NULL,NULL,NULL,NULL);
/*!40000 ALTER TABLE `creditcards` ENABLE KEYS */;
UNLOCK TABLES;

--
-- Table structure for table `gateways`
--

DROP TABLE IF EXISTS `gateways`;
/*!40101 SET @saved_cs_client     = @@character_set_client */;
/*!40101 SET character_set_client = utf8 */;
CREATE TABLE `gateways` (
  `id` int(11) NOT NULL AUTO_INCREMENT,
  `type` varchar(255) COLLATE utf8_unicode_ci DEFAULT NULL,
  `name` varchar(255) COLLATE utf8_unicode_ci DEFAULT NULL,
  `description` text COLLATE utf8_unicode_ci,
  `active` tinyint(1) DEFAULT '1',
  `environment` varchar(255) COLLATE utf8_unicode_ci DEFAULT 'development',
  `server` varchar(255) COLLATE utf8_unicode_ci DEFAULT 'test',
  `test_mode` tinyint(1) DEFAULT '1',
  `created_at` datetime DEFAULT NULL,
  `updated_at` datetime DEFAULT NULL,
  PRIMARY KEY (`id`)
) ENGINE=InnoDB DEFAULT CHARSET=utf8 COLLATE=utf8_unicode_ci;
/*!40101 SET character_set_client = @saved_cs_client */;

--
-- Dumping data for table `gateways`
--

LOCK TABLES `gateways` WRITE;
/*!40000 ALTER TABLE `gateways` DISABLE KEYS */;
/*!40000 ALTER TABLE `gateways` ENABLE KEYS */;
UNLOCK TABLES;

--
-- Table structure for table `inventory_units`
--

DROP TABLE IF EXISTS `inventory_units`;
/*!40101 SET @saved_cs_client     = @@character_set_client */;
/*!40101 SET character_set_client = utf8 */;
CREATE TABLE `inventory_units` (
  `id` int(11) NOT NULL AUTO_INCREMENT,
  `variant_id` int(11) DEFAULT NULL,
  `order_id` int(11) DEFAULT NULL,
  `state` varchar(255) COLLATE utf8_unicode_ci DEFAULT NULL,
  `lock_version` int(11) DEFAULT '0',
  `created_at` datetime DEFAULT NULL,
  `updated_at` datetime DEFAULT NULL,
  `shipment_id` int(11) DEFAULT NULL,
  `return_authorization_id` int(11) DEFAULT NULL,
  PRIMARY KEY (`id`),
  KEY `index_inventory_units_on_variant_id` (`variant_id`),
  KEY `index_inventory_units_on_order_id` (`order_id`),
  KEY `index_inventory_units_on_shipment_id` (`shipment_id`)
) ENGINE=InnoDB AUTO_INCREMENT=501 DEFAULT CHARSET=utf8 COLLATE=utf8_unicode_ci;
/*!40101 SET character_set_client = @saved_cs_client */;

--
-- Dumping data for table `inventory_units`
--

LOCK TABLES `inventory_units` WRITE;
/*!40000 ALTER TABLE `inventory_units` DISABLE KEYS */;
INSERT INTO `inventory_units` VALUES (1,215054540,146573512,'sold',0,'2011-08-24 20:20:51','2011-08-24 20:20:51',1053020929,NULL),(2,215054540,145680447,'sold',0,'2011-08-24 20:20:51','2011-08-24 20:20:51',1053930492,NULL),(3,52862384,780983247,'sold',0,'2011-08-24 20:20:51','2011-08-24 20:20:51',418611208,NULL),(4,52862384,780983247,'sold',0,'2011-08-24 20:20:51','2011-08-24 20:20:51',418611208,NULL),(5,52862384,780983247,'sold',0,'2011-08-24 20:20:51','2011-08-24 20:20:51',418611208,NULL),(6,52862384,780983247,'sold',0,'2011-08-24 20:20:51','2011-08-24 20:20:51',418611208,NULL),(7,52862384,780983247,'sold',0,'2011-08-24 20:20:51','2011-08-24 20:20:51',418611208,NULL),(8,52862384,780983247,'sold',0,'2011-08-24 20:20:51','2011-08-24 20:20:51',418611208,NULL),(9,52862384,780983247,'sold',0,'2011-08-24 20:20:51','2011-08-24 20:20:51',418611208,NULL),(10,52862384,780983247,'sold',0,'2011-08-24 20:20:51','2011-08-24 20:20:51',418611208,NULL),(11,52862384,780983247,'sold',0,'2011-08-24 20:20:51','2011-08-24 20:20:51',418611208,NULL),(12,215054540,73849921,'sold',0,'2011-08-24 20:20:51','2011-08-24 20:20:51',35341291,NULL),(13,215054540,73849921,'sold',0,'2011-08-24 20:20:51','2011-08-24 20:20:51',35341291,NULL),(14,215054540,73849921,'sold',0,'2011-08-24 20:20:51','2011-08-24 20:20:51',35341291,NULL),(15,215054540,73849921,'sold',0,'2011-08-24 20:20:51','2011-08-24 20:20:51',35341291,NULL),(16,215054540,183664179,'sold',0,'2011-08-24 20:20:51','2011-08-24 20:20:51',1015883258,NULL),(17,405540681,183664179,'sold',0,'2011-08-24 20:20:51','2011-08-24 20:20:51',1015883258,NULL),(18,405540681,183664179,'sold',0,'2011-08-24 20:20:51','2011-08-24 20:20:51',1015883258,NULL),(19,405540681,183664179,'sold',0,'2011-08-24 20:20:51','2011-08-24 20:20:51',1015883258,NULL),(20,215054540,192544832,'sold',0,'2011-08-24 20:20:51','2011-08-24 20:20:51',1023761401,NULL),(21,215054540,192544832,'sold',0,'2011-08-24 20:20:51','2011-08-24 20:20:51',1023761401,NULL),(22,215054540,192544832,'sold',0,'2011-08-24 20:20:51','2011-08-24 20:20:51',1023761401,NULL),(23,215054540,192544832,'sold',0,'2011-08-24 20:20:51','2011-08-24 20:20:51',1023761401,NULL),(24,52862384,790021435,'sold',0,'2011-08-24 20:20:51','2011-08-24 20:20:51',426352382,NULL),(25,52862384,790021435,'sold',0,'2011-08-24 20:20:51','2011-08-24 20:20:51',426352382,NULL),(26,52862384,790021435,'sold',0,'2011-08-24 20:20:51','2011-08-24 20:20:51',426352382,NULL),(27,52862384,790021435,'sold',0,'2011-08-24 20:20:51','2011-08-24 20:20:51',426352382,NULL),(28,52862384,790021435,'sold',0,'2011-08-24 20:20:51','2011-08-24 20:20:51',426352382,NULL),(29,52862384,790021435,'sold',0,'2011-08-24 20:20:51','2011-08-24 20:20:51',426352382,NULL),(30,52862384,790021435,'sold',0,'2011-08-24 20:20:51','2011-08-24 20:20:51',426352382,NULL),(31,52862384,790021435,'sold',0,'2011-08-24 20:20:51','2011-08-24 20:20:51',426352382,NULL),(32,52862384,790021435,'sold',0,'2011-08-24 20:20:51','2011-08-24 20:20:51',426352382,NULL),(33,52862384,790021435,'sold',0,'2011-08-24 20:20:51','2011-08-24 20:20:51',426352382,NULL),(34,405540681,228571690,'sold',0,'2011-08-24 20:20:51','2011-08-24 20:20:51',1004593649,NULL),(35,215054540,216145139,'sold',0,'2011-08-24 20:20:51','2011-08-24 20:20:51',983385912,NULL),(36,215054540,216145139,'sold',0,'2011-08-24 20:20:51','2011-08-24 20:20:51',983385912,NULL),(37,52862384,702619608,'sold',0,'2011-08-24 20:20:51','2011-08-24 20:20:51',530465809,NULL),(38,52862384,702619608,'sold',0,'2011-08-24 20:20:51','2011-08-24 20:20:51',530465809,NULL),(39,52862384,702619608,'sold',0,'2011-08-24 20:20:51','2011-08-24 20:20:51',530465809,NULL),(40,52862384,702619608,'sold',0,'2011-08-24 20:20:51','2011-08-24 20:20:51',530465809,NULL),(41,52862384,702619608,'sold',0,'2011-08-24 20:20:51','2011-08-24 20:20:51',530465809,NULL),(42,215054540,228571690,'sold',0,'2011-08-24 20:20:51','2011-08-24 20:20:51',1004593649,NULL),(43,215054540,239817259,'sold',0,'2011-08-24 20:20:51','2011-08-24 20:20:51',942934510,NULL),(44,215054540,239817259,'sold',0,'2011-08-24 20:20:51','2011-08-24 20:20:51',942934510,NULL),(45,215054540,239817259,'sold',0,'2011-08-24 20:20:51','2011-08-24 20:20:51',942934510,NULL),(46,599112055,906884218,'sold',0,'2011-08-24 20:20:51','2011-08-24 20:20:51',7516093,NULL),(47,215054540,265374943,'sold',0,'2011-08-24 20:20:51','2011-08-24 20:20:51',967710488,NULL),(48,215054540,264449064,'sold',0,'2011-08-24 20:20:51','2011-08-24 20:20:51',968652773,NULL),(49,504220342,330565047,'sold',0,'2011-08-24 20:20:51','2011-08-24 20:20:51',365533797,NULL),(50,504220342,330565047,'sold',0,'2011-08-24 20:20:51','2011-08-24 20:20:51',365533797,NULL),(51,504220342,335228811,'sold',0,'2011-08-24 20:20:51','2011-08-24 20:20:51',629437518,NULL),(52,215054540,9493021,'sold',0,'2011-08-24 20:20:51','2011-08-24 20:20:51',921666016,NULL),(53,215054540,9493021,'sold',0,'2011-08-24 20:20:51','2011-08-24 20:20:51',921666016,NULL),(54,215054540,9493021,'sold',0,'2011-08-24 20:20:51','2011-08-24 20:20:51',921666016,NULL),(55,215054540,9493021,'sold',0,'2011-08-24 20:20:51','2011-08-24 20:20:51',921666016,NULL),(56,215054540,8567520,'sold',0,'2011-08-24 20:20:51','2011-08-24 20:20:51',922607911,NULL),(57,215054540,17482993,'sold',0,'2011-08-24 20:20:51','2011-08-24 20:20:51',930455338,NULL),(58,215054540,17482993,'sold',0,'2011-08-24 20:20:51','2011-08-24 20:20:51',930455338,NULL),(59,215054540,17482993,'sold',0,'2011-08-24 20:20:51','2011-08-24 20:20:51',930455338,NULL),(60,215054540,17482993,'sold',0,'2011-08-24 20:20:51','2011-08-24 20:20:51',930455338,NULL),(61,599112055,953580620,'sold',0,'2011-08-24 20:20:51','2011-08-24 20:20:51',245966735,NULL),(62,52862384,648055060,'sold',0,'2011-08-24 20:20:51','2011-08-24 20:20:51',283103959,NULL),(63,52862384,648055060,'sold',0,'2011-08-24 20:20:51','2011-08-24 20:20:51',283103959,NULL),(64,215054540,37328065,'sold',0,'2011-08-24 20:20:51','2011-08-24 20:20:51',877055750,NULL),(65,215054540,37328065,'sold',0,'2011-08-24 20:20:51','2011-08-24 20:20:51',877055750,NULL),(66,215054540,37328065,'sold',0,'2011-08-24 20:20:51','2011-08-24 20:20:51',877055750,NULL),(67,215054540,37328065,'sold',0,'2011-08-24 20:20:51','2011-08-24 20:20:51',877055750,NULL),(68,215054540,36435006,'sold',0,'2011-08-24 20:20:51','2011-08-24 20:20:51',877965311,NULL),(69,215054540,36435006,'sold',0,'2011-08-24 20:20:51','2011-08-24 20:20:51',877965311,NULL),(70,215054540,36435006,'sold',0,'2011-08-24 20:20:51','2011-08-24 20:20:51',877965311,NULL),(71,215054540,36435006,'sold',0,'2011-08-24 20:20:51','2011-08-24 20:20:51',877965311,NULL),(72,215054540,48114926,'sold',0,'2011-08-24 20:20:51','2011-08-24 20:20:51',882997035,NULL),(73,215054540,48114926,'sold',0,'2011-08-24 20:20:51','2011-08-24 20:20:51',882997035,NULL),(74,215054540,48114926,'sold',0,'2011-08-24 20:20:51','2011-08-24 20:20:51',882997035,NULL),(75,215054540,46943257,'sold',0,'2011-08-24 20:20:51','2011-08-24 20:20:51',884152274,NULL),(76,215054540,46943257,'sold',0,'2011-08-24 20:20:51','2011-08-24 20:20:51',884152274,NULL),(77,215054540,231772182,'sold',0,'2011-08-24 20:20:51','2011-08-24 20:20:51',195891138,NULL),(78,599112055,983075517,'sold',0,'2011-08-24 20:20:51','2011-08-24 20:20:51',216519034,NULL),(79,599112055,983075517,'sold',0,'2011-08-24 20:20:51','2011-08-24 20:20:51',216519034,NULL),(80,599112055,983075517,'sold',0,'2011-08-24 20:20:51','2011-08-24 20:20:51',216519034,NULL),(81,599112055,1039486630,'sold',0,'2011-08-24 20:20:51','2011-08-24 20:20:51',193598819,NULL),(82,599112055,1039486630,'sold',0,'2011-08-24 20:20:51','2011-08-24 20:20:51',193598819,NULL),(83,599112055,1039486630,'sold',0,'2011-08-24 20:20:51','2011-08-24 20:20:51',193598819,NULL),(84,52862384,542594049,'sold',0,'2011-08-24 20:20:51','2011-08-24 20:20:51',371722298,NULL),(85,52862384,542594049,'sold',0,'2011-08-24 20:20:51','2011-08-24 20:20:51',371722298,NULL),(86,52862384,542594049,'sold',0,'2011-08-24 20:20:51','2011-08-24 20:20:51',371722298,NULL),(87,52862384,542594049,'sold',0,'2011-08-24 20:20:51','2011-08-24 20:20:51',371722298,NULL),(88,52862384,542594049,'sold',0,'2011-08-24 20:20:51','2011-08-24 20:20:51',371722298,NULL),(89,52862384,542594049,'sold',0,'2011-08-24 20:20:51','2011-08-24 20:20:51',371722298,NULL),(90,215054540,89411802,'sold',0,'2011-08-24 20:20:51','2011-08-24 20:20:51',858458911,NULL),(91,215054540,89411802,'sold',0,'2011-08-24 20:20:51','2011-08-24 20:20:51',858458911,NULL),(92,215054540,88485925,'sold',0,'2011-08-24 20:20:51','2011-08-24 20:20:51',859401190,NULL),(93,215054540,88485925,'sold',0,'2011-08-24 20:20:51','2011-08-24 20:20:51',859401190,NULL),(94,215054540,88485925,'sold',0,'2011-08-24 20:20:51','2011-08-24 20:20:51',859401190,NULL),(95,215054540,88485925,'sold',0,'2011-08-24 20:20:51','2011-08-24 20:20:51',859401190,NULL),(96,52862384,567102733,'sold',0,'2011-08-24 20:20:51','2011-08-24 20:20:51',397547216,NULL),(97,52862384,567102733,'sold',0,'2011-08-24 20:20:51','2011-08-24 20:20:51',397547216,NULL),(98,52862384,567102733,'sold',0,'2011-08-24 20:20:51','2011-08-24 20:20:51',397547216,NULL),(99,52862384,567102733,'sold',0,'2011-08-24 20:20:51','2011-08-24 20:20:51',397547216,NULL),(100,215054540,95676661,'sold',0,'2011-08-24 20:20:51','2011-08-24 20:20:51',869053234,NULL),(101,215054540,95676661,'sold',0,'2011-08-24 20:20:51','2011-08-24 20:20:51',869053234,NULL),(102,215054540,95676661,'sold',0,'2011-08-24 20:20:51','2011-08-24 20:20:51',869053234,NULL),(103,215054540,94472210,'sold',0,'2011-08-24 20:20:51','2011-08-24 20:20:51',870241227,NULL),(104,215054540,94472210,'sold',0,'2011-08-24 20:20:51','2011-08-24 20:20:51',870241227,NULL),(105,215054540,94472210,'sold',0,'2011-08-24 20:20:51','2011-08-24 20:20:51',870241227,NULL),(106,215054540,94472210,'sold',0,'2011-08-24 20:20:51','2011-08-24 20:20:51',870241227,NULL),(107,599112055,1069267029,'sold',0,'2011-08-24 20:20:51','2011-08-24 20:20:51',163898264,NULL),(108,599112055,1069267029,'sold',0,'2011-08-24 20:20:51','2011-08-24 20:20:51',163898264,NULL),(109,599112055,1069267029,'sold',0,'2011-08-24 20:20:51','2011-08-24 20:20:51',163898264,NULL),(110,215054540,134028804,'sold',0,'2011-08-24 20:20:51','2011-08-24 20:20:51',830621127,NULL),(111,215054540,134028804,'sold',0,'2011-08-24 20:20:51','2011-08-24 20:20:51',830621127,NULL),(112,215054540,134028804,'sold',0,'2011-08-24 20:20:51','2011-08-24 20:20:51',830621127,NULL),(113,215054540,134028804,'sold',0,'2011-08-24 20:20:51','2011-08-24 20:20:51',830621127,NULL),(114,215054540,133136121,'sold',0,'2011-08-24 20:20:51','2011-08-24 20:20:51',831530304,NULL),(115,504220342,349815214,'sold',0,'2011-08-24 20:20:51','2011-08-24 20:20:51',312761982,NULL),(116,504220342,349815214,'sold',0,'2011-08-24 20:20:51','2011-08-24 20:20:51',312761982,NULL),(117,215054540,403830194,'sold',0,'2011-08-24 20:20:51','2011-08-24 20:20:51',779005547,NULL),(118,215054540,403830194,'sold',0,'2011-08-24 20:20:51','2011-08-24 20:20:51',779005547,NULL),(119,599112055,567102733,'sold',0,'2011-08-24 20:20:51','2011-08-24 20:20:51',397547216,NULL),(120,599112055,567102733,'sold',0,'2011-08-24 20:20:51','2011-08-24 20:20:51',397547216,NULL),(121,599112055,567102733,'sold',0,'2011-08-24 20:20:51','2011-08-24 20:20:51',397547216,NULL),(122,599112055,568274416,'sold',0,'2011-08-24 20:20:51','2011-08-24 20:20:51',396391991,NULL),(123,215054540,429493153,'sold',0,'2011-08-24 20:20:51','2011-08-24 20:20:51',803655784,NULL),(124,215054540,429493153,'sold',0,'2011-08-24 20:20:51','2011-08-24 20:20:51',803655784,NULL),(125,215054540,429493153,'sold',0,'2011-08-24 20:20:51','2011-08-24 20:20:51',803655784,NULL),(126,215054540,428600156,'sold',0,'2011-08-24 20:20:51','2011-08-24 20:20:51',804565151,NULL),(127,215054540,428600156,'sold',0,'2011-08-24 20:20:51','2011-08-24 20:20:51',804565151,NULL),(128,215054540,349815214,'sold',0,'2011-08-24 20:20:51','2011-08-24 20:20:51',312761982,NULL),(129,599112055,596761353,'sold',0,'2011-08-24 20:20:51','2011-08-24 20:20:51',367952066,NULL),(130,599112055,596761353,'sold',0,'2011-08-24 20:20:51','2011-08-24 20:20:51',367952066,NULL),(131,599112055,596761353,'sold',0,'2011-08-24 20:20:51','2011-08-24 20:20:51',367952066,NULL),(132,52862384,1068095656,'sold',0,'2011-08-24 20:20:51','2011-08-24 20:20:51',165053295,NULL),(133,52862384,1068095656,'sold',0,'2011-08-24 20:20:51','2011-08-24 20:20:51',165053295,NULL),(134,52862384,1068095656,'sold',0,'2011-08-24 20:20:51','2011-08-24 20:20:51',165053295,NULL),(135,52862384,1068095656,'sold',0,'2011-08-24 20:20:51','2011-08-24 20:20:51',165053295,NULL),(136,52862384,1068095656,'sold',0,'2011-08-24 20:20:51','2011-08-24 20:20:51',165053295,NULL),(137,52862384,1068095656,'sold',0,'2011-08-24 20:20:51','2011-08-24 20:20:51',165053295,NULL),(138,52862384,1068095656,'sold',0,'2011-08-24 20:20:51','2011-08-24 20:20:51',165053295,NULL),(139,215054540,456181117,'sold',0,'2011-08-24 20:20:51','2011-08-24 20:20:51',760192702,NULL),(140,215054540,456181117,'sold',0,'2011-08-24 20:20:51','2011-08-24 20:20:51',760192702,NULL),(141,215054540,456181117,'sold',0,'2011-08-24 20:20:51','2011-08-24 20:20:51',760192702,NULL),(142,215054540,456181117,'sold',0,'2011-08-24 20:20:51','2011-08-24 20:20:51',760192702,NULL),(143,215054540,455255426,'sold',0,'2011-08-24 20:20:51','2011-08-24 20:20:51',761134663,NULL),(144,215054540,455255426,'sold',0,'2011-08-24 20:20:51','2011-08-24 20:20:51',761134663,NULL),(145,215054540,455255426,'sold',0,'2011-08-24 20:20:51','2011-08-24 20:20:51',761134663,NULL),(146,215054540,455255426,'sold',0,'2011-08-24 20:20:51','2011-08-24 20:20:51',761134663,NULL),(147,215054540,467107162,'sold',0,'2011-08-24 20:20:51','2011-08-24 20:20:51',765994643,NULL),(148,215054540,467107162,'sold',0,'2011-08-24 20:20:51','2011-08-24 20:20:51',765994643,NULL),(149,215054540,467107162,'sold',0,'2011-08-24 20:20:51','2011-08-24 20:20:51',765994643,NULL),(150,215054540,467107162,'sold',0,'2011-08-24 20:20:51','2011-08-24 20:20:51',765994643,NULL),(151,215054540,465903021,'sold',0,'2011-08-24 20:20:51','2011-08-24 20:20:51',767182442,NULL),(152,215054540,465903021,'sold',0,'2011-08-24 20:20:51','2011-08-24 20:20:51',767182442,NULL),(153,215054540,475857254,'sold',0,'2011-08-24 20:20:52','2011-08-24 20:20:52',706894503,NULL),(154,215054540,474964377,'sold',0,'2011-08-24 20:20:52','2011-08-24 20:20:52',707803742,NULL),(155,215054540,474964377,'sold',0,'2011-08-24 20:20:52','2011-08-24 20:20:52',707803742,NULL),(156,215054540,474964377,'sold',0,'2011-08-24 20:20:52','2011-08-24 20:20:52',707803742,NULL),(157,52862384,952376497,'sold',0,'2011-08-24 20:20:52','2011-08-24 20:20:52',247154552,NULL),(158,52862384,952376497,'sold',0,'2011-08-24 20:20:52','2011-08-24 20:20:52',247154552,NULL),(159,52862384,952376497,'sold',0,'2011-08-24 20:20:52','2011-08-24 20:20:52',247154552,NULL),(160,52862384,952376497,'sold',0,'2011-08-24 20:20:52','2011-08-24 20:20:52',247154552,NULL),(161,52862384,952376497,'sold',0,'2011-08-24 20:20:52','2011-08-24 20:20:52',247154552,NULL),(162,52862384,952376497,'sold',0,'2011-08-24 20:20:52','2011-08-24 20:20:52',247154552,NULL),(163,52862384,952376497,'sold',0,'2011-08-24 20:20:52','2011-08-24 20:20:52',247154552,NULL),(164,52862384,952376497,'sold',0,'2011-08-24 20:20:52','2011-08-24 20:20:52',247154552,NULL),(165,405540681,488679357,'sold',0,'2011-08-24 20:20:52','2011-08-24 20:20:52',727710848,NULL),(166,405540681,488679357,'sold',0,'2011-08-24 20:20:52','2011-08-24 20:20:52',727710848,NULL),(167,405540681,488679357,'sold',0,'2011-08-24 20:20:52','2011-08-24 20:20:52',727710848,NULL),(168,215054540,481999185,'sold',0,'2011-08-24 20:20:52','2011-08-24 20:20:52',717611658,NULL),(169,215054540,481999185,'sold',0,'2011-08-24 20:20:52','2011-08-24 20:20:52',717611658,NULL),(170,215054540,481999185,'sold',0,'2011-08-24 20:20:52','2011-08-24 20:20:52',717611658,NULL),(171,215054540,481999185,'sold',0,'2011-08-24 20:20:52','2011-08-24 20:20:52',717611658,NULL),(172,215054540,480827830,'sold',0,'2011-08-24 20:20:52','2011-08-24 20:20:52',718766707,NULL),(173,215054540,480827830,'sold',0,'2011-08-24 20:20:52','2011-08-24 20:20:52',718766707,NULL),(174,215054540,480827830,'sold',0,'2011-08-24 20:20:52','2011-08-24 20:20:52',718766707,NULL),(175,215054540,330565047,'sold',0,'2011-08-24 20:20:52','2011-08-24 20:20:52',365533797,NULL),(176,215054540,488679357,'sold',0,'2011-08-24 20:20:52','2011-08-24 20:20:52',727710848,NULL),(177,215054540,488679357,'sold',0,'2011-08-24 20:20:52','2011-08-24 20:20:52',727710848,NULL),(178,215054540,539762571,'sold',0,'2011-08-24 20:20:52','2011-08-24 20:20:52',1020487291,NULL),(179,215054540,539762571,'sold',0,'2011-08-24 20:20:52','2011-08-24 20:20:52',1020487291,NULL),(180,215054540,539762571,'sold',0,'2011-08-24 20:20:52','2011-08-24 20:20:52',1020487291,NULL),(181,215054540,539762571,'sold',0,'2011-08-24 20:20:52','2011-08-24 20:20:52',1020487291,NULL),(182,599112055,620502818,'sold',0,'2011-08-24 20:20:52','2011-08-24 20:20:52',310592731,NULL),(183,599112055,620502818,'sold',0,'2011-08-24 20:20:52','2011-08-24 20:20:52',310592731,NULL),(184,599112055,620502818,'sold',0,'2011-08-24 20:20:52','2011-08-24 20:20:52',310592731,NULL),(185,215054540,519327672,'sold',0,'2011-08-24 20:20:52','2011-08-24 20:20:52',680203391,NULL),(186,215054540,519327672,'sold',0,'2011-08-24 20:20:52','2011-08-24 20:20:52',680203391,NULL),(187,215054540,518401861,'sold',0,'2011-08-24 20:20:52','2011-08-24 20:20:52',681145480,NULL),(188,215054540,518401861,'sold',0,'2011-08-24 20:20:52','2011-08-24 20:20:52',681145480,NULL),(189,215054540,518401861,'sold',0,'2011-08-24 20:20:52','2011-08-24 20:20:52',681145480,NULL),(190,215054540,518401861,'sold',0,'2011-08-24 20:20:52','2011-08-24 20:20:52',681145480,NULL),(191,504220342,231772182,'sold',0,'2011-08-24 20:20:52','2011-08-24 20:20:52',195891138,NULL),(192,599112055,649259497,'sold',0,'2011-08-24 20:20:52','2011-08-24 20:20:52',281915952,NULL),(193,599112055,649259497,'sold',0,'2011-08-24 20:20:52','2011-08-24 20:20:52',281915952,NULL),(194,215054540,297130368,'sold',0,'2011-08-24 20:20:52','2011-08-24 20:20:52',667583165,NULL),(195,215054540,296204679,'sold',0,'2011-08-24 20:20:52','2011-08-24 20:20:52',668525120,NULL),(196,215054540,296204679,'sold',0,'2011-08-24 20:20:52','2011-08-24 20:20:52',668525120,NULL),(197,215054540,296204679,'sold',0,'2011-08-24 20:20:52','2011-08-24 20:20:52',668525120,NULL),(198,215054540,296204679,'sold',0,'2011-08-24 20:20:52','2011-08-24 20:20:52',668525120,NULL),(199,405540681,335228811,'sold',0,'2011-08-24 20:20:52','2011-08-24 20:20:52',629437518,NULL),(200,405540681,335228811,'sold',0,'2011-08-24 20:20:52','2011-08-24 20:20:52',629437518,NULL),(201,215054540,308359551,'sold',0,'2011-08-24 20:20:52','2011-08-24 20:20:52',605973176,NULL),(202,215054540,308359551,'sold',0,'2011-08-24 20:20:52','2011-08-24 20:20:52',605973176,NULL),(203,52862384,932702864,'sold',0,'2011-08-24 20:20:52','2011-08-24 20:20:52',32026953,NULL),(204,52862384,932702864,'sold',0,'2011-08-24 20:20:52','2011-08-24 20:20:52',32026953,NULL),(205,52862384,932702864,'sold',0,'2011-08-24 20:20:52','2011-08-24 20:20:52',32026953,NULL),(206,52862384,932702864,'sold',0,'2011-08-24 20:20:52','2011-08-24 20:20:52',32026953,NULL),(207,52862384,931498615,'sold',0,'2011-08-24 20:20:52','2011-08-24 20:20:52',33214900,NULL),(208,52862384,931498615,'sold',0,'2011-08-24 20:20:52','2011-08-24 20:20:52',33214900,NULL),(209,52862384,931498615,'sold',0,'2011-08-24 20:20:52','2011-08-24 20:20:52',33214900,NULL),(210,52862384,931498615,'sold',0,'2011-08-24 20:20:52','2011-08-24 20:20:52',33214900,NULL),(211,599112055,707237680,'sold',0,'2011-08-24 20:20:52','2011-08-24 20:20:52',475581673,NULL),(212,599112055,707237680,'sold',0,'2011-08-24 20:20:52','2011-08-24 20:20:52',475581673,NULL),(213,599112055,707237680,'sold',0,'2011-08-24 20:20:52','2011-08-24 20:20:52',475581673,NULL),(214,215054540,335228811,'sold',0,'2011-08-24 20:20:52','2011-08-24 20:20:52',629437518,NULL),(215,215054540,335228811,'sold',0,'2011-08-24 20:20:52','2011-08-24 20:20:52',629437518,NULL),(216,215054540,335228811,'sold',0,'2011-08-24 20:20:52','2011-08-24 20:20:52',629437518,NULL),(217,52862384,820530800,'sold',0,'2011-08-24 20:20:52','2011-08-24 20:20:52',110564781,NULL),(218,52862384,820530800,'sold',0,'2011-08-24 20:20:52','2011-08-24 20:20:52',110564781,NULL),(219,52862384,820530800,'sold',0,'2011-08-24 20:20:52','2011-08-24 20:20:52',110564781,NULL),(220,52862384,820530800,'sold',0,'2011-08-24 20:20:52','2011-08-24 20:20:52',110564781,NULL),(221,52862384,820530800,'sold',0,'2011-08-24 20:20:52','2011-08-24 20:20:52',110564781,NULL),(222,52862384,820530800,'sold',0,'2011-08-24 20:20:52','2011-08-24 20:20:52',110564781,NULL),(223,215054540,345435026,'sold',0,'2011-08-24 20:20:52','2011-08-24 20:20:52',585740373,NULL),(224,215054540,345435026,'sold',0,'2011-08-24 20:20:52','2011-08-24 20:20:52',585740373,NULL),(225,215054540,345435026,'sold',0,'2011-08-24 20:20:52','2011-08-24 20:20:52',585740373,NULL),(226,215054540,345435026,'sold',0,'2011-08-24 20:20:52','2011-08-24 20:20:52',585740373,NULL),(227,405540681,345435026,'sold',0,'2011-08-24 20:20:52','2011-08-24 20:20:52',585740373,NULL),(228,405540681,345435026,'sold',0,'2011-08-24 20:20:52','2011-08-24 20:20:52',585740373,NULL),(229,405540681,345435026,'sold',0,'2011-08-24 20:20:52','2011-08-24 20:20:52',585740373,NULL),(230,215054540,368651700,'sold',0,'2011-08-24 20:20:52','2011-08-24 20:20:52',596014713,NULL),(231,215054540,368651700,'sold',0,'2011-08-24 20:20:52','2011-08-24 20:20:52',596014713,NULL),(232,215054540,368651700,'sold',0,'2011-08-24 20:20:52','2011-08-24 20:20:52',596014713,NULL),(233,215054540,368651700,'sold',0,'2011-08-24 20:20:52','2011-08-24 20:20:52',596014713,NULL),(234,215054540,383262055,'sold',0,'2011-08-24 20:20:52','2011-08-24 20:20:52',547833508,NULL),(235,215054540,382369184,'sold',0,'2011-08-24 20:20:52','2011-08-24 20:20:52',548742745,NULL),(236,215054540,382369184,'sold',0,'2011-08-24 20:20:52','2011-08-24 20:20:52',548742745,NULL),(237,215054540,382369184,'sold',0,'2011-08-24 20:20:52','2011-08-24 20:20:52',548742745,NULL),(238,215054540,382369184,'sold',0,'2011-08-24 20:20:52','2011-08-24 20:20:52',548742745,NULL),(239,215054540,391144298,'sold',0,'2011-08-24 20:20:52','2011-08-24 20:20:52',556742829,NULL),(240,215054540,391144298,'sold',0,'2011-08-24 20:20:52','2011-08-24 20:20:52',556742829,NULL),(241,504220342,73849921,'sold',0,'2011-08-24 20:20:52','2011-08-24 20:20:52',35341291,NULL),(242,504220342,73849921,'sold',0,'2011-08-24 20:20:52','2011-08-24 20:20:52',35341291,NULL),(243,599112055,297130368,'sold',0,'2011-08-24 20:20:52','2011-08-24 20:20:52',667583165,NULL),(244,215054540,703823663,'sold',0,'2011-08-24 20:20:52','2011-08-24 20:20:52',529278188,NULL),(245,215054540,702619608,'sold',0,'2011-08-24 20:20:52','2011-08-24 20:20:52',530465809,NULL),(246,215054540,702619608,'sold',0,'2011-08-24 20:20:52','2011-08-24 20:20:52',530465809,NULL),(247,215054540,702619608,'sold',0,'2011-08-24 20:20:52','2011-08-24 20:20:52',530465809,NULL),(248,215054540,702619608,'sold',0,'2011-08-24 20:20:52','2011-08-24 20:20:52',530465809,NULL),(249,504220342,987209861,'sold',0,'2011-08-24 20:20:52','2011-08-24 20:20:52',1017790295,NULL),(250,215054540,615724322,'sold',0,'2011-08-24 20:20:52','2011-08-24 20:20:52',583969526,NULL),(251,215054540,615724322,'sold',0,'2011-08-24 20:20:52','2011-08-24 20:20:52',583969526,NULL),(252,215054540,615724322,'sold',0,'2011-08-24 20:20:52','2011-08-24 20:20:52',583969526,NULL),(253,215054540,707237680,'sold',0,'2011-08-24 20:20:52','2011-08-24 20:20:52',475581673,NULL),(254,599112055,335228811,'sold',0,'2011-08-24 20:20:52','2011-08-24 20:20:52',629437518,NULL),(255,599112055,335228811,'sold',0,'2011-08-24 20:20:52','2011-08-24 20:20:52',629437518,NULL),(256,215054540,727331319,'sold',0,'2011-08-24 20:20:52','2011-08-24 20:20:52',488991282,NULL),(257,215054540,727331319,'sold',0,'2011-08-24 20:20:52','2011-08-24 20:20:52',488991282,NULL),(258,215054540,726159630,'sold',0,'2011-08-24 20:20:52','2011-08-24 20:20:52',490146509,NULL),(259,215054540,726159630,'sold',0,'2011-08-24 20:20:52','2011-08-24 20:20:52',490146509,NULL),(260,52862384,264449064,'sold',0,'2011-08-24 20:20:52','2011-08-24 20:20:52',968652773,NULL),(261,52862384,264449064,'sold',0,'2011-08-24 20:20:52','2011-08-24 20:20:52',968652773,NULL),(262,52862384,264449064,'sold',0,'2011-08-24 20:20:52','2011-08-24 20:20:52',968652773,NULL),(263,405540681,707237680,'sold',0,'2011-08-24 20:20:52','2011-08-24 20:20:52',475581673,NULL),(264,405540681,707237680,'sold',0,'2011-08-24 20:20:52','2011-08-24 20:20:52',475581673,NULL),(265,405540681,707237680,'sold',0,'2011-08-24 20:20:52','2011-08-24 20:20:52',475581673,NULL),(266,215054540,733841882,'sold',0,'2011-08-24 20:20:52','2011-08-24 20:20:52',499307037,NULL),(267,215054540,732948771,'sold',0,'2011-08-24 20:20:52','2011-08-24 20:20:52',500216554,NULL),(268,215054540,732948771,'sold',0,'2011-08-24 20:20:52','2011-08-24 20:20:52',500216554,NULL),(269,215054540,732948771,'sold',0,'2011-08-24 20:20:52','2011-08-24 20:20:52',500216554,NULL),(270,52862384,145680447,'sold',0,'2011-08-24 20:20:52','2011-08-24 20:20:52',1053930492,NULL),(271,52862384,145680447,'sold',0,'2011-08-24 20:20:52','2011-08-24 20:20:52',1053930492,NULL),(272,52862384,145680447,'sold',0,'2011-08-24 20:20:52','2011-08-24 20:20:52',1053930492,NULL),(273,52862384,145680447,'sold',0,'2011-08-24 20:20:52','2011-08-24 20:20:52',1053930492,NULL),(274,215054540,741864942,'sold',0,'2011-08-24 20:20:52','2011-08-24 20:20:52',440970793,NULL),(275,215054540,741864942,'sold',0,'2011-08-24 20:20:52','2011-08-24 20:20:52',440970793,NULL),(276,215054540,740660503,'sold',0,'2011-08-24 20:20:52','2011-08-24 20:20:52',442158806,NULL),(277,215054540,740660503,'sold',0,'2011-08-24 20:20:52','2011-08-24 20:20:52',442158806,NULL),(278,215054540,740660503,'sold',0,'2011-08-24 20:20:52','2011-08-24 20:20:52',442158806,NULL),(279,215054540,751848899,'sold',0,'2011-08-24 20:20:52','2011-08-24 20:20:52',447682054,NULL),(280,215054540,751848899,'sold',0,'2011-08-24 20:20:52','2011-08-24 20:20:52',447682054,NULL),(281,215054540,751848899,'sold',0,'2011-08-24 20:20:52','2011-08-24 20:20:52',447682054,NULL),(282,215054540,751848899,'sold',0,'2011-08-24 20:20:52','2011-08-24 20:20:52',447682054,NULL),(283,215054540,750923066,'sold',0,'2011-08-24 20:20:52','2011-08-24 20:20:52',448624385,NULL),(284,215054540,750923066,'sold',0,'2011-08-24 20:20:52','2011-08-24 20:20:52',448624385,NULL),(285,215054540,750923066,'sold',0,'2011-08-24 20:20:52','2011-08-24 20:20:52',448624385,NULL),(286,215054540,601813305,'sold',0,'2011-08-24 20:20:52','2011-08-24 20:20:52',631467759,NULL),(287,215054540,601813305,'sold',0,'2011-08-24 20:20:52','2011-08-24 20:20:52',631467759,NULL),(288,215054540,601813305,'sold',0,'2011-08-24 20:20:52','2011-08-24 20:20:52',631467759,NULL),(289,215054540,601813305,'sold',0,'2011-08-24 20:20:52','2011-08-24 20:20:52',631467759,NULL),(290,599112055,345435026,'sold',0,'2011-08-24 20:20:52','2011-08-24 20:20:52',585740373,NULL),(291,599112055,345435026,'sold',0,'2011-08-24 20:20:52','2011-08-24 20:20:52',585740373,NULL),(292,504220342,1035625630,'sold',0,'2011-08-24 20:20:52','2011-08-24 20:20:52',1002961742,NULL),(293,504220342,1035625630,'sold',0,'2011-08-24 20:20:52','2011-08-24 20:20:52',1002961742,NULL),(294,215054540,782154552,'sold',0,'2011-08-24 20:20:52','2011-08-24 20:20:52',417456373,NULL),(295,215054540,782154552,'sold',0,'2011-08-24 20:20:52','2011-08-24 20:20:52',417456373,NULL),(296,215054540,780983247,'sold',0,'2011-08-24 20:20:52','2011-08-24 20:20:52',418611208,NULL),(297,215054540,780983247,'sold',0,'2011-08-24 20:20:52','2011-08-24 20:20:52',418611208,NULL),(298,215054540,790021435,'sold',0,'2011-08-24 20:20:52','2011-08-24 20:20:52',426352382,NULL),(299,215054540,790021435,'sold',0,'2011-08-24 20:20:52','2011-08-24 20:20:52',426352382,NULL),(300,215054540,790021435,'sold',0,'2011-08-24 20:20:52','2011-08-24 20:20:52',426352382,NULL),(301,599112055,383262055,'sold',0,'2011-08-24 20:20:53','2011-08-24 20:20:53',547833508,NULL),(302,599112055,383262055,'sold',0,'2011-08-24 20:20:53','2011-08-24 20:20:53',547833508,NULL),(303,215054540,542594049,'sold',0,'2011-08-24 20:20:53','2011-08-24 20:20:53',371722298,NULL),(304,215054540,542594049,'sold',0,'2011-08-24 20:20:53','2011-08-24 20:20:53',371722298,NULL),(305,215054540,542594049,'sold',0,'2011-08-24 20:20:53','2011-08-24 20:20:53',371722298,NULL),(306,215054540,542594049,'sold',0,'2011-08-24 20:20:53','2011-08-24 20:20:53',371722298,NULL),(307,504220342,862055596,'sold',0,'2011-08-24 20:20:53','2011-08-24 20:20:53',891057020,NULL),(308,215054540,568274416,'sold',0,'2011-08-24 20:20:53','2011-08-24 20:20:53',396391991,NULL),(309,215054540,568274416,'sold',0,'2011-08-24 20:20:53','2011-08-24 20:20:53',396391991,NULL),(310,215054540,568274416,'sold',0,'2011-08-24 20:20:53','2011-08-24 20:20:53',396391991,NULL),(311,215054540,567102733,'sold',0,'2011-08-24 20:20:53','2011-08-24 20:20:53',397547216,NULL),(312,215054540,567102733,'sold',0,'2011-08-24 20:20:53','2011-08-24 20:20:53',397547216,NULL),(313,215054540,567102733,'sold',0,'2011-08-24 20:20:53','2011-08-24 20:20:53',397547216,NULL),(314,215054540,567102733,'sold',0,'2011-08-24 20:20:53','2011-08-24 20:20:53',397547216,NULL),(315,405540681,596761353,'sold',0,'2011-08-24 20:20:53','2011-08-24 20:20:53',367952066,NULL),(316,405540681,596761353,'sold',0,'2011-08-24 20:20:53','2011-08-24 20:20:53',367952066,NULL),(317,215054540,587078949,'sold',0,'2011-08-24 20:20:53','2011-08-24 20:20:53',344016612,NULL),(318,215054540,587078949,'sold',0,'2011-08-24 20:20:53','2011-08-24 20:20:53',344016612,NULL),(319,215054540,587078949,'sold',0,'2011-08-24 20:20:53','2011-08-24 20:20:53',344016612,NULL),(320,52862384,133136121,'sold',0,'2011-08-24 20:20:53','2011-08-24 20:20:53',831530304,NULL),(321,215054540,596761353,'sold',0,'2011-08-24 20:20:53','2011-08-24 20:20:53',367952066,NULL),(322,215054540,596761353,'sold',0,'2011-08-24 20:20:53','2011-08-24 20:20:53',367952066,NULL),(323,215054540,596761353,'sold',0,'2011-08-24 20:20:53','2011-08-24 20:20:53',367952066,NULL),(324,52862384,8567520,'sold',0,'2011-08-24 20:20:53','2011-08-24 20:20:53',922607911,NULL),(325,52862384,8567520,'sold',0,'2011-08-24 20:20:53','2011-08-24 20:20:53',922607911,NULL),(326,52862384,8567520,'sold',0,'2011-08-24 20:20:53','2011-08-24 20:20:53',922607911,NULL),(327,52862384,8567520,'sold',0,'2011-08-24 20:20:53','2011-08-24 20:20:53',922607911,NULL),(328,52862384,8567520,'sold',0,'2011-08-24 20:20:53','2011-08-24 20:20:53',922607911,NULL),(329,52862384,8567520,'sold',0,'2011-08-24 20:20:53','2011-08-24 20:20:53',922607911,NULL),(330,52862384,8567520,'sold',0,'2011-08-24 20:20:53','2011-08-24 20:20:53',922607911,NULL),(331,599112055,488679357,'sold',0,'2011-08-24 20:20:53','2011-08-24 20:20:53',727710848,NULL),(332,599112055,488679357,'sold',0,'2011-08-24 20:20:53','2011-08-24 20:20:53',727710848,NULL),(333,215054540,620502818,'sold',0,'2011-08-24 20:20:53','2011-08-24 20:20:53',310592731,NULL),(334,215054540,620502818,'sold',0,'2011-08-24 20:20:53','2011-08-24 20:20:53',310592731,NULL),(335,215054540,620502818,'sold',0,'2011-08-24 20:20:53','2011-08-24 20:20:53',310592731,NULL),(336,405540681,620502818,'sold',0,'2011-08-24 20:20:53','2011-08-24 20:20:53',310592731,NULL),(337,405540681,620502818,'sold',0,'2011-08-24 20:20:53','2011-08-24 20:20:53',310592731,NULL),(338,405540681,620502818,'sold',0,'2011-08-24 20:20:53','2011-08-24 20:20:53',310592731,NULL),(339,215054540,627442156,'sold',0,'2011-08-24 20:20:53','2011-08-24 20:20:53',320428591,NULL),(340,215054540,627442156,'sold',0,'2011-08-24 20:20:53','2011-08-24 20:20:53',320428591,NULL),(341,215054540,627442156,'sold',0,'2011-08-24 20:20:53','2011-08-24 20:20:53',320428591,NULL),(342,215054540,649259497,'sold',0,'2011-08-24 20:20:53','2011-08-24 20:20:53',281915952,NULL),(343,215054540,648055060,'sold',0,'2011-08-24 20:20:53','2011-08-24 20:20:53',283103959,NULL),(344,215054540,648055060,'sold',0,'2011-08-24 20:20:53','2011-08-24 20:20:53',283103959,NULL),(345,215054540,648055060,'sold',0,'2011-08-24 20:20:53','2011-08-24 20:20:53',283103959,NULL),(346,215054540,648055060,'sold',0,'2011-08-24 20:20:53','2011-08-24 20:20:53',283103959,NULL),(347,599112055,17482993,'sold',0,'2011-08-24 20:20:53','2011-08-24 20:20:53',930455338,NULL),(348,215054540,953580620,'sold',0,'2011-08-24 20:20:53','2011-08-24 20:20:53',245966735,NULL),(349,215054540,952376497,'sold',0,'2011-08-24 20:20:53','2011-08-24 20:20:53',247154552,NULL),(350,215054540,952376497,'sold',0,'2011-08-24 20:20:53','2011-08-24 20:20:53',247154552,NULL),(351,215054540,961307330,'sold',0,'2011-08-24 20:20:53','2011-08-24 20:20:53',255015291,NULL),(352,215054540,961307330,'sold',0,'2011-08-24 20:20:53','2011-08-24 20:20:53',255015291,NULL),(353,215054540,961307330,'sold',0,'2011-08-24 20:20:53','2011-08-24 20:20:53',255015291,NULL),(354,215054540,961307330,'sold',0,'2011-08-24 20:20:53','2011-08-24 20:20:53',255015291,NULL),(355,405540681,953580620,'sold',0,'2011-08-24 20:20:53','2011-08-24 20:20:53',245966735,NULL),(356,405540681,953580620,'sold',0,'2011-08-24 20:20:53','2011-08-24 20:20:53',245966735,NULL),(357,52862384,518401861,'sold',0,'2011-08-24 20:20:53','2011-08-24 20:20:53',681145480,NULL),(358,52862384,518401861,'sold',0,'2011-08-24 20:20:53','2011-08-24 20:20:53',681145480,NULL),(359,52862384,518401861,'sold',0,'2011-08-24 20:20:53','2011-08-24 20:20:53',681145480,NULL),(360,52862384,518401861,'sold',0,'2011-08-24 20:20:53','2011-08-24 20:20:53',681145480,NULL),(361,52862384,518401861,'sold',0,'2011-08-24 20:20:53','2011-08-24 20:20:53',681145480,NULL),(362,52862384,518401861,'sold',0,'2011-08-24 20:20:53','2011-08-24 20:20:53',681145480,NULL),(363,52862384,518401861,'sold',0,'2011-08-24 20:20:53','2011-08-24 20:20:53',681145480,NULL),(364,52862384,518401861,'sold',0,'2011-08-24 20:20:53','2011-08-24 20:20:53',681145480,NULL),(365,52862384,518401861,'sold',0,'2011-08-24 20:20:53','2011-08-24 20:20:53',681145480,NULL),(366,52862384,518401861,'sold',0,'2011-08-24 20:20:53','2011-08-24 20:20:53',681145480,NULL),(367,215054540,983075517,'sold',0,'2011-08-24 20:20:53','2011-08-24 20:20:53',216519034,NULL),(368,215054540,983075517,'sold',0,'2011-08-24 20:20:53','2011-08-24 20:20:53',216519034,NULL),(369,405540681,983075517,'sold',0,'2011-08-24 20:20:53','2011-08-24 20:20:53',216519034,NULL),(370,215054540,1004874852,'sold',0,'2011-08-24 20:20:53','2011-08-24 20:20:53',228226979,NULL),(371,405540681,1039486630,'sold',0,'2011-08-24 20:20:53','2011-08-24 20:20:53',193598819,NULL),(372,215054540,1014837421,'sold',0,'2011-08-24 20:20:53','2011-08-24 20:20:53',167930736,NULL),(373,52862384,403830194,'sold',0,'2011-08-24 20:20:53','2011-08-24 20:20:53',779005547,NULL),(374,52862384,403830194,'sold',0,'2011-08-24 20:20:53','2011-08-24 20:20:53',779005547,NULL),(375,52862384,428600156,'sold',0,'2011-08-24 20:20:53','2011-08-24 20:20:53',804565151,NULL),(376,52862384,428600156,'sold',0,'2011-08-24 20:20:53','2011-08-24 20:20:53',804565151,NULL),(377,52862384,428600156,'sold',0,'2011-08-24 20:20:53','2011-08-24 20:20:53',804565151,NULL),(378,52862384,428600156,'sold',0,'2011-08-24 20:20:53','2011-08-24 20:20:53',804565151,NULL),(379,52862384,428600156,'sold',0,'2011-08-24 20:20:53','2011-08-24 20:20:53',804565151,NULL),(380,52862384,428600156,'sold',0,'2011-08-24 20:20:53','2011-08-24 20:20:53',804565151,NULL),(381,52862384,428600156,'sold',0,'2011-08-24 20:20:53','2011-08-24 20:20:53',804565151,NULL),(382,52862384,428600156,'sold',0,'2011-08-24 20:20:53','2011-08-24 20:20:53',804565151,NULL),(383,215054540,862055596,'sold',0,'2011-08-24 20:20:53','2011-08-24 20:20:53',891057020,NULL),(384,215054540,862055596,'sold',0,'2011-08-24 20:20:53','2011-08-24 20:20:53',891057020,NULL),(385,215054540,862055596,'sold',0,'2011-08-24 20:20:53','2011-08-24 20:20:53',891057020,NULL),(386,215054540,862055596,'sold',0,'2011-08-24 20:20:53','2011-08-24 20:20:53',891057020,NULL),(387,215054540,1039486630,'sold',0,'2011-08-24 20:20:53','2011-08-24 20:20:53',193598819,NULL),(388,215054540,1069267029,'sold',0,'2011-08-24 20:20:53','2011-08-24 20:20:53',163898264,NULL),(389,215054540,1068095656,'sold',0,'2011-08-24 20:20:53','2011-08-24 20:20:53',165053295,NULL),(390,215054540,1068095656,'sold',0,'2011-08-24 20:20:53','2011-08-24 20:20:53',165053295,NULL),(391,215054540,1068095656,'sold',0,'2011-08-24 20:20:53','2011-08-24 20:20:53',165053295,NULL),(392,215054540,821702295,'sold',0,'2011-08-24 20:20:53','2011-08-24 20:20:53',109409616,NULL),(393,215054540,821702295,'sold',0,'2011-08-24 20:20:53','2011-08-24 20:20:53',109409616,NULL),(394,215054540,821702295,'sold',0,'2011-08-24 20:20:53','2011-08-24 20:20:53',109409616,NULL),(395,215054540,820530800,'sold',0,'2011-08-24 20:20:53','2011-08-24 20:20:53',110564781,NULL),(396,504220342,601813305,'sold',0,'2011-08-24 20:20:53','2011-08-24 20:20:53',631467759,NULL),(397,504220342,601813305,'sold',0,'2011-08-24 20:20:53','2011-08-24 20:20:53',631467759,NULL),(398,599112055,146573512,'sold',0,'2011-08-24 20:20:53','2011-08-24 20:20:53',1053020929,NULL),(399,215054540,844324943,'sold',0,'2011-08-24 20:20:53','2011-08-24 20:20:53',70007694,NULL),(400,215054540,844324943,'sold',0,'2011-08-24 20:20:53','2011-08-24 20:20:53',70007694,NULL),(401,215054540,843120822,'sold',0,'2011-08-24 20:20:53','2011-08-24 20:20:53',71195505,NULL),(402,215054540,843120822,'sold',0,'2011-08-24 20:20:53','2011-08-24 20:20:53',71195505,NULL),(403,215054540,843120822,'sold',0,'2011-08-24 20:20:53','2011-08-24 20:20:53',71195505,NULL),(404,52862384,382369184,'sold',0,'2011-08-24 20:20:53','2011-08-24 20:20:53',548742745,NULL),(405,52862384,382369184,'sold',0,'2011-08-24 20:20:53','2011-08-24 20:20:53',548742745,NULL),(406,52862384,382369184,'sold',0,'2011-08-24 20:20:53','2011-08-24 20:20:53',548742745,NULL),(407,52862384,382369184,'sold',0,'2011-08-24 20:20:53','2011-08-24 20:20:53',548742745,NULL),(408,52862384,382369184,'sold',0,'2011-08-24 20:20:53','2011-08-24 20:20:53',548742745,NULL),(409,52862384,382369184,'sold',0,'2011-08-24 20:20:53','2011-08-24 20:20:53',548742745,NULL),(410,215054540,850712674,'sold',0,'2011-08-24 20:20:53','2011-08-24 20:20:53',80446377,NULL),(411,215054540,850712674,'sold',0,'2011-08-24 20:20:53','2011-08-24 20:20:53',80446377,NULL),(412,215054540,849787035,'sold',0,'2011-08-24 20:20:53','2011-08-24 20:20:53',81388382,NULL),(413,215054540,849787035,'sold',0,'2011-08-24 20:20:53','2011-08-24 20:20:53',81388382,NULL),(414,215054540,849787035,'sold',0,'2011-08-24 20:20:53','2011-08-24 20:20:53',81388382,NULL),(415,215054540,1035625630,'sold',0,'2011-08-24 20:20:53','2011-08-24 20:20:53',1002961742,NULL),(416,599112055,183664179,'sold',0,'2011-08-24 20:20:53','2011-08-24 20:20:53',1015883258,NULL),(417,52862384,391144298,'sold',0,'2011-08-24 20:20:53','2011-08-24 20:20:53',556742829,NULL),(418,52862384,391144298,'sold',0,'2011-08-24 20:20:53','2011-08-24 20:20:53',556742829,NULL),(419,52862384,391144298,'sold',0,'2011-08-24 20:20:53','2011-08-24 20:20:53',556742829,NULL),(420,215054540,987209861,'sold',0,'2011-08-24 20:20:53','2011-08-24 20:20:53',1017790295,NULL),(421,215054540,987209861,'sold',0,'2011-08-24 20:20:53','2011-08-24 20:20:53',1017790295,NULL),(422,599112055,228571690,'sold',0,'2011-08-24 20:20:53','2011-08-24 20:20:53',1004593649,NULL),(423,599112055,228571690,'sold',0,'2011-08-24 20:20:53','2011-08-24 20:20:53',1004593649,NULL),(424,52862384,296204679,'sold',0,'2011-08-24 20:20:53','2011-08-24 20:20:53',668525120,NULL),(425,215054540,893297750,'sold',0,'2011-08-24 20:20:53','2011-08-24 20:20:53',54656917,NULL),(426,215054540,892126383,'sold',0,'2011-08-24 20:20:53','2011-08-24 20:20:53',55811946,NULL),(427,215054540,892126383,'sold',0,'2011-08-24 20:20:53','2011-08-24 20:20:53',55811946,NULL),(428,215054540,903421051,'sold',0,'2011-08-24 20:20:53','2011-08-24 20:20:53',61228994,NULL),(429,215054540,903421051,'sold',0,'2011-08-24 20:20:53','2011-08-24 20:20:53',61228994,NULL),(430,215054540,902528130,'sold',0,'2011-08-24 20:20:53','2011-08-24 20:20:53',62138181,NULL),(431,215054540,902528130,'sold',0,'2011-08-24 20:20:53','2011-08-24 20:20:53',62138181,NULL),(432,215054540,902528130,'sold',0,'2011-08-24 20:20:53','2011-08-24 20:20:53',62138181,NULL),(433,215054540,906884218,'sold',0,'2011-08-24 20:20:53','2011-08-24 20:20:53',7516093,NULL),(434,215054540,906884218,'sold',0,'2011-08-24 20:20:53','2011-08-24 20:20:53',7516093,NULL),(435,215054540,906884218,'sold',0,'2011-08-24 20:20:53','2011-08-24 20:20:53',7516093,NULL),(436,215054540,906884218,'sold',0,'2011-08-24 20:20:53','2011-08-24 20:20:53',7516093,NULL),(437,599112055,265374943,'sold',0,'2011-08-24 20:20:53','2011-08-24 20:20:53',967710488,NULL),(438,599112055,265374943,'sold',0,'2011-08-24 20:20:53','2011-08-24 20:20:53',967710488,NULL),(439,599112055,265374943,'sold',0,'2011-08-24 20:20:53','2011-08-24 20:20:53',967710488,NULL),(440,504220342,615724322,'sold',0,'2011-08-24 20:20:53','2011-08-24 20:20:53',583969526,NULL),(441,504220342,615724322,'sold',0,'2011-08-24 20:20:53','2011-08-24 20:20:53',583969526,NULL),(442,215054540,932702864,'sold',0,'2011-08-24 20:20:53','2011-08-24 20:20:53',32026953,NULL),(443,215054540,931498615,'sold',0,'2011-08-24 20:20:53','2011-08-24 20:20:53',33214900,NULL),(444,429921481,1069267032,'sold',0,'2011-08-24 23:34:36','2011-08-24 23:34:36',1053930493,NULL),(445,52862384,1069267032,'sold',0,'2011-08-24 23:34:36','2011-08-24 23:34:36',1053930493,NULL),(446,489273655,1069267033,'sold',0,'2011-08-25 00:12:04','2011-08-25 00:12:04',1053930494,NULL),(447,489273655,1069267033,'sold',0,'2011-08-25 00:12:04','2011-08-25 00:12:04',1053930494,NULL),(448,461562682,1069267033,'sold',0,'2011-08-25 00:12:04','2011-08-25 00:12:04',1053930494,NULL),(449,429921481,1069267033,'sold',0,'2011-08-25 00:12:04','2011-08-25 00:12:04',1053930494,NULL),(450,381254278,1069267034,'sold',0,'2011-08-25 00:23:19','2011-08-25 00:23:19',1053930495,NULL),(451,381254278,1069267034,'sold',0,'2011-08-25 00:23:19','2011-08-25 00:23:19',1053930495,NULL),(452,381254278,1069267034,'sold',0,'2011-08-25 00:23:19','2011-08-25 00:23:19',1053930495,NULL),(453,381254278,1069267034,'sold',0,'2011-08-25 00:23:19','2011-08-25 00:23:19',1053930495,NULL),(454,381254278,1069267034,'sold',0,'2011-08-25 00:23:19','2011-08-25 00:23:19',1053930495,NULL),(455,381254278,1069267034,'sold',0,'2011-08-25 00:23:19','2011-08-25 00:23:19',1053930495,NULL),(456,381254278,1069267034,'sold',0,'2011-08-25 00:23:19','2011-08-25 00:23:19',1053930495,NULL),(457,381254278,1069267034,'sold',0,'2011-08-25 00:23:19','2011-08-25 00:23:19',1053930495,NULL),(458,381254278,1069267034,'sold',0,'2011-08-25 00:23:19','2011-08-25 00:23:19',1053930495,NULL),(459,381254278,1069267034,'sold',0,'2011-08-25 00:23:19','2011-08-25 00:23:19',1053930495,NULL),(460,381254278,1069267034,'backordered',0,'2011-08-25 00:23:19','2011-08-25 00:23:19',1053930495,NULL),(461,381254278,1069267034,'backordered',0,'2011-08-25 00:23:19','2011-08-25 00:23:19',1053930495,NULL),(462,1025786065,1069267038,'backordered',0,'2011-08-25 01:09:31','2011-08-25 01:09:31',1053930497,NULL),(463,1025786065,1069267038,'backordered',0,'2011-08-25 01:09:31','2011-08-25 01:09:31',1053930497,NULL),(464,1025786065,1069267038,'backordered',0,'2011-08-25 01:09:31','2011-08-25 01:09:31',1053930497,NULL),(465,1025786065,1069267038,'backordered',0,'2011-08-25 01:09:31','2011-08-25 01:09:31',1053930497,NULL),(466,1025786065,1069267038,'backordered',0,'2011-08-25 01:09:31','2011-08-25 01:09:31',1053930497,NULL),(467,1025786065,1069267038,'backordered',0,'2011-08-25 01:09:31','2011-08-25 01:09:31',1053930497,NULL),(468,1025786065,1069267038,'backordered',0,'2011-08-25 01:09:31','2011-08-25 01:09:31',1053930497,NULL),(469,1025786065,1069267038,'backordered',0,'2011-08-25 01:09:31','2011-08-25 01:09:31',1053930497,NULL),(470,1025786065,1069267038,'backordered',0,'2011-08-25 01:09:31','2011-08-25 01:09:31',1053930497,NULL),(471,1025786065,1069267038,'backordered',0,'2011-08-25 01:09:31','2011-08-25 01:09:31',1053930497,NULL),(472,1025786065,1069267038,'backordered',0,'2011-08-25 01:09:31','2011-08-25 01:09:31',1053930497,NULL),(473,1025786065,1069267038,'backordered',0,'2011-08-25 01:09:31','2011-08-25 01:09:31',1053930497,NULL),(474,1025786065,1069267038,'backordered',0,'2011-08-25 01:09:31','2011-08-25 01:09:31',1053930497,NULL),(475,1025786065,1069267038,'backordered',0,'2011-08-25 01:09:31','2011-08-25 01:09:31',1053930497,NULL),(476,1025786065,1069267038,'backordered',0,'2011-08-25 01:09:31','2011-08-25 01:09:31',1053930497,NULL),(477,1025786065,1069267038,'backordered',0,'2011-08-25 01:09:31','2011-08-25 01:09:31',1053930497,NULL),(478,1025786065,1069267038,'backordered',0,'2011-08-25 01:09:31','2011-08-25 01:09:31',1053930497,NULL),(479,1025786065,1069267038,'backordered',0,'2011-08-25 01:09:31','2011-08-25 01:09:31',1053930497,NULL),(480,1025786065,1069267038,'backordered',0,'2011-08-25 01:09:31','2011-08-25 01:09:31',1053930497,NULL),(481,1025786065,1069267038,'backordered',0,'2011-08-25 01:09:31','2011-08-25 01:09:31',1053930497,NULL),(482,1025786065,1069267038,'backordered',0,'2011-08-25 01:09:31','2011-08-25 01:09:31',1053930497,NULL),(483,52862384,1069267039,'sold',0,'2011-08-25 03:16:34','2011-08-25 03:16:34',1053930498,NULL),(484,52862384,1069267039,'sold',0,'2011-08-25 03:16:34','2011-08-25 03:16:34',1053930498,NULL),(485,52862384,1069267039,'sold',0,'2011-08-25 03:16:34','2011-08-25 03:16:34',1053930498,NULL),(486,1025786065,1069267039,'backordered',0,'2011-08-25 03:16:34','2011-08-25 03:16:34',1053930498,NULL),(487,1025786065,1069267039,'backordered',0,'2011-08-25 03:16:34','2011-08-25 03:16:34',1053930498,NULL),(488,504220342,1069267039,'sold',0,'2011-08-25 03:16:34','2011-08-25 03:16:34',1053930498,NULL),(489,461562682,1069267039,'sold',0,'2011-08-25 03:16:34','2011-08-25 03:16:34',1053930498,NULL),(490,215054540,1069267039,'sold',0,'2011-08-25 03:16:34','2011-08-25 03:16:34',1053930498,NULL),(491,215054540,1069267039,'sold',0,'2011-08-25 03:16:34','2011-08-25 03:16:34',1053930498,NULL),(492,599112055,1069267044,'sold',0,'2011-08-27 17:16:01','2011-08-27 17:16:01',1053930499,NULL),(496,1025786065,1069267052,'backordered',0,'2011-08-28 10:55:15','2011-08-28 10:55:15',1053930502,NULL),(497,1025786065,1069267054,'backordered',0,'2011-08-28 11:18:24','2011-08-28 11:18:24',1053930503,NULL),(498,599112055,1069267071,'sold',0,'2011-08-29 19:54:15','2011-08-29 19:54:15',1053930504,NULL),(499,215054540,1069267071,'sold',0,'2011-08-29 19:54:15','2011-08-29 19:54:15',1053930504,NULL),(500,215054540,1069267071,'sold',0,'2011-08-29 19:54:15','2011-08-29 19:54:15',1053930504,NULL);
/*!40000 ALTER TABLE `inventory_units` ENABLE KEYS */;
UNLOCK TABLES;

--
-- Table structure for table `line_items`
--

DROP TABLE IF EXISTS `line_items`;
/*!40101 SET @saved_cs_client     = @@character_set_client */;
/*!40101 SET character_set_client = utf8 */;
CREATE TABLE `line_items` (
  `id` int(11) NOT NULL AUTO_INCREMENT,
  `order_id` int(11) DEFAULT NULL,
  `variant_id` int(11) DEFAULT NULL,
  `quantity` int(11) NOT NULL,
  `price` decimal(8,2) NOT NULL,
  `created_at` datetime DEFAULT NULL,
  `updated_at` datetime DEFAULT NULL,
  PRIMARY KEY (`id`),
  KEY `index_line_items_on_order_id` (`order_id`),
  KEY `index_line_items_on_variant_id` (`variant_id`)
) ENGINE=InnoDB AUTO_INCREMENT=1070870295 DEFAULT CHARSET=utf8 COLLATE=utf8_unicode_ci;
/*!40101 SET character_set_client = @saved_cs_client */;

--
-- Dumping data for table `line_items`
--

LOCK TABLES `line_items` WRITE;
/*!40000 ALTER TABLE `line_items` DISABLE KEYS */;
INSERT INTO `line_items` VALUES (15543303,146573512,215054540,1,'15.99','2011-08-24 20:20:49','2011-08-24 20:20:49'),(16731390,145680447,215054540,1,'15.99','2011-08-24 20:20:49','2011-08-24 20:20:49'),(34846300,780983247,52862384,9,'13.99','2011-08-24 20:20:49','2011-08-24 20:20:49'),(43228685,73849921,215054540,4,'15.99','2011-08-24 20:20:49','2011-08-24 20:20:49'),(44292852,183664179,215054540,1,'15.99','2011-08-24 20:20:49','2011-08-24 20:20:49'),(50744442,183664179,405540681,3,'19.99','2011-08-24 20:20:49','2011-08-24 20:20:49'),(53191935,192544832,215054540,4,'15.99','2011-08-24 20:20:49','2011-08-24 20:20:49'),(59353266,790021435,52862384,10,'13.99','2011-08-24 20:20:49','2011-08-24 20:20:49'),(74156129,228571690,405540681,1,'19.99','2011-08-24 20:20:49','2011-08-24 20:20:49'),(78886962,216145139,215054540,2,'15.99','2011-08-24 20:20:49','2011-08-24 20:20:49'),(92172869,702619608,52862384,5,'13.99','2011-08-24 20:20:49','2011-08-24 20:20:49'),(97394411,228571690,215054540,1,'15.99','2011-08-24 20:20:49','2011-08-24 20:20:49'),(102430444,239817259,215054540,3,'15.99','2011-08-24 20:20:49','2011-08-24 20:20:49'),(122003800,906884218,599112055,1,'16.99','2011-08-24 20:20:49','2011-08-24 20:20:49'),(125888542,265374943,215054540,1,'15.99','2011-08-24 20:20:49','2011-08-24 20:20:49'),(127043815,264449064,215054540,1,'15.99','2011-08-24 20:20:49','2011-08-24 20:20:49'),(145281751,330565047,504220342,2,'22.99','2011-08-24 20:20:49','2011-08-24 20:20:49'),(146453040,335228811,504220342,1,'22.99','2011-08-24 20:20:49','2011-08-24 20:20:49'),(146898650,9493021,215054540,4,'15.99','2011-08-24 20:20:49','2011-08-24 20:20:49'),(148053541,8567520,215054540,1,'15.99','2011-08-24 20:20:49','2011-08-24 20:20:49'),(156983340,17482993,215054540,4,'15.99','2011-08-24 20:20:49','2011-08-24 20:20:49'),(161360230,953580620,599112055,1,'16.99','2011-08-24 20:20:49','2011-08-24 20:20:49'),(171959431,648055060,52862384,2,'13.99','2011-08-24 20:20:49','2011-08-24 20:20:49'),(174600196,37328065,215054540,4,'15.99','2011-08-24 20:20:49','2011-08-24 20:20:49'),(175788281,36435006,215054540,4,'15.99','2011-08-24 20:20:49','2011-08-24 20:20:49'),(177178673,48114926,215054540,3,'15.99','2011-08-24 20:20:49','2011-08-24 20:20:49'),(178120916,46943257,215054540,2,'15.99','2011-08-24 20:20:49','2011-08-24 20:20:49'),(187028006,231772182,215054540,1,'15.99','2011-08-24 20:20:49','2011-08-24 20:20:49'),(198238101,983075517,599112055,3,'16.99','2011-08-24 20:20:49','2011-08-24 20:20:49'),(213719948,1039486630,599112055,3,'16.99','2011-08-24 20:20:49','2011-08-24 20:20:49'),(214449770,542594049,52862384,6,'13.99','2011-08-24 20:20:49','2011-08-24 20:20:49'),(218493981,89411802,215054540,2,'15.99','2011-08-24 20:20:49','2011-08-24 20:20:49'),(219649248,88485925,215054540,4,'15.99','2011-08-24 20:20:49','2011-08-24 20:20:49'),(223486112,567102733,52862384,4,'13.99','2011-08-24 20:20:49','2011-08-24 20:20:49'),(232934456,95676661,215054540,3,'15.99','2011-08-24 20:20:49','2011-08-24 20:20:49'),(233843917,94472210,215054540,4,'15.99','2011-08-24 20:20:49','2011-08-24 20:20:49'),(250867069,1069267029,599112055,3,'16.99','2011-08-24 20:20:49','2011-08-24 20:20:49'),(262978241,134028804,215054540,4,'15.99','2011-08-24 20:20:49','2011-08-24 20:20:49'),(264165950,133136121,215054540,1,'15.99','2011-08-24 20:20:49','2011-08-24 20:20:49'),(264574672,349815214,504220342,2,'22.99','2011-08-24 20:20:49','2011-08-24 20:20:49'),(272650605,403830194,215054540,2,'15.99','2011-08-24 20:20:49','2011-08-24 20:20:49'),(277157925,567102733,599112055,3,'16.99','2011-08-24 20:20:49','2011-08-24 20:20:49'),(278362338,568274416,599112055,1,'16.99','2011-08-24 20:20:49','2011-08-24 20:20:49'),(298332006,429493153,215054540,3,'15.99','2011-08-24 20:20:49','2011-08-24 20:20:49'),(299519897,428600156,215054540,2,'15.99','2011-08-24 20:20:49','2011-08-24 20:20:49'),(304907166,349815214,215054540,1,'15.99','2011-08-24 20:20:49','2011-08-24 20:20:49'),(316247593,596761353,599112055,3,'16.99','2011-08-24 20:20:49','2011-08-24 20:20:49'),(322352447,1068095656,52862384,7,'13.99','2011-08-24 20:20:49','2011-08-24 20:20:49'),(325149112,456181117,215054540,4,'15.99','2011-08-24 20:20:49','2011-08-24 20:20:49'),(326304069,455255426,215054540,4,'15.99','2011-08-24 20:20:49','2011-08-24 20:20:49'),(327604629,467107162,215054540,4,'15.99','2011-08-24 20:20:49','2011-08-24 20:20:49'),(328513904,465903021,215054540,2,'15.99','2011-08-24 20:20:49','2011-08-24 20:20:49'),(336373153,475857254,215054540,1,'15.99','2011-08-24 20:20:49','2011-08-24 20:20:49'),(337560924,474964377,215054540,3,'15.99','2011-08-24 20:20:49','2011-08-24 20:20:49'),(341537064,952376497,52862384,8,'13.99','2011-08-24 20:20:49','2011-08-24 20:20:49'),(349476340,488679357,405540681,3,'19.99','2011-08-24 20:20:49','2011-08-24 20:20:49'),(350952844,481999185,215054540,4,'15.99','2011-08-24 20:20:49','2011-08-24 20:20:49'),(351894905,480827830,215054540,3,'15.99','2011-08-24 20:20:49','2011-08-24 20:20:49'),(356599687,330565047,215054540,1,'15.99','2011-08-24 20:20:49','2011-08-24 20:20:49'),(359727994,488679357,215054540,2,'15.99','2011-08-24 20:20:49','2011-08-24 20:20:49'),(361688498,539762571,215054540,4,'15.99','2011-08-24 20:20:49','2011-08-24 20:20:49'),(364137008,620502818,599112055,3,'16.99','2011-08-24 20:20:49','2011-08-24 20:20:49'),(379972477,519327672,215054540,2,'15.99','2011-08-24 20:20:49','2011-08-24 20:20:49'),(381127554,518401861,215054540,4,'15.99','2011-08-24 20:20:49','2011-08-24 20:20:49'),(382486392,231772182,504220342,1,'22.99','2011-08-24 20:20:49','2011-08-24 20:20:49'),(402308297,649259497,599112055,2,'16.99','2011-08-24 20:20:49','2011-08-24 20:20:49'),(434404799,297130368,215054540,1,'15.99','2011-08-24 20:20:49','2011-08-24 20:20:49'),(435559750,296204679,215054540,4,'15.99','2011-08-24 20:20:49','2011-08-24 20:20:49'),(437198278,335228811,405540681,2,'19.99','2011-08-24 20:20:49','2011-08-24 20:20:49'),(439391678,308359551,215054540,2,'15.99','2011-08-24 20:20:49','2011-08-24 20:20:49'),(453543709,932702864,52862384,4,'13.99','2011-08-24 20:20:49','2011-08-24 20:20:49'),(454748128,931498615,52862384,4,'13.99','2011-08-24 20:20:49','2011-08-24 20:20:49'),(460308994,707237680,599112055,3,'16.99','2011-08-24 20:20:49','2011-08-24 20:20:49'),(464161612,335228811,215054540,3,'15.99','2011-08-24 20:20:49','2011-08-24 20:20:49'),(477570041,820530800,52862384,6,'13.99','2011-08-24 20:20:49','2011-08-24 20:20:49'),(482824019,345435026,215054540,4,'15.99','2011-08-24 20:20:49','2011-08-24 20:20:49'),(493017565,345435026,405540681,3,'19.99','2011-08-24 20:20:49','2011-08-24 20:20:49'),(497584499,368651700,215054540,4,'15.99','2011-08-24 20:20:49','2011-08-24 20:20:49'),(512342438,383262055,215054540,1,'15.99','2011-08-24 20:20:49','2011-08-24 20:20:49'),(513530207,382369184,215054540,4,'15.99','2011-08-24 20:20:49','2011-08-24 20:20:49'),(520210347,391144298,215054540,2,'15.99','2011-08-24 20:20:49','2011-08-24 20:20:49'),(528092001,73849921,504220342,2,'22.99','2011-08-24 20:20:49','2011-08-24 20:20:49'),(553487442,297130368,599112055,1,'16.99','2011-08-24 20:20:49','2011-08-24 20:20:49'),(564321262,703823663,215054540,1,'15.99','2011-08-24 20:20:49','2011-08-24 20:20:49'),(565230359,702619608,215054540,4,'15.99','2011-08-24 20:20:49','2011-08-24 20:20:49'),(566982629,987209861,504220342,1,'22.99','2011-08-24 20:20:49','2011-08-24 20:20:49'),(575043350,615724322,215054540,3,'15.99','2011-08-24 20:20:49','2011-08-24 20:20:49'),(578171887,707237680,215054540,1,'15.99','2011-08-24 20:20:49','2011-08-24 20:20:49'),(582187687,335228811,599112055,2,'16.99','2011-08-24 20:20:49','2011-08-24 20:20:49'),(587961656,727331319,215054540,2,'15.99','2011-08-24 20:20:49','2011-08-24 20:20:49'),(588903887,726159630,215054540,2,'15.99','2011-08-24 20:20:49','2011-08-24 20:20:49'),(593248689,264449064,52862384,3,'13.99','2011-08-24 20:20:49','2011-08-24 20:20:49'),(601073001,707237680,405540681,3,'19.99','2011-08-24 20:20:49','2011-08-24 20:20:49'),(602680603,733841882,215054540,1,'15.99','2011-08-24 20:20:49','2011-08-24 20:20:49'),(603868644,732948771,215054540,3,'15.99','2011-08-24 20:20:49','2011-08-24 20:20:49'),(607225256,145680447,52862384,4,'13.99','2011-08-24 20:20:49','2011-08-24 20:20:49'),(610685231,741864942,215054540,2,'15.99','2011-08-24 20:20:49','2011-08-24 20:20:49'),(611594712,740660503,215054540,3,'15.99','2011-08-24 20:20:49','2011-08-24 20:20:49'),(612493572,751848899,215054540,4,'15.99','2011-08-24 20:20:49','2011-08-24 20:20:49'),(613648891,750923066,215054540,3,'15.99','2011-08-24 20:20:49','2011-08-24 20:20:49'),(623620877,601813305,215054540,4,'15.99','2011-08-24 20:20:49','2011-08-24 20:20:49'),(635354816,345435026,599112055,2,'16.99','2011-08-24 20:20:49','2011-08-24 20:20:49'),(648459260,1035625630,504220342,2,'22.99','2011-08-24 20:20:49','2011-08-24 20:20:49'),(651108343,782154552,215054540,2,'15.99','2011-08-24 20:20:49','2011-08-24 20:20:49'),(652050190,780983247,215054540,2,'15.99','2011-08-24 20:20:49','2011-08-24 20:20:49'),(658989564,790021435,215054540,3,'15.99','2011-08-24 20:20:49','2011-08-24 20:20:49'),(663767115,383262055,599112055,2,'16.99','2011-08-24 20:20:49','2011-08-24 20:20:49'),(671545148,542594049,215054540,4,'15.99','2011-08-24 20:20:49','2011-08-24 20:20:49'),(679295946,862055596,504220342,1,'22.99','2011-08-24 20:20:49','2011-08-24 20:20:49'),(697207093,568274416,215054540,3,'15.99','2011-08-24 20:20:49','2011-08-24 20:20:49'),(698149322,567102733,215054540,4,'15.99','2011-08-24 20:20:49','2011-08-24 20:20:49'),(711321934,596761353,405540681,2,'19.99','2011-08-24 20:20:49','2011-08-24 20:20:49'),(716159466,587078949,215054540,3,'15.99','2011-08-24 20:20:49','2011-08-24 20:20:49'),(728765296,133136121,52862384,1,'13.99','2011-08-24 20:20:49','2011-08-24 20:20:49'),(734035908,596761353,215054540,3,'15.99','2011-08-24 20:20:49','2011-08-24 20:20:49'),(740153207,8567520,52862384,7,'13.99','2011-08-24 20:20:49','2011-08-24 20:20:49'),(745075349,488679357,599112055,2,'16.99','2011-08-24 20:20:49','2011-08-24 20:20:49'),(749583325,620502818,215054540,3,'15.99','2011-08-24 20:20:49','2011-08-24 20:20:49'),(755510615,620502818,405540681,3,'19.99','2011-08-24 20:20:49','2011-08-24 20:20:49'),(758621481,627442156,215054540,3,'15.99','2011-08-24 20:20:49','2011-08-24 20:20:49'),(786648366,649259497,215054540,1,'15.99','2011-08-24 20:20:49','2011-08-24 20:20:49'),(787557841,648055060,215054540,4,'15.99','2011-08-24 20:20:49','2011-08-24 20:20:49'),(809669057,17482993,599112055,1,'16.99','2011-08-24 20:20:49','2011-08-24 20:20:49'),(814209161,953580620,215054540,1,'15.99','2011-08-24 20:20:49','2011-08-24 20:20:49'),(815118454,952376497,215054540,2,'15.99','2011-08-24 20:20:49','2011-08-24 20:20:49'),(824034941,961307330,215054540,4,'15.99','2011-08-24 20:20:49','2011-08-24 20:20:49'),(824331779,953580620,405540681,2,'19.99','2011-08-24 20:20:49','2011-08-24 20:20:49'),(846807768,518401861,52862384,10,'13.99','2011-08-24 20:20:49','2011-08-24 20:20:49'),(852045440,983075517,215054540,2,'15.99','2011-08-24 20:20:49','2011-08-24 20:20:49'),(862763254,983075517,405540681,1,'19.99','2011-08-24 20:20:49','2011-08-24 20:20:49'),(867469481,1004874852,215054540,1,'15.99','2011-08-24 20:20:49','2011-08-24 20:20:49'),(872512751,1039486630,405540681,1,'19.99','2011-08-24 20:20:49','2011-08-24 20:20:49'),(875336810,1014837421,215054540,1,'15.99','2011-08-24 20:20:49','2011-08-24 20:20:49'),(881760315,403830194,52862384,2,'13.99','2011-08-24 20:20:49','2011-08-24 20:20:49'),(890537679,428600156,52862384,8,'13.99','2011-08-24 20:20:49','2011-08-24 20:20:49'),(898936476,862055596,215054540,4,'15.99','2011-08-24 20:20:49','2011-08-24 20:20:49'),(900000361,1039486630,215054540,1,'15.99','2011-08-24 20:20:49','2011-08-24 20:20:49'),(938089618,1069267029,215054540,1,'15.99','2011-08-24 20:20:49','2011-08-24 20:20:49'),(939031661,1068095656,215054540,3,'15.99','2011-08-24 20:20:49','2011-08-24 20:20:49'),(950766166,821702295,215054540,3,'15.99','2011-08-24 20:20:49','2011-08-24 20:20:49'),(951708335,820530800,215054540,1,'15.99','2011-08-24 20:20:49','2011-08-24 20:20:49'),(952247897,601813305,504220342,2,'22.99','2011-08-24 20:20:49','2011-08-24 20:20:49'),(972348906,146573512,599112055,1,'16.99','2011-08-24 20:20:49','2011-08-24 20:20:49'),(973259920,844324943,215054540,2,'15.99','2011-08-24 20:20:49','2011-08-24 20:20:49'),(974169207,843120822,215054540,3,'15.99','2011-08-24 20:20:49','2011-08-24 20:20:49'),(978653197,382369184,52862384,6,'13.99','2011-08-24 20:20:49','2011-08-24 20:20:49'),(988118179,850712674,215054540,2,'15.99','2011-08-24 20:20:49','2011-08-24 20:20:49'),(989273180,849787035,215054540,3,'15.99','2011-08-24 20:20:49','2011-08-24 20:20:49'),(995042986,1035625630,215054540,1,'15.99','2011-08-24 20:20:49','2011-08-24 20:20:49'),(1002056479,183664179,599112055,1,'16.99','2011-08-24 20:20:49','2011-08-24 20:20:49'),(1003425537,391144298,52862384,3,'13.99','2011-08-24 20:20:49','2011-08-24 20:20:49'),(1008919217,987209861,215054540,2,'15.99','2011-08-24 20:20:49','2011-08-24 20:20:49'),(1020784392,228571690,599112055,2,'16.99','2011-08-24 20:20:49','2011-08-24 20:20:49'),(1027134484,296204679,52862384,1,'13.99','2011-08-24 20:20:49','2011-08-24 20:20:49'),(1030684823,893297750,215054540,1,'15.99','2011-08-24 20:20:49','2011-08-24 20:20:49'),(1031626864,892126383,215054540,2,'15.99','2011-08-24 20:20:49','2011-08-24 20:20:49'),(1032370364,903421051,215054540,2,'15.99','2011-08-24 20:20:49','2011-08-24 20:20:49'),(1033558083,902528130,215054540,3,'15.99','2011-08-24 20:20:49','2011-08-24 20:20:49'),(1046237371,906884218,215054540,4,'15.99','2011-08-24 20:20:49','2011-08-24 20:20:49'),(1050221043,265374943,599112055,3,'16.99','2011-08-24 20:20:49','2011-08-24 20:20:49'),(1068491328,615724322,504220342,2,'22.99','2011-08-24 20:20:49','2011-08-24 20:20:49'),(1069960783,932702864,215054540,1,'15.99','2011-08-24 20:20:49','2011-08-24 20:20:49'),(1070870198,931498615,215054540,1,'15.99','2011-08-24 20:20:49','2011-08-24 20:20:49'),(1070870199,1069267030,429921481,1,'17.99','2011-08-24 23:11:35','2011-08-24 23:11:35'),(1070870200,1069267030,52862384,1,'13.99','2011-08-24 23:11:44','2011-08-24 23:11:44'),(1070870201,1069267030,215054540,1,'15.99','2011-08-24 23:11:54','2011-08-24 23:11:54'),(1070870202,1069267031,52862384,2,'13.99','2011-08-24 23:16:23','2011-08-24 23:16:31'),(1070870203,1069267031,504220342,1,'22.99','2011-08-24 23:16:39','2011-08-24 23:16:39'),(1070870204,1069267032,429921481,1,'17.99','2011-08-24 23:32:31','2011-08-24 23:32:31'),(1070870205,1069267032,52862384,1,'13.99','2011-08-24 23:32:40','2011-08-24 23:32:40'),(1070870206,1069267033,489273655,2,'19.99','2011-08-24 23:37:04','2011-08-24 23:37:12'),(1070870207,1069267033,461562682,1,'19.99','2011-08-24 23:38:40','2011-08-24 23:38:40'),(1070870208,1069267033,429921481,1,'17.99','2011-08-25 00:09:58','2011-08-25 00:09:58'),(1070870209,1069267034,381254278,12,'19.99','2011-08-25 00:20:52','2011-08-25 00:21:17'),(1070870210,1069267035,1025786065,9,'12.00','2011-08-25 00:47:35','2011-08-25 00:50:09'),(1070870211,1069267036,52862384,2,'13.99','2011-08-25 00:54:42','2011-08-25 00:54:49'),(1070870212,1069267036,215054540,1,'15.99','2011-08-25 00:55:04','2011-08-25 00:55:04'),(1070870213,1069267037,1025786065,1,'12.00','2011-08-25 01:02:00','2011-08-25 01:02:00'),(1070870214,1069267038,1025786065,21,'12.00','2011-08-25 01:06:43','2011-08-25 01:07:11'),(1070870215,1069267039,52862384,3,'13.99','2011-08-25 03:10:26','2011-08-25 03:10:46'),(1070870216,1069267039,1025786065,2,'12.00','2011-08-25 03:11:34','2011-08-25 03:12:45'),(1070870217,1069267039,504220342,1,'22.99','2011-08-25 03:13:01','2011-08-25 03:13:01'),(1070870218,1069267039,461562682,1,'19.99','2011-08-25 03:13:12','2011-08-25 03:13:12'),(1070870219,1069267039,215054540,2,'15.99','2011-08-25 03:13:30','2011-08-25 03:13:40'),(1070870220,1069267040,504220342,1,'22.99','2011-08-25 03:47:08','2011-08-25 03:47:08'),(1070870221,1069267042,1025786065,1,'12.00','2011-08-27 00:27:12','2011-08-27 00:27:12'),(1070870222,1069267043,1025786064,3,'19.99','2011-08-27 00:38:35','2011-08-27 00:38:57'),(1070870224,1069267044,599112055,1,'16.99','2011-08-27 17:01:16','2011-08-27 17:01:16'),(1070870225,1069267045,461562682,1,'19.99','2011-08-27 21:15:17','2011-08-27 21:15:17'),(1070870226,1069267045,1025786065,1,'12.00','2011-08-27 21:15:24','2011-08-27 21:15:24'),(1070870233,1069267046,504220342,1,'22.99','2011-08-27 22:34:21','2011-08-27 22:34:21'),(1070870234,1069267047,489273655,2,'19.99','2011-08-28 09:46:59','2011-08-28 09:50:24'),(1070870235,1069267047,461562682,1,'19.99','2011-08-28 09:48:13','2011-08-28 09:48:13'),(1070870236,1069267047,215054540,1,'15.99','2011-08-28 09:48:21','2011-08-28 09:48:21'),(1070870237,1069267048,599112055,1,'16.99','2011-08-28 09:51:44','2011-08-28 09:51:44'),(1070870238,1069267048,1025786065,1,'12.00','2011-08-28 09:51:54','2011-08-28 09:51:54'),(1070870239,1069267049,429921481,1,'17.99','2011-08-28 10:22:47','2011-08-28 10:22:47'),(1070870240,1069267050,1025786065,1,'12.00','2011-08-28 10:29:15','2011-08-28 10:29:15'),(1070870241,1069267050,1025786064,1,'19.99','2011-08-28 10:29:53','2011-08-28 10:29:53'),(1070870242,1069267051,429921481,1,'17.99','2011-08-28 10:32:54','2011-08-28 10:32:54'),(1070870243,1069267050,52862384,1,'13.99','2011-08-28 10:35:56','2011-08-28 10:35:56'),(1070870244,1069267050,215054540,1,'15.99','2011-08-28 10:36:04','2011-08-28 10:36:04'),(1070870245,1069267050,461562682,1,'19.99','2011-08-28 10:36:13','2011-08-28 10:36:13'),(1070870246,1069267052,1025786065,1,'12.00','2011-08-28 10:46:54','2011-08-28 10:46:54'),(1070870247,1069267053,504220342,1,'22.99','2011-08-28 10:56:45','2011-08-28 10:56:45'),(1070870248,1069267054,1025786065,1,'12.00','2011-08-28 11:16:05','2011-08-28 11:16:05'),(1070870249,1069267055,1025786064,1,'19.99','2011-08-28 11:16:28','2011-08-28 11:16:28'),(1070870250,1069267056,215054540,1,'15.99','2011-08-28 11:23:32','2011-08-28 11:23:32'),(1070870252,1069267057,461562682,1,'19.99','2011-08-28 11:49:40','2011-08-28 11:49:40'),(1070870253,1069267057,1025786066,1,'12.00','2011-08-28 11:51:35','2011-08-28 11:51:35'),(1070870257,1069267060,599112055,1,'16.99','2011-08-28 16:39:35','2011-08-28 16:39:35'),(1070870262,1069267064,1025786064,1,'19.99','2011-08-28 17:14:44','2011-08-28 17:14:44'),(1070870263,1069267063,52862384,1,'13.99','2011-08-28 17:32:08','2011-08-28 17:32:08'),(1070870265,1069267063,504220342,1,'22.99','2011-08-28 17:52:11','2011-08-28 17:52:11'),(1070870266,1069267066,1025786068,1,'10.00','2011-08-29 16:24:53','2011-08-29 16:24:53'),(1070870267,1069267067,1025786064,1,'19.99','2011-08-29 18:02:14','2011-08-29 18:02:14'),(1070870268,1069267068,381254278,1,'19.99','2011-08-29 18:54:02','2011-08-29 18:54:02'),(1070870271,1069267070,461562682,1,'19.99','2011-08-29 19:00:33','2011-08-29 19:00:33'),(1070870272,1069267071,599112055,1,'16.99','2011-08-29 19:51:46','2011-08-29 19:51:46'),(1070870273,1069267071,215054540,2,'15.99','2011-08-29 19:51:56','2011-08-29 19:52:09'),(1070870274,1069267072,489273655,1,'19.99','2011-08-29 20:59:09','2011-08-29 20:59:09'),(1070870275,1069267073,504220342,1,'22.99','2011-08-29 22:22:45','2011-08-29 22:22:45'),(1070870276,1069267074,489273655,1,'19.99','2011-08-30 01:25:23','2011-08-30 01:25:23'),(1070870277,1069267074,429921481,1,'17.99','2011-08-30 02:16:54','2011-08-30 02:16:54'),(1070870284,1069267075,1025786064,1,'19.99','2011-08-30 22:22:40','2011-08-30 22:22:40'),(1070870285,1069267075,429921481,1,'17.99','2011-08-30 22:34:38','2011-08-30 22:34:38'),(1070870286,1069267075,52862384,1,'13.99','2011-08-30 22:34:53','2011-08-30 22:34:53'),(1070870287,1069267076,429921481,1,'17.99','2011-08-30 22:42:04','2011-08-30 22:42:04'),(1070870288,1069267074,504220342,1,'22.99','2011-08-31 03:34:32','2011-08-31 03:34:32'),(1070870289,1069267077,52862384,1,'13.99','2011-08-31 03:34:38','2011-08-31 03:34:38'),(1070870290,1069267077,599112055,1,'16.99','2011-08-31 03:34:53','2011-08-31 03:34:53'),(1070870291,1069267077,504220342,2,'22.99','2011-08-31 03:35:06','2011-08-31 03:35:19'),(1070870292,1069267077,215054540,1,'15.99','2011-08-31 03:39:08','2011-08-31 03:39:08'),(1070870293,1069267077,1025786068,4,'10.00','2011-08-31 03:43:46','2011-08-31 03:44:08'),(1070870294,1069267078,52862384,2,'13.99','2011-08-31 12:51:26','2011-08-31 12:52:54');
/*!40000 ALTER TABLE `line_items` ENABLE KEYS */;
UNLOCK TABLES;

--
-- Table structure for table `log_entries`
--

DROP TABLE IF EXISTS `log_entries`;
/*!40101 SET @saved_cs_client     = @@character_set_client */;
/*!40101 SET character_set_client = utf8 */;
CREATE TABLE `log_entries` (
  `id` int(11) NOT NULL AUTO_INCREMENT,
  `source_id` int(11) DEFAULT NULL,
  `source_type` varchar(255) COLLATE utf8_unicode_ci DEFAULT NULL,
  `details` text COLLATE utf8_unicode_ci,
  `created_at` datetime DEFAULT NULL,
  `updated_at` datetime DEFAULT NULL,
  PRIMARY KEY (`id`)
) ENGINE=InnoDB DEFAULT CHARSET=utf8 COLLATE=utf8_unicode_ci;
/*!40101 SET character_set_client = @saved_cs_client */;

--
-- Dumping data for table `log_entries`
--

LOCK TABLES `log_entries` WRITE;
/*!40000 ALTER TABLE `log_entries` DISABLE KEYS */;
/*!40000 ALTER TABLE `log_entries` ENABLE KEYS */;
UNLOCK TABLES;

--
-- Table structure for table `mail_methods`
--

DROP TABLE IF EXISTS `mail_methods`;
/*!40101 SET @saved_cs_client     = @@character_set_client */;
/*!40101 SET character_set_client = utf8 */;
CREATE TABLE `mail_methods` (
  `id` int(11) NOT NULL AUTO_INCREMENT,
  `environment` varchar(255) COLLATE utf8_unicode_ci DEFAULT NULL,
  `active` tinyint(1) DEFAULT '1',
  `created_at` datetime DEFAULT NULL,
  `updated_at` datetime DEFAULT NULL,
  PRIMARY KEY (`id`)
) ENGINE=InnoDB AUTO_INCREMENT=2 DEFAULT CHARSET=utf8 COLLATE=utf8_unicode_ci;
/*!40101 SET character_set_client = @saved_cs_client */;

--
-- Dumping data for table `mail_methods`
--

LOCK TABLES `mail_methods` WRITE;
/*!40000 ALTER TABLE `mail_methods` DISABLE KEYS */;
INSERT INTO `mail_methods` VALUES (1,'development',1,'2011-08-24 23:31:38','2011-08-24 23:31:38');
/*!40000 ALTER TABLE `mail_methods` ENABLE KEYS */;
UNLOCK TABLES;

--
-- Table structure for table `option_types`
--

DROP TABLE IF EXISTS `option_types`;
/*!40101 SET @saved_cs_client     = @@character_set_client */;
/*!40101 SET character_set_client = utf8 */;
CREATE TABLE `option_types` (
  `id` int(11) NOT NULL AUTO_INCREMENT,
  `name` varchar(100) COLLATE utf8_unicode_ci DEFAULT NULL,
  `presentation` varchar(100) COLLATE utf8_unicode_ci DEFAULT NULL,
  `created_at` datetime DEFAULT NULL,
  `updated_at` datetime DEFAULT NULL,
  `position` int(11) NOT NULL DEFAULT '0',
  PRIMARY KEY (`id`)
) ENGINE=InnoDB AUTO_INCREMENT=935339118 DEFAULT CHARSET=utf8 COLLATE=utf8_unicode_ci;
/*!40101 SET character_set_client = @saved_cs_client */;

--
-- Dumping data for table `option_types`
--

LOCK TABLES `option_types` WRITE;
/*!40000 ALTER TABLE `option_types` DISABLE KEYS */;
INSERT INTO `option_types` VALUES (643188970,'tshirt-color','Color','2011-08-24 20:20:49','2011-08-24 20:20:49',2),(935339117,'tshirt-size','Size','2011-08-24 20:20:49','2011-08-24 20:20:49',1);
/*!40000 ALTER TABLE `option_types` ENABLE KEYS */;
UNLOCK TABLES;

--
-- Table structure for table `option_types_prototypes`
--

DROP TABLE IF EXISTS `option_types_prototypes`;
/*!40101 SET @saved_cs_client     = @@character_set_client */;
/*!40101 SET character_set_client = utf8 */;
CREATE TABLE `option_types_prototypes` (
  `prototype_id` int(11) DEFAULT NULL,
  `option_type_id` int(11) DEFAULT NULL
) ENGINE=InnoDB DEFAULT CHARSET=utf8 COLLATE=utf8_unicode_ci;
/*!40101 SET character_set_client = @saved_cs_client */;

--
-- Dumping data for table `option_types_prototypes`
--

LOCK TABLES `option_types_prototypes` WRITE;
/*!40000 ALTER TABLE `option_types_prototypes` DISABLE KEYS */;
/*!40000 ALTER TABLE `option_types_prototypes` ENABLE KEYS */;
UNLOCK TABLES;

--
-- Table structure for table `option_values`
--

DROP TABLE IF EXISTS `option_values`;
/*!40101 SET @saved_cs_client     = @@character_set_client */;
/*!40101 SET character_set_client = utf8 */;
CREATE TABLE `option_values` (
  `id` int(11) NOT NULL AUTO_INCREMENT,
  `option_type_id` int(11) DEFAULT NULL,
  `name` varchar(255) COLLATE utf8_unicode_ci DEFAULT NULL,
  `position` int(11) DEFAULT NULL,
  `presentation` varchar(255) COLLATE utf8_unicode_ci DEFAULT NULL,
  `created_at` datetime DEFAULT NULL,
  `updated_at` datetime DEFAULT NULL,
  PRIMARY KEY (`id`)
) ENGINE=InnoDB AUTO_INCREMENT=979459987 DEFAULT CHARSET=utf8 COLLATE=utf8_unicode_ci;
/*!40101 SET character_set_client = @saved_cs_client */;

--
-- Dumping data for table `option_values`
--

LOCK TABLES `option_values` WRITE;
/*!40000 ALTER TABLE `option_values` DISABLE KEYS */;
INSERT INTO `option_values` VALUES (278588964,643188970,'Green',2,'Green','2011-08-24 20:20:49','2011-08-24 20:20:49'),(369541888,935339117,'Large',3,'L','2011-08-24 20:20:49','2011-08-24 20:20:49'),(453955339,935339117,'Small',1,'S','2011-08-24 20:20:49','2011-08-24 20:20:49'),(506907318,643188970,'Blue',3,'Blue','2011-08-24 20:20:49','2011-08-24 20:20:49'),(553775723,935339117,'Medium',2,'M','2011-08-24 20:20:49','2011-08-24 20:20:49'),(574344309,935339117,'Extra Large',4,'XL','2011-08-24 20:20:49','2011-08-24 20:20:49'),(979459986,643188970,'Red',1,'Red','2011-08-24 20:20:49','2011-08-24 20:20:49');
/*!40000 ALTER TABLE `option_values` ENABLE KEYS */;
UNLOCK TABLES;

--
-- Table structure for table `option_values_variants`
--

DROP TABLE IF EXISTS `option_values_variants`;
/*!40101 SET @saved_cs_client     = @@character_set_client */;
/*!40101 SET character_set_client = utf8 */;
CREATE TABLE `option_values_variants` (
  `variant_id` int(11) DEFAULT NULL,
  `option_value_id` int(11) DEFAULT NULL,
  KEY `index_option_values_variants_on_variant_id` (`variant_id`),
  KEY `index_option_values_variants_on_variant_id_and_option_value_id` (`variant_id`,`option_value_id`)
) ENGINE=InnoDB DEFAULT CHARSET=utf8 COLLATE=utf8_unicode_ci;
/*!40101 SET character_set_client = @saved_cs_client */;

--
-- Dumping data for table `option_values_variants`
--

LOCK TABLES `option_values_variants` WRITE;
/*!40000 ALTER TABLE `option_values_variants` DISABLE KEYS */;
INSERT INTO `option_values_variants` VALUES (97292824,278588964),(97292824,553775723),(205047256,574344309),(205047256,979459986),(265742438,278588964),(265742438,369541888),(325821322,453955339),(325821322,979459986),(405540681,369541888),(405540681,506907318),(529709246,278588964),(529709246,453955339),(568516732,369541888),(568516732,979459986),(664770399,506907318),(664770399,553775723),(947339321,553775723),(947339321,979459986),(1013589412,453955339),(1013589412,506907318);
/*!40000 ALTER TABLE `option_values_variants` ENABLE KEYS */;
UNLOCK TABLES;

--
-- Table structure for table `orders`
--

DROP TABLE IF EXISTS `orders`;
/*!40101 SET @saved_cs_client     = @@character_set_client */;
/*!40101 SET character_set_client = utf8 */;
CREATE TABLE `orders` (
  `id` int(11) NOT NULL AUTO_INCREMENT,
  `user_id` int(11) DEFAULT NULL,
  `number` varchar(15) COLLATE utf8_unicode_ci DEFAULT NULL,
  `item_total` decimal(8,2) NOT NULL DEFAULT '0.00',
  `total` decimal(8,2) NOT NULL DEFAULT '0.00',
  `created_at` datetime DEFAULT NULL,
  `updated_at` datetime DEFAULT NULL,
  `state` varchar(255) COLLATE utf8_unicode_ci DEFAULT NULL,
  `adjustment_total` decimal(8,2) NOT NULL DEFAULT '0.00',
  `credit_total` decimal(8,2) NOT NULL DEFAULT '0.00',
  `completed_at` datetime DEFAULT NULL,
  `bill_address_id` int(11) DEFAULT NULL,
  `ship_address_id` int(11) DEFAULT NULL,
  `payment_total` decimal(8,2) DEFAULT '0.00',
  `shipping_method_id` int(11) DEFAULT NULL,
  `shipment_state` varchar(255) COLLATE utf8_unicode_ci DEFAULT NULL,
  `payment_state` varchar(255) COLLATE utf8_unicode_ci DEFAULT NULL,
  `email` varchar(255) COLLATE utf8_unicode_ci DEFAULT NULL,
  `special_instructions` text COLLATE utf8_unicode_ci,
  PRIMARY KEY (`id`),
  KEY `index_orders_on_number` (`number`)
) ENGINE=InnoDB AUTO_INCREMENT=1069267079 DEFAULT CHARSET=utf8 COLLATE=utf8_unicode_ci;
/*!40101 SET character_set_client = @saved_cs_client */;

--
-- Dumping data for table `orders`
--

LOCK TABLES `orders` WRITE;
/*!40000 ALTER TABLE `orders` DISABLE KEYS */;
INSERT INTO `orders` VALUES (8567520,712180813,'R188583263','113.92','118.92','2011-08-14 15:20:49','2011-08-24 20:20:49','complete','5.00','0.00','2011-08-14 15:20:49',379059436,574376536,'0.00',NULL,'pending','balance_due','gabrielle@kshlerindamore.net',NULL),(9493021,711025848,'R408525323','63.96','68.96','2011-08-13 01:20:49','2011-08-24 20:20:49','complete','5.00','0.00','2011-08-13 01:20:49',377854995,573450925,'0.00',NULL,'pending','balance_due','vinnie.botsford@morissette.biz',NULL),(17482993,737901126,'R383044124','80.95','85.95','2011-08-18 07:20:49','2011-08-24 20:20:49','complete','5.00','0.00','2011-08-18 07:20:49',387941095,599012441,'0.00',NULL,'pending','balance_due','xzavier.kerluke@gorczany.org',NULL),(36435006,685394585,'R737560514','63.96','68.96','2011-08-04 04:20:49','2011-08-24 20:20:49','complete','5.00','0.00','2011-08-04 04:20:49',339653170,546636942,'0.00',NULL,'pending','balance_due','savion.wilderman@kesslerwilliamson.net',NULL),(37328065,684206702,'R504862754','63.96','68.96','2011-08-07 06:20:49','2011-08-24 20:20:49','complete','5.00','0.00','2011-08-07 06:20:49',338481867,545743993,'0.00',NULL,'pending','balance_due','emmet_tremblay@schultzpacocha.com',NULL),(46943257,675148478,'R827542700','31.98','36.98','2011-08-08 05:20:49','2011-08-24 20:20:49','complete','5.00','0.00','2011-08-08 05:20:49',349768223,544390305,'0.00',NULL,'pending','balance_due','mariela.macejkovic@terry.biz',NULL),(48114926,674206273,'R057637751','47.97','52.97','2011-08-09 03:20:49','2011-08-24 20:20:49','complete','5.00','0.00','2011-08-09 03:20:49',348875494,543218782,'0.00',NULL,'pending','balance_due','greg@fadelterry.name',NULL),(73849921,452191684,'R442464453','109.94','114.94','2011-08-22 19:20:49','2011-08-24 20:20:49','complete','5.00','0.00','2011-08-22 19:20:49',126041504,501684253,'0.00',NULL,'pending','balance_due','giovanni_schoen@oconnell.biz',NULL),(88485925,800558738,'R856834765','63.96','68.96','2011-08-03 08:20:49','2011-08-24 20:20:49','complete','5.00','0.00','2011-08-03 08:20:49',324236843,670613653,'0.00',NULL,'pending','balance_due','randy@hickle.org',NULL),(89411802,799403637,'R121446736','31.98','36.98','2011-08-06 06:20:49','2011-08-24 20:20:49','complete','5.00','0.00','2011-08-06 06:20:49',323032786,669687922,'0.00',NULL,'pending','balance_due','domingo_ritchie@franecki.com',NULL),(94472210,793786021,'R426761804','63.96','68.96','2011-08-08 15:20:49','2011-08-24 20:20:49','complete','5.00','0.00','2011-08-08 15:20:49',330616326,656373946,'0.00',NULL,'pending','balance_due','frida@tremblay.name',NULL),(95676661,792876634,'R471572685','47.97','52.97','2011-08-09 22:20:49','2011-08-24 20:20:49','complete','5.00','0.00','2011-08-09 22:20:49',329690879,655169605,'0.00',NULL,'pending','balance_due','virgil_koch@mcclure.info',NULL),(133136121,756990036,'R711344505','29.98','34.98','2011-08-13 19:20:49','2011-08-24 20:20:49','complete','5.00','0.00','2011-08-13 19:20:49',301611251,626101841,'0.00',NULL,'pending','balance_due','alice_damore@keelingwuckert.net',NULL),(134028804,755802289,'R252312748','63.96','68.96','2011-08-11 22:20:49','2011-08-24 20:20:49','complete','5.00','0.00','2011-08-11 22:20:49',300439564,625209012,'0.00',NULL,'pending','balance_due','natalie@schusterschamberger.name',NULL),(145680447,576673428,'R007682678','71.95','76.95','2011-08-16 12:20:49','2011-08-24 20:20:49','complete','5.00','0.00','2011-08-16 12:20:49',515616313,705697931,'0.00',NULL,'pending','balance_due','brandi_carroll@mitchell.biz',NULL),(146573512,575485547,'R533023525','32.98','37.98','2011-08-18 21:20:49','2011-08-24 20:20:49','complete','5.00','0.00','2011-08-18 21:20:49',514445004,704804980,'0.00',NULL,'pending','balance_due','sheldon_bailey@schultz.com',NULL),(183664179,537116830,'R746707640','92.95','97.95','2011-08-21 23:20:49','2011-08-24 20:20:49','complete','5.00','0.00','2011-08-21 23:20:49',484915261,676105863,'0.00',NULL,'pending','balance_due','dasia.cassin@ruecker.biz',NULL),(192544832,562806419,'R243757448','63.96','68.96','2011-08-07 18:20:49','2011-08-24 20:20:49','complete','5.00','0.00','2011-08-07 18:20:49',493831732,700772492,'0.00',NULL,'pending','balance_due','annamarie@upton.biz',NULL),(216145139,638820960,'R762647832','31.98','36.98','2011-08-05 05:20:49','2011-08-24 20:20:49','complete','5.00','0.00','2011-08-05 05:20:49',452418301,777841735,'0.00',NULL,'pending','balance_due','oren.durgan@wisozk.net',NULL),(228571690,661521543,'R611145762','69.96','74.96','2011-08-20 22:20:49','2011-08-24 20:20:49','complete','5.00','0.00','2011-08-20 22:20:49',462093350,790710942,'0.00',NULL,'pending','balance_due','pete_greenholt@denesik.name',NULL),(231772182,323332591,'R473722114','38.98','43.98','2011-08-24 10:20:49','2011-08-24 20:20:49','complete','5.00','0.00','2011-08-24 10:20:49',238383541,340874296,'0.00',NULL,'pending','balance_due','alfonzo.bogan@morissette.biz',NULL),(239817259,616230022,'R076878260','47.97','52.97','2011-08-10 23:20:49','2011-08-24 20:20:49','complete','5.00','0.00','2011-08-10 23:20:49',408818721,754295455,'0.00',NULL,'pending','balance_due','otto@roob.info',NULL),(264449064,624071307,'R168024581','57.96','62.96','2011-08-17 08:20:49','2011-08-24 20:20:49','complete','5.00','0.00','2011-08-17 08:20:49',433482288,763223188,'0.00',NULL,'pending','balance_due','zola_bauch@cronin.info',NULL),(265374943,622916212,'R351247752','66.96','71.96','2011-08-19 17:20:49','2011-08-24 20:20:49','complete','5.00','0.00','2011-08-19 17:20:49',432278229,762297451,'0.00',NULL,'pending','balance_due','zena_carter@upton.info',NULL),(296204679,995493676,'R405861814','77.95','82.95','2011-08-16 21:20:49','2011-08-24 20:20:49','complete','5.00','0.00','2011-08-16 21:20:49',129171341,857295155,'0.00',NULL,'pending','balance_due','edd_walker@nikolaus.name',NULL),(297130368,994338771,'R313307111','32.98','37.98','2011-08-18 20:20:49','2011-08-24 20:20:49','complete','5.00','0.00','2011-08-18 20:20:49',127967096,856369612,'0.00',NULL,'pending','balance_due','nolan.dicki@hillsbosco.org',NULL),(308359551,948998100,'R451544045','31.98','36.98','2011-08-09 03:20:49','2011-08-24 20:20:49','complete','5.00','0.00','2011-08-09 03:20:49',74741621,819970507,'0.00',NULL,'pending','balance_due','alverta@connturner.info',NULL),(330565047,220281934,'R265345312','61.97','66.97','2011-08-24 11:20:49','2011-08-24 20:20:49','complete','5.00','0.00','2011-08-24 11:20:49',273802266,171295127,'0.00',NULL,'pending','balance_due','madisen@grimes.info',NULL),(335228811,956993830,'R767530445','144.92','149.92','2011-08-22 12:20:49','2011-08-24 20:20:49','complete','5.00','0.00','2011-08-22 12:20:49',99510657,826662719,'0.00',NULL,'pending','balance_due','marion_haag@murray.net',NULL),(345435026,1046959423,'R166563252','157.91','162.91','2011-08-21 15:20:49','2011-08-24 20:20:49','complete','5.00','0.00','2011-08-21 15:20:49',42184090,908598054,'0.00',NULL,'pending','balance_due','eloy_crona@ferrywisoky.info',NULL),(349815214,172816471,'R833880651','61.97','66.97','2011-08-23 05:20:49','2011-08-24 20:20:49','complete','5.00','0.00','2011-08-23 05:20:49',389816337,223872400,'0.00',NULL,'pending','balance_due','joshuah.hyatt@kling.biz',NULL),(368651700,1057526559,'R206046004','63.96','68.96','2011-08-02 22:20:49','2011-08-24 20:20:49','complete','5.00','0.00','2011-08-02 22:20:49',65825724,927456520,'0.00',NULL,'pending','balance_due','laurianne@lang.biz',NULL),(382369184,1010549555,'R741523623','147.90','152.90','2011-08-17 09:20:49','2011-08-24 20:20:49','complete','5.00','0.00','2011-08-17 09:20:49',14629780,880053548,'0.00',NULL,'pending','balance_due','jaquelin@dooley.biz',NULL),(383262055,1009361868,'R251208135','49.97','54.97','2011-08-19 14:20:49','2011-08-24 20:20:49','complete','5.00','0.00','2011-08-19 14:20:49',13458289,879160787,'0.00',NULL,'pending','balance_due','hailie@king.info',NULL),(391144298,1034018247,'R723485643','73.95','78.95','2011-08-13 09:20:49','2011-08-24 20:20:49','complete','5.00','0.00','2011-08-13 09:20:49',21308770,904827870,'0.00',NULL,'pending','balance_due','chaz@bartell.biz',NULL),(403830194,853560069,'R606752164','59.96','64.96','2011-08-15 11:20:49','2011-08-24 20:20:49','complete','5.00','0.00','2011-08-15 11:20:49',235189158,984548634,'0.00',NULL,'pending','balance_due','adella_padberg@gaylordglover.com',NULL),(428600156,863655417,'R181066521','143.90','148.90','2011-08-14 18:20:49','2011-08-24 20:20:49','complete','5.00','0.00','2011-08-14 18:20:49',262057300,993336300,'0.00',NULL,'pending','balance_due','ayana.rempel@heller.info',NULL),(429493153,862467340,'R878271413','47.97','52.97','2011-08-12 15:20:49','2011-08-24 20:20:49','complete','5.00','0.00','2011-08-12 15:20:49',260885931,992443161,'0.00',NULL,'pending','balance_due','lolita@mueller.com',NULL),(455255426,835918637,'R026222103','63.96','68.96','2011-08-04 19:20:49','2011-08-24 20:20:49','complete','5.00','0.00','2011-08-04 19:20:49',221766538,966546746,'0.00',NULL,'pending','balance_due','noel_daugherty@quigley.org',NULL),(456181117,834763738,'R422828220','63.96','68.96','2011-08-06 13:20:49','2011-08-24 20:20:49','complete','5.00','0.00','2011-08-06 13:20:49',220562291,965621197,'0.00',NULL,'pending','balance_due','velda@bauch.com',NULL),(465903021,825533186,'R461663163','31.98','36.98','2011-08-07 20:20:49','2011-08-24 20:20:49','complete','5.00','0.00','2011-08-07 20:20:49',231758759,964422941,'0.00',NULL,'pending','balance_due','lourdes_haley@sauer.biz',NULL),(467107162,824624125,'R378147885','63.96','68.96','2011-08-09 21:20:49','2011-08-24 20:20:49','complete','5.00','0.00','2011-08-09 21:20:49',230832990,963218914,'0.00',NULL,'pending','balance_due','norris.waters@jewesshermiston.org',NULL),(474964377,918478646,'R875788402','47.97','52.97','2011-08-03 19:20:49','2011-08-24 20:20:49','complete','5.00','0.00','2011-08-03 19:20:49',173680531,1056018737,'0.00',NULL,'pending','balance_due','kayla@mccullough.info',NULL),(475857254,917290961,'R704213587','15.99','20.99','2011-08-05 16:20:49','2011-08-24 20:20:49','complete','5.00','0.00','2011-08-05 16:20:49',172509034,1055125974,'0.00',NULL,'pending','balance_due','eryn.nitzsche@boyer.info',NULL),(480827830,911828761,'R343575647','47.97','52.97','2011-08-08 12:20:49','2011-08-24 20:20:49','complete','5.00','0.00','2011-08-08 12:20:49',180199358,1041639686,'0.00',NULL,'pending','balance_due','adolf.king@buckridge.net',NULL),(481999185,910886886,'R185835056','63.96','68.96','2011-08-10 14:20:49','2011-08-24 20:20:49','complete','5.00','0.00','2011-08-10 14:20:49',179306311,1040468473,'0.00',NULL,'pending','balance_due','sydnee.witting@harriscollins.net',NULL),(488679357,936450328,'R182504503','125.93','130.93','2011-08-20 16:20:49','2011-08-24 20:20:49','complete','5.00','0.00','2011-08-20 16:20:49',188080563,1067341581,'0.00',NULL,'pending','balance_due','amber@hoppe.org',NULL),(518401861,873959920,'R814584055','203.86','208.86','2011-08-13 23:20:49','2011-08-24 20:20:49','complete','5.00','0.00','2011-08-13 23:20:49',150169931,1012457461,'0.00',NULL,'pending','balance_due','scottie@barton.info',NULL),(519327672,872804629,'R738011123','31.98','36.98','2011-08-11 15:20:49','2011-08-24 20:20:49','complete','5.00','0.00','2011-08-11 15:20:49',148965812,1011531536,'0.00',NULL,'pending','balance_due','brennon.lind@schmeler.biz',NULL),(539762571,140587364,'R436314455','63.96','68.96','2011-08-02 11:20:49','2011-08-24 20:20:49','complete','5.00','0.00','2011-08-02 11:20:49',421966440,42776516,'0.00',NULL,'pending','balance_due','josie_paucek@hauckbrown.name',NULL),(542594049,178711894,'R731218040','147.90','152.90','2011-08-13 14:20:49','2011-08-24 20:20:49','complete','5.00','0.00','2011-08-13 14:20:49',910300663,48866121,'0.00',NULL,'pending','balance_due','camryn@volkman.name',NULL),(567102733,188543912,'R504083004','170.89','175.89','2011-08-17 20:20:49','2011-08-24 20:20:49','complete','5.00','0.00','2011-08-17 20:20:49',936905475,57916861,'0.00',NULL,'pending','balance_due','dusty.daugherty@maggio.org',NULL),(568274416,187601757,'R751823480','64.96','69.96','2011-08-19 14:20:49','2011-08-24 20:20:49','complete','5.00','0.00','2011-08-19 14:20:49',936012796,56745288,'0.00',NULL,'pending','balance_due','alivia@howe.name',NULL),(587078949,135242632,'R636407281','47.97','52.97','2011-08-02 20:20:49','2011-08-24 20:20:49','complete','5.00','0.00','2011-08-02 20:20:49',887839535,4255125,'0.00',NULL,'pending','balance_due','chad_turner@klingdurgan.net',NULL),(596761353,157312430,'R404681570','138.92','143.92','2011-08-21 14:20:49','2011-08-24 20:20:49','complete','5.00','0.00','2011-08-21 14:20:49',897883407,19868593,'0.00',NULL,'pending','balance_due','alene@shieldsstoltenberg.name',NULL),(601813305,1028376774,'R171518060','109.94','114.94','2011-08-23 15:20:49','2011-08-24 20:20:49','complete','5.00','0.00','2011-08-23 15:20:49',540741786,979318045,'0.00',NULL,'pending','balance_due','roy@rathmaggio.org',NULL),(615724322,975572189,'R478033117','93.95','98.95','2011-08-24 16:20:49','2011-08-24 20:20:49','complete','5.00','0.00','2011-08-24 16:20:49',660001923,1026748676,'0.00',NULL,'pending','balance_due','clair@strackeledner.net',NULL),(620502818,235774389,'R220084705','158.91','163.91','2011-08-22 10:20:49','2011-08-24 20:20:49','complete','5.00','0.00','2011-08-22 10:20:49',854153494,105050026,'0.00',NULL,'pending','balance_due','shea.hessel@auerhuel.biz',NULL),(627442156,261603145,'R838208535','47.97','52.97','2011-08-08 18:20:49','2011-08-24 20:20:49','complete','5.00','0.00','2011-08-08 18:20:49',863193060,131658076,'0.00',NULL,'pending','balance_due','kyleigh@reilly.org',NULL),(648055060,206649281,'R337772236','91.94','96.94','2011-08-16 21:20:49','2011-08-24 20:20:49','complete','5.00','0.00','2011-08-16 21:20:49',817221404,69106084,'0.00',NULL,'pending','balance_due','melba_oreilly@bodehansen.info',NULL),(649259497,205739844,'R780551130','49.97','54.97','2011-08-18 10:20:49','2011-08-24 20:20:49','complete','5.00','0.00','2011-08-18 10:20:49',816295907,67901793,'0.00',NULL,'pending','balance_due','roosevelt@kuhn.biz',NULL),(702619608,51421563,'R004768057','133.91','138.91','2011-08-14 01:20:49','2011-08-24 20:20:49','complete','5.00','0.00','2011-08-14 01:20:49',1072978396,190836580,'0.00',NULL,'pending','balance_due','bernita@schmidthammes.net',NULL),(703823663,50512260,'R528812584','15.99','20.99','2011-08-11 05:20:49','2011-08-24 20:20:49','complete','5.00','0.00','2011-08-11 05:20:49',1072052521,189632411,'0.00',NULL,'pending','balance_due','jerel@kuhicbrown.net',NULL),(707237680,14035331,'R248278432','126.93','131.93','2011-08-20 10:20:49','2011-08-24 20:20:49','complete','5.00','0.00','2011-08-20 10:20:49',1009963300,144271260,'0.00',NULL,'pending','balance_due','irving_williamson@hessel.biz',NULL),(726159630,28962723,'R741021808','31.98','36.98','2011-08-03 18:20:49','2011-08-24 20:20:49','complete','5.00','0.00','2011-08-03 18:20:49',1029510922,167158202,'0.00',NULL,'pending','balance_due','royce@prohaskakunze.net',NULL),(727331319,28020570,'R181227848','31.98','36.98','2011-08-05 21:20:49','2011-08-24 20:20:49','complete','5.00','0.00','2011-08-05 21:20:49',1028618237,165986627,'0.00',NULL,'pending','balance_due','casimir@dubuque.org',NULL),(732948771,22960014,'R488008680','47.97','52.97','2011-08-08 12:20:49','2011-08-24 20:20:49','complete','5.00','0.00','2011-08-08 12:20:49',1035644717,152115607,'0.00',NULL,'pending','balance_due','halie.hamill@huels.com',NULL),(733841882,21772151,'R572176233','15.99','20.99','2011-08-10 08:20:49','2011-08-24 20:20:49','complete','5.00','0.00','2011-08-10 08:20:49',1034473426,151222638,'0.00',NULL,'pending','balance_due','aniyah@parisianshanahan.com',NULL),(740660503,114568122,'R486761674','47.97','52.97','2011-08-04 18:20:49','2011-08-24 20:20:49','complete','5.00','0.00','2011-08-04 18:20:49',976278305,245065123,'0.00',NULL,'pending','balance_due','arden@gleichner.name',NULL),(741864942,113658691,'R484015643','31.98','36.98','2011-08-06 17:20:49','2011-08-24 20:20:49','complete','5.00','0.00','2011-08-06 17:20:49',975352806,243860826,'0.00',NULL,'pending','balance_due','leatha.hilll@boehm.name',NULL),(750923066,104043415,'R802647777','47.97','52.97','2011-08-07 20:20:49','2011-08-24 20:20:49','complete','5.00','0.00','2011-08-07 20:20:49',987196214,243064206,'0.00',NULL,'pending','balance_due','lucile@weberwalsh.org',NULL),(751848899,102888302,'R332118141','63.96','68.96','2011-08-09 15:20:49','2011-08-24 20:20:49','complete','5.00','0.00','2011-08-09 15:20:49',985992137,242138487,'0.00',NULL,'pending','balance_due','queenie_heller@keebler.biz',NULL),(780983247,75326820,'R867234513','157.89','162.89','2011-08-15 01:20:49','2011-08-24 20:20:49','complete','5.00','0.00','2011-08-15 01:20:49',949591493,204614523,'0.00',NULL,'pending','balance_due','macie@jast.info',NULL),(782154552,74384795,'R584632763','31.98','36.98','2011-08-12 04:20:49','2011-08-24 20:20:49','complete','5.00','0.00','2011-08-12 04:20:49',948698432,203443076,'0.00',NULL,'pending','balance_due','belle@schummwisozk.info',NULL),(790021435,99056534,'R353324375','187.87','192.87','2011-08-15 15:20:49','2011-08-24 20:20:49','complete','5.00','0.00','2011-08-15 15:20:49',956531505,229127567,'0.00',NULL,'pending','balance_due','bryce.baumbach@bergstrom.name',NULL),(820530800,437907651,'R733722757','99.93','104.93','2011-08-13 18:20:49','2011-08-24 20:20:49','complete','5.00','0.00','2011-08-13 18:20:49',654116968,307674844,'0.00',NULL,'pending','balance_due','marley.murray@nolanrempel.name',NULL),(821702295,436965436,'R245014172','47.97','52.97','2011-08-12 00:20:49','2011-08-24 20:20:49','complete','5.00','0.00','2011-08-12 00:20:49',653224093,306503203,'0.00',NULL,'pending','balance_due','clyde_wiza@rippinbaumbach.biz',NULL),(843120822,414236187,'R430886643','47.97','52.97','2011-08-03 09:20:49','2011-08-24 20:20:49','complete','5.00','0.00','2011-08-03 09:20:49',609502910,285208578,'0.00',NULL,'pending','balance_due','bell.harber@ruecker.org',NULL),(844324943,413327074,'R672444744','31.98','36.98','2011-08-06 03:20:49','2011-08-24 20:20:49','complete','5.00','0.00','2011-08-06 03:20:49',608577097,284004603,'0.00',NULL,'pending','balance_due','alyce@heathcote.com',NULL),(849787035,408356406,'R757703652','47.97','52.97','2011-08-08 13:20:49','2011-08-24 20:20:49','complete','5.00','0.00','2011-08-08 13:20:49',615775889,270026799,'0.00',NULL,'pending','balance_due','nils.hermann@wilkinsoncrooks.biz',NULL),(850712674,407201487,'R746388554','31.98','36.98','2011-08-10 02:20:49','2011-08-24 20:20:49','complete','5.00','0.00','2011-08-10 02:20:49',614571630,269101270,'0.00',NULL,'pending','balance_due','jaron.kertzmann@ullrichrohan.net',NULL),(862055596,771020115,'R074636050','86.95','91.95','2011-08-22 15:20:49','2011-08-24 20:20:49','complete','5.00','0.00','2011-08-22 15:20:49',813960457,719333514,'0.00',NULL,'pending','balance_due','brooklyn@hamill.org',NULL),(892126383,534608386,'R382068015','31.98','36.98','2011-08-04 15:20:49','2011-08-24 20:20:49','complete','5.00','0.00','2011-08-04 15:20:49',590971557,395457563,'0.00',NULL,'pending','balance_due','agustin@kilback.biz',NULL),(893297750,533666555,'R665145870','15.99','20.99','2011-08-07 04:20:49','2011-08-24 20:20:49','complete','5.00','0.00','2011-08-07 04:20:49',590078562,394286306,'0.00',NULL,'pending','balance_due','chase.tremblay@williamsonkuhlman.net',NULL),(902528130,523944495,'R652248437','47.97','52.97','2011-08-07 20:20:49','2011-08-24 20:20:49','complete','5.00','0.00','2011-08-07 20:20:49',601766538,393579574,'0.00',NULL,'pending','balance_due','sienna@pfannerstillmccullough.name',NULL),(903421051,522756822,'R814583273','31.98','36.98','2011-08-09 05:20:49','2011-08-24 20:20:49','complete','5.00','0.00','2011-08-09 05:20:49',600595061,392686799,'0.00',NULL,'pending','balance_due','frances.goyette@wehnergaylord.name',NULL),(906884218,486296279,'R524011136','80.95','85.95','2011-08-18 08:20:49','2011-08-24 20:20:49','complete','5.00','0.00','2011-08-18 08:20:49',538489458,347276494,'0.00',NULL,'pending','balance_due','mark.hills@hartmannhegmann.info',NULL),(931498615,494154972,'R266264583','71.95','76.95','2011-08-14 11:20:49','2011-08-24 20:20:49','complete','5.00','0.00','2011-08-14 11:20:49',563137665,356219587,'0.00',NULL,'pending','balance_due','domenick@conroy.com',NULL),(932702864,493245475,'R774784063','71.95','76.95','2011-08-13 07:20:49','2011-08-24 20:20:49','complete','5.00','0.00','2011-08-13 07:20:49',562211972,355015228,'0.00',NULL,'pending','balance_due','kimberly_cruickshank@quigley.name',NULL),(952376497,305504796,'R123470242','143.90','148.90','2011-08-16 22:20:49','2011-08-24 20:20:49','complete','5.00','0.00','2011-08-16 22:20:49',785472187,444263433,'0.00',NULL,'pending','balance_due','wilbert_orn@jewess.com',NULL),(953580620,304595689,'R526748116','72.96','77.96','2011-08-20 01:20:49','2011-08-24 20:20:49','complete','5.00','0.00','2011-08-20 01:20:49',784546372,443059452,'0.00',NULL,'pending','balance_due','ben@armstrong.biz',NULL),(961307330,331209749,'R638285226','63.96','68.96','2011-08-11 03:20:49','2011-08-24 20:20:49','complete','5.00','0.00','2011-08-11 03:20:49',794371254,468881930,'0.00',NULL,'pending','balance_due','soledad@beattyhilpert.net',NULL),(983075517,275330066,'R146132586','102.94','107.94','2011-08-21 05:20:49','2011-08-24 20:20:49','complete','5.00','0.00','2011-08-21 05:20:49',747490487,405174797,'0.00',NULL,'pending','balance_due','chauncey_ernser@hauck.net',NULL),(987209861,608344442,'R285336878','54.97','59.97','2011-08-23 23:20:49','2011-08-24 20:20:49','complete','5.00','0.00','2011-08-23 23:20:49',959594786,592864417,'0.00',NULL,'pending','balance_due','kara_eichmann@pagacrau.name',NULL),(1004874852,286560969,'R428677661','15.99','20.99','2011-08-04 20:20:49','2011-08-24 20:20:49','complete','5.00','0.00','2011-08-04 20:20:49',770730608,425450708,'0.00',NULL,'pending','balance_due','emelia.kling@legros.org',NULL),(1014837421,378310152,'R474251282','15.99','20.99','2011-08-07 17:20:49','2011-08-24 20:20:49','complete','5.00','0.00','2011-08-07 17:20:49',711489187,516145181,'0.00',NULL,'pending','balance_due','lloyd_veum@lubowitz.name',NULL),(1035625630,590306657,'R551768555','61.97','66.97','2011-08-24 16:20:49','2011-08-24 20:20:49','complete','5.00','0.00','2011-08-24 16:20:49',1046447419,607887544,'0.00',NULL,'pending','balance_due','frederick.bins@oreilly.biz',NULL),(1039486630,386199561,'R836862240','86.95','91.95','2011-08-21 23:20:49','2011-08-24 20:20:49','complete','5.00','0.00','2011-08-21 23:20:49',736102574,525057558,'0.00',NULL,'pending','balance_due','haylie_schultz@hyatt.net',NULL),(1068095656,358114821,'R701661628','145.90','150.90','2011-08-16 01:20:49','2011-08-24 20:20:49','complete','5.00','0.00','2011-08-16 01:20:49',700227236,488056864,'0.00',NULL,'pending','balance_due','payton@ernserharvey.org',NULL),(1069267029,357172992,'R610477561','66.96','71.96','2011-08-19 07:20:49','2011-08-24 20:20:49','complete','5.00','0.00','2011-08-19 07:20:49',699334235,486885605,'0.00',NULL,'pending','balance_due','sally@parker.org',NULL),(1069267030,1057526560,'R303581317','47.97','47.97','2011-08-24 23:11:00','2011-08-24 23:23:11','cart','0.00','0.00',NULL,NULL,NULL,'0.00',NULL,NULL,'balance_due','justin@acapellahq.com',NULL),(1069267031,1057526562,'R165055824','50.97','50.97','2011-08-24 23:16:23','2011-08-24 23:16:23','cart','0.00','0.00',NULL,NULL,NULL,'0.00',NULL,NULL,'balance_due',NULL,NULL),(1069267032,1057526560,'R772441180','31.98','36.98','2011-08-24 23:32:31','2011-08-24 23:34:36','complete','5.00','0.00','2011-08-24 23:34:36',1072978397,1072978398,'36.98',574015644,'ready','paid','justin@acapellahq.com',NULL),(1069267033,1057526560,'R327465163','77.96','92.96','2011-08-24 23:37:04','2011-08-25 00:12:04','complete','15.00','0.00','2011-08-25 00:12:04',1072978399,1072978400,'92.96',13537749,'ready','paid','justin@acapellahq.com',NULL),(1069267034,1057526560,'R572762850','239.88','249.88','2011-08-25 00:20:52','2011-08-25 00:23:19','complete','10.00','0.00','2011-08-25 00:23:19',1072978401,1072978402,'249.88',192811543,'backorder','paid','justin@acapellahq.com',NULL),(1069267035,1057526564,'R343661535','108.00','108.00','2011-08-25 00:47:35','2011-08-25 00:47:35','cart','0.00','0.00',NULL,NULL,NULL,'0.00',NULL,NULL,'balance_due',NULL,NULL),(1069267036,1057526565,'R242214158','43.97','43.97','2011-08-25 00:54:42','2011-08-25 00:54:42','cart','0.00','0.00',NULL,NULL,NULL,'0.00',NULL,NULL,'balance_due',NULL,NULL),(1069267037,1057526567,'R840777431','12.00','17.00','2011-08-25 01:02:00','2011-08-25 01:04:04','confirm','5.00','0.00',NULL,1072978403,1072978404,'0.00',574015644,'pending','balance_due','softedge.projects@hotmail.com',NULL),(1069267038,1057526567,'R555230217','252.00','262.00','2011-08-25 01:06:42','2011-08-25 01:09:30','complete','10.00','0.00','2011-08-25 01:09:30',1072978405,1072978406,'262.00',192811543,'backorder','paid','softedge.projects@hotmail.com',NULL),(1069267039,1057526560,'R547851632','140.93','150.93','2011-08-25 03:10:25','2011-08-25 03:16:34','complete','10.00','0.00','2011-08-25 03:16:34',1072978407,1072978408,'0.00',192811543,'pending','balance_due','justin@acapellahq.com',NULL),(1069267040,1057526569,'R507654454','22.99','22.99','2011-08-25 03:47:08','2011-08-25 03:47:08','cart','0.00','0.00',NULL,NULL,NULL,'0.00',NULL,NULL,'balance_due',NULL,NULL),(1069267041,1057526570,'R205381016','0.00','0.00','2011-08-25 20:12:43','2011-08-25 20:12:43','cart','0.00','0.00',NULL,NULL,NULL,'0.00',NULL,NULL,NULL,NULL,NULL),(1069267042,1057526567,'R730101255','12.00','12.00','2011-08-27 00:27:12','2011-08-27 00:30:55','cart','0.00','0.00',NULL,NULL,NULL,'0.00',NULL,NULL,'balance_due','softedge.projects@hotmail.com',NULL),(1069267043,1057526572,'R454615464','59.97','59.97','2011-08-27 00:38:34','2011-08-27 00:38:34','cart','0.00','0.00',NULL,NULL,NULL,'0.00',NULL,NULL,'balance_due',NULL,NULL),(1069267044,1057526560,'R761207017','16.99','21.99','2011-08-27 17:01:16','2011-08-27 17:16:01','complete','5.00','0.00','2011-08-27 17:16:01',1072978409,1072978410,'0.00',574015644,'pending','balance_due','justin@acapellahq.com',NULL),(1069267045,1057526573,'R024242334','31.99','31.99','2011-08-27 21:15:17','2011-08-27 21:15:17','cart','0.00','0.00',NULL,NULL,NULL,'0.00',NULL,NULL,'balance_due',NULL,NULL),(1069267046,1057526574,'R205162435','22.99','22.99','2011-08-27 22:03:00','2011-08-27 22:03:00','cart','0.00','0.00',NULL,NULL,NULL,'0.00',NULL,NULL,'balance_due',NULL,NULL),(1069267047,1057526575,'R808278886','75.96','75.96','2011-08-28 09:46:59','2011-08-28 09:46:59','cart','0.00','0.00',NULL,NULL,NULL,'0.00',NULL,NULL,'balance_due',NULL,NULL),(1069267048,1057526576,'R128355160','28.99','28.99','2011-08-28 09:51:44','2011-08-28 09:51:44','cart','0.00','0.00',NULL,NULL,NULL,'0.00',NULL,NULL,'balance_due',NULL,NULL),(1069267049,1057526560,'R143584541','17.99','22.99','2011-08-28 10:22:46','2011-08-28 10:23:55','payment','5.00','0.00',NULL,1072978411,1072978412,'0.00',574015644,'pending','balance_due','justin@acapellahq.com',NULL),(1069267050,1057526577,'R615036184','81.96','81.96','2011-08-28 10:29:15','2011-08-28 10:29:15','cart','0.00','0.00',NULL,NULL,NULL,'0.00',NULL,NULL,'balance_due',NULL,NULL),(1069267051,1057526560,'R053254024','17.99','22.99','2011-08-28 10:32:54','2011-08-28 10:33:48','payment','5.00','0.00',NULL,1072978413,1072978414,'0.00',574015644,'pending','balance_due','justin@acapellahq.com',NULL),(1069267052,1057526579,'R660170400','12.00','22.00','2011-08-28 10:46:54','2011-08-28 10:55:15','complete','10.00','0.00','2011-08-28 10:55:15',1072978415,1072978416,'0.00',192811543,'pending','balance_due','softedges@live.com',NULL),(1069267053,1057526580,'R338527504','22.99','22.99','2011-08-28 10:56:45','2011-08-28 10:56:45','cart','0.00','0.00',NULL,NULL,NULL,'0.00',NULL,NULL,'balance_due',NULL,NULL),(1069267054,1057526560,'R814838645','12.00','27.00','2011-08-28 11:16:04','2011-08-28 11:18:24','complete','15.00','0.00','2011-08-28 11:18:24',1072978417,1072978418,'0.00',13537749,'pending','balance_due','justin@acapellahq.com',NULL),(1069267055,1057526581,'R088412631','19.99','19.99','2011-08-28 11:16:28','2011-08-28 11:16:28','cart','0.00','0.00',NULL,NULL,NULL,'0.00',NULL,NULL,'balance_due',NULL,NULL),(1069267056,1057526560,'R622327755','15.99','15.99','2011-08-28 11:23:32','2011-08-28 11:23:32','cart','0.00','0.00',NULL,NULL,NULL,'0.00',NULL,NULL,'balance_due','justin@acapellahq.com',NULL),(1069267057,1057526582,'R342528486','31.99','31.99','2011-08-28 11:49:32','2011-08-28 11:49:32','cart','0.00','0.00',NULL,NULL,NULL,'0.00',NULL,NULL,'balance_due',NULL,NULL),(1069267058,1057526560,'R054131548','0.00','0.00','2011-08-28 11:52:40','2011-08-28 11:53:21','cart','0.00','0.00',NULL,NULL,NULL,'0.00',NULL,NULL,'paid','justin@acapellahq.com',NULL),(1069267059,1057526584,'R246751387','0.00','0.00','2011-08-28 12:57:18','2011-08-28 12:57:18','cart','0.00','0.00',NULL,NULL,NULL,'0.00',NULL,NULL,'paid',NULL,NULL),(1069267060,1057526585,'R501002824','16.99','16.99','2011-08-28 16:39:34','2011-08-28 16:39:34','cart','0.00','0.00',NULL,NULL,NULL,'0.00',NULL,NULL,'balance_due','xcel_mind@live.com',NULL),(1069267061,1057526579,'R583053405','0.00','0.00','2011-08-28 16:44:37','2011-08-28 17:53:37','cart','0.00','0.00',NULL,NULL,NULL,'0.00',NULL,NULL,'paid','softedges@live.com',NULL),(1069267062,1057526560,'R866041012','0.00','0.00','2011-08-28 16:56:58','2011-08-28 16:56:58','cart','0.00','0.00',NULL,NULL,NULL,'0.00',NULL,NULL,NULL,'justin@acapellahq.com',NULL),(1069267063,1057526560,'R261616640','36.98','36.98','2011-08-28 17:06:10','2011-08-28 17:31:07','cart','0.00','0.00',NULL,NULL,NULL,'0.00',NULL,NULL,'balance_due','justin@acapellahq.com',NULL),(1069267064,1057526589,'R075765823','19.99','19.99','2011-08-28 17:14:44','2011-08-28 17:14:44','cart','0.00','0.00',NULL,NULL,NULL,'0.00',NULL,NULL,'balance_due',NULL,NULL),(1069267065,1057526590,'R234172751','0.00','0.00','2011-08-28 17:36:10','2011-08-28 17:36:10','cart','0.00','0.00',NULL,NULL,NULL,'0.00',NULL,NULL,NULL,NULL,NULL),(1069267066,1057526591,'R458518764','10.00','10.00','2011-08-29 16:24:53','2011-08-29 16:24:53','cart','0.00','0.00',NULL,NULL,NULL,'0.00',NULL,NULL,'balance_due',NULL,NULL),(1069267067,1057526592,'R126822312','19.99','19.99','2011-08-29 18:02:13','2011-08-29 18:02:13','cart','0.00','0.00',NULL,NULL,NULL,'0.00',NULL,NULL,'balance_due',NULL,NULL),(1069267068,1057526560,'R578022813','19.99','19.99','2011-08-29 18:54:02','2011-08-29 18:54:02','cart','0.00','0.00',NULL,NULL,NULL,'0.00',NULL,NULL,'balance_due','justin@acapellahq.com',NULL),(1069267069,1057526593,'R548466211','0.00','0.00','2011-08-29 18:56:34','2011-08-29 18:56:34','cart','0.00','0.00',NULL,NULL,NULL,'0.00',NULL,NULL,'paid',NULL,NULL),(1069267070,1057526594,'R165850838','19.99','19.99','2011-08-29 19:00:32','2011-08-29 19:00:32','cart','0.00','0.00',NULL,NULL,NULL,'0.00',NULL,NULL,'balance_due','justin@acapellamedia.com',NULL),(1069267071,1057526560,'R456145650','48.97','53.97','2011-08-29 19:51:46','2011-08-29 19:54:15','complete','5.00','0.00','2011-08-29 19:54:15',1072978419,1072978420,'0.00',574015644,'pending','balance_due','justin@acapellahq.com',NULL),(1069267072,1057526597,'R085816023','19.99','19.99','2011-08-29 20:59:09','2011-08-29 20:59:09','cart','0.00','0.00',NULL,NULL,NULL,'0.00',NULL,NULL,'balance_due',NULL,NULL),(1069267073,1057526598,'R363173112','22.99','22.99','2011-08-29 22:22:45','2011-08-29 22:22:45','cart','0.00','0.00',NULL,NULL,NULL,'0.00',NULL,NULL,'balance_due',NULL,NULL),(1069267074,1057526560,'R164382044','60.97','60.97','2011-08-30 01:25:23','2011-08-31 02:55:05','cart','0.00','0.00',NULL,NULL,NULL,'0.00',NULL,NULL,'balance_due','justin@acapellahq.com',NULL),(1069267075,1057526601,'R657122213','51.97','51.97','2011-08-30 02:17:10','2011-08-30 02:17:10','cart','0.00','0.00',NULL,NULL,NULL,'0.00',NULL,NULL,'balance_due',NULL,NULL),(1069267076,1057526602,'R788358145','17.99','17.99','2011-08-30 22:42:04','2011-08-30 22:42:04','cart','0.00','0.00',NULL,NULL,NULL,'0.00',NULL,NULL,'balance_due',NULL,NULL),(1069267077,1057526560,'R645728083','132.95','132.95','2011-08-31 03:34:38','2011-08-31 03:34:38','cart','0.00','0.00',NULL,NULL,NULL,'0.00',NULL,NULL,'balance_due','justin@acapellahq.com',NULL),(1069267078,1057526603,'R782201682','27.98','27.98','2011-08-31 12:51:26','2011-08-31 12:51:26','cart','0.00','0.00',NULL,NULL,NULL,'0.00',NULL,NULL,'balance_due',NULL,NULL);
/*!40000 ALTER TABLE `orders` ENABLE KEYS */;
UNLOCK TABLES;

--
-- Table structure for table `payment_methods`
--

DROP TABLE IF EXISTS `payment_methods`;
/*!40101 SET @saved_cs_client     = @@character_set_client */;
/*!40101 SET character_set_client = utf8 */;
CREATE TABLE `payment_methods` (
  `id` int(11) NOT NULL AUTO_INCREMENT,
  `type` varchar(255) COLLATE utf8_unicode_ci DEFAULT NULL,
  `name` varchar(255) COLLATE utf8_unicode_ci DEFAULT NULL,
  `description` text COLLATE utf8_unicode_ci,
  `active` tinyint(1) DEFAULT '1',
  `environment` varchar(255) COLLATE utf8_unicode_ci DEFAULT 'development',
  `created_at` datetime DEFAULT NULL,
  `updated_at` datetime DEFAULT NULL,
  `deleted_at` datetime DEFAULT NULL,
  `display_on` varchar(255) COLLATE utf8_unicode_ci DEFAULT NULL,
  PRIMARY KEY (`id`)
) ENGINE=InnoDB AUTO_INCREMENT=842616225 DEFAULT CHARSET=utf8 COLLATE=utf8_unicode_ci;
/*!40101 SET character_set_client = @saved_cs_client */;

--
-- Dumping data for table `payment_methods`
--

LOCK TABLES `payment_methods` WRITE;
/*!40000 ALTER TABLE `payment_methods` DISABLE KEYS */;
INSERT INTO `payment_methods` VALUES (193416319,'Gateway::Bogus','Credit Card','Bogus payment gateway for development.',1,'development','2011-08-24 20:20:50','2011-08-27 17:04:30','2011-08-27 17:04:30',NULL),(535962117,'Gateway::Bogus','Credit Card','Bogus payment gateway for test.',1,'test','2011-08-24 20:20:50','2011-08-27 17:04:26','2011-08-27 17:04:26',NULL),(732545999,'PaymentMethod::Check','Check','Pay by check.',1,'development','2011-08-24 20:20:50','2011-08-24 20:20:50',NULL,NULL),(842616223,'Gateway::Bogus','Credit Card','Bogus payment gateway for staging.',1,'staging','2011-08-24 20:20:50','2011-08-27 17:04:20','2011-08-27 17:04:20',NULL),(842616224,'Gateway::PayPal','Paypal','Paypal Description',1,'development','2011-08-27 16:49:20','2011-08-27 16:49:20',NULL,'');
/*!40000 ALTER TABLE `payment_methods` ENABLE KEYS */;
UNLOCK TABLES;

--
-- Table structure for table `payments`
--

DROP TABLE IF EXISTS `payments`;
/*!40101 SET @saved_cs_client     = @@character_set_client */;
/*!40101 SET character_set_client = utf8 */;
CREATE TABLE `payments` (
  `id` int(11) NOT NULL AUTO_INCREMENT,
  `order_id` int(11) DEFAULT NULL,
  `created_at` datetime DEFAULT NULL,
  `updated_at` datetime DEFAULT NULL,
  `amount` decimal(8,2) NOT NULL DEFAULT '0.00',
  `source_id` int(11) DEFAULT NULL,
  `source_type` varchar(255) COLLATE utf8_unicode_ci DEFAULT NULL,
  `payment_method_id` int(11) DEFAULT NULL,
  `state` varchar(255) COLLATE utf8_unicode_ci DEFAULT NULL,
  `response_code` varchar(255) COLLATE utf8_unicode_ci DEFAULT NULL,
  `avs_response` varchar(255) COLLATE utf8_unicode_ci DEFAULT NULL,
  PRIMARY KEY (`id`)
) ENGINE=InnoDB AUTO_INCREMENT=118 DEFAULT CHARSET=utf8 COLLATE=utf8_unicode_ci;
/*!40101 SET character_set_client = @saved_cs_client */;

--
-- Dumping data for table `payments`
--

LOCK TABLES `payments` WRITE;
/*!40000 ALTER TABLE `payments` DISABLE KEYS */;
INSERT INTO `payments` VALUES (1,8567520,'2011-08-24 20:20:54','2011-08-24 20:20:54','118.92',2,'Creditcard',193416319,'pending','12345',NULL),(2,9493021,'2011-08-24 20:20:54','2011-08-24 20:20:54','68.96',3,'Creditcard',193416319,'pending','12345',NULL),(3,17482993,'2011-08-24 20:20:54','2011-08-24 20:20:54','85.95',4,'Creditcard',193416319,'pending','12345',NULL),(4,36435006,'2011-08-24 20:20:54','2011-08-24 20:20:54','68.96',5,'Creditcard',193416319,'pending','12345',NULL),(5,37328065,'2011-08-24 20:20:54','2011-08-24 20:20:54','68.96',6,'Creditcard',193416319,'pending','12345',NULL),(6,46943257,'2011-08-24 20:20:54','2011-08-24 20:20:54','36.98',7,'Creditcard',193416319,'pending','12345',NULL),(7,48114926,'2011-08-24 20:20:54','2011-08-24 20:20:54','52.97',8,'Creditcard',193416319,'pending','12345',NULL),(8,73849921,'2011-08-24 20:20:54','2011-08-24 20:20:54','114.94',9,'Creditcard',193416319,'pending','12345',NULL),(9,88485925,'2011-08-24 20:20:54','2011-08-24 20:20:54','68.96',10,'Creditcard',193416319,'pending','12345',NULL),(10,89411802,'2011-08-24 20:20:54','2011-08-24 20:20:54','36.98',11,'Creditcard',193416319,'pending','12345',NULL),(11,94472210,'2011-08-24 20:20:55','2011-08-24 20:20:55','68.96',12,'Creditcard',193416319,'pending','12345',NULL),(12,95676661,'2011-08-24 20:20:55','2011-08-24 20:20:55','52.97',13,'Creditcard',193416319,'pending','12345',NULL),(13,133136121,'2011-08-24 20:20:55','2011-08-24 20:20:55','34.98',14,'Creditcard',193416319,'pending','12345',NULL),(14,134028804,'2011-08-24 20:20:55','2011-08-24 20:20:55','68.96',15,'Creditcard',193416319,'pending','12345',NULL),(15,145680447,'2011-08-24 20:20:55','2011-08-24 20:20:55','76.95',16,'Creditcard',193416319,'pending','12345',NULL),(16,146573512,'2011-08-24 20:20:55','2011-08-24 20:20:55','37.98',17,'Creditcard',193416319,'pending','12345',NULL),(17,183664179,'2011-08-24 20:20:55','2011-08-24 20:20:55','97.95',18,'Creditcard',193416319,'pending','12345',NULL),(18,192544832,'2011-08-24 20:20:55','2011-08-24 20:20:55','68.96',19,'Creditcard',193416319,'pending','12345',NULL),(19,216145139,'2011-08-24 20:20:55','2011-08-24 20:20:55','36.98',20,'Creditcard',193416319,'pending','12345',NULL),(20,228571690,'2011-08-24 20:20:55','2011-08-24 20:20:55','74.96',21,'Creditcard',193416319,'pending','12345',NULL),(21,231772182,'2011-08-24 20:20:55','2011-08-24 20:20:55','43.98',22,'Creditcard',193416319,'pending','12345',NULL),(22,239817259,'2011-08-24 20:20:55','2011-08-24 20:20:55','52.97',23,'Creditcard',193416319,'pending','12345',NULL),(23,264449064,'2011-08-24 20:20:55','2011-08-24 20:20:55','62.96',24,'Creditcard',193416319,'pending','12345',NULL),(24,265374943,'2011-08-24 20:20:55','2011-08-24 20:20:55','71.96',25,'Creditcard',193416319,'pending','12345',NULL),(25,296204679,'2011-08-24 20:20:55','2011-08-24 20:20:55','82.95',26,'Creditcard',193416319,'pending','12345',NULL),(26,297130368,'2011-08-24 20:20:56','2011-08-24 20:20:56','37.98',27,'Creditcard',193416319,'pending','12345',NULL),(27,308359551,'2011-08-24 20:20:56','2011-08-24 20:20:56','36.98',28,'Creditcard',193416319,'pending','12345',NULL),(28,330565047,'2011-08-24 20:20:56','2011-08-24 20:20:56','66.97',29,'Creditcard',193416319,'pending','12345',NULL),(29,335228811,'2011-08-24 20:20:56','2011-08-24 20:20:56','149.92',30,'Creditcard',193416319,'pending','12345',NULL),(30,345435026,'2011-08-24 20:20:56','2011-08-24 20:20:56','162.91',31,'Creditcard',193416319,'pending','12345',NULL),(31,349815214,'2011-08-24 20:20:56','2011-08-24 20:20:56','66.97',32,'Creditcard',193416319,'pending','12345',NULL),(32,368651700,'2011-08-24 20:20:56','2011-08-24 20:20:56','68.96',33,'Creditcard',193416319,'pending','12345',NULL),(33,382369184,'2011-08-24 20:20:56','2011-08-24 20:20:56','152.90',34,'Creditcard',193416319,'pending','12345',NULL),(34,383262055,'2011-08-24 20:20:56','2011-08-24 20:20:56','54.97',35,'Creditcard',193416319,'pending','12345',NULL),(35,391144298,'2011-08-24 20:20:56','2011-08-24 20:20:56','78.95',36,'Creditcard',193416319,'pending','12345',NULL),(36,403830194,'2011-08-24 20:20:56','2011-08-24 20:20:56','64.96',37,'Creditcard',193416319,'pending','12345',NULL),(37,428600156,'2011-08-24 20:20:56','2011-08-24 20:20:56','148.90',38,'Creditcard',193416319,'pending','12345',NULL),(38,429493153,'2011-08-24 20:20:56','2011-08-24 20:20:56','52.97',39,'Creditcard',193416319,'pending','12345',NULL),(39,455255426,'2011-08-24 20:20:56','2011-08-24 20:20:56','68.96',40,'Creditcard',193416319,'pending','12345',NULL),(40,456181117,'2011-08-24 20:20:56','2011-08-24 20:20:56','68.96',41,'Creditcard',193416319,'pending','12345',NULL),(41,465903021,'2011-08-24 20:20:56','2011-08-24 20:20:56','36.98',42,'Creditcard',193416319,'pending','12345',NULL),(42,467107162,'2011-08-24 20:20:56','2011-08-24 20:20:56','68.96',43,'Creditcard',193416319,'pending','12345',NULL),(43,474964377,'2011-08-24 20:20:57','2011-08-24 20:20:57','52.97',44,'Creditcard',193416319,'pending','12345',NULL),(44,475857254,'2011-08-24 20:20:57','2011-08-24 20:20:57','20.99',45,'Creditcard',193416319,'pending','12345',NULL),(45,480827830,'2011-08-24 20:20:57','2011-08-24 20:20:57','52.97',46,'Creditcard',193416319,'pending','12345',NULL),(46,481999185,'2011-08-24 20:20:57','2011-08-24 20:20:57','68.96',47,'Creditcard',193416319,'pending','12345',NULL),(47,488679357,'2011-08-24 20:20:57','2011-08-24 20:20:57','130.93',48,'Creditcard',193416319,'pending','12345',NULL),(48,518401861,'2011-08-24 20:20:57','2011-08-24 20:20:57','208.86',49,'Creditcard',193416319,'pending','12345',NULL),(49,519327672,'2011-08-24 20:20:57','2011-08-24 20:20:57','36.98',50,'Creditcard',193416319,'pending','12345',NULL),(50,539762571,'2011-08-24 20:20:57','2011-08-24 20:20:57','68.96',51,'Creditcard',193416319,'pending','12345',NULL),(51,542594049,'2011-08-24 20:20:57','2011-08-24 20:20:57','152.90',52,'Creditcard',193416319,'pending','12345',NULL),(52,567102733,'2011-08-24 20:20:57','2011-08-24 20:20:57','175.89',53,'Creditcard',193416319,'pending','12345',NULL),(53,568274416,'2011-08-24 20:20:57','2011-08-24 20:20:57','69.96',54,'Creditcard',193416319,'pending','12345',NULL),(54,587078949,'2011-08-24 20:20:57','2011-08-24 20:20:57','52.97',55,'Creditcard',193416319,'pending','12345',NULL),(55,596761353,'2011-08-24 20:20:57','2011-08-24 20:20:57','143.92',56,'Creditcard',193416319,'pending','12345',NULL),(56,601813305,'2011-08-24 20:20:57','2011-08-24 20:20:57','114.94',57,'Creditcard',193416319,'pending','12345',NULL),(57,615724322,'2011-08-24 20:20:57','2011-08-24 20:20:57','98.95',58,'Creditcard',193416319,'pending','12345',NULL),(58,620502818,'2011-08-24 20:20:57','2011-08-24 20:20:57','163.91',59,'Creditcard',193416319,'pending','12345',NULL),(59,627442156,'2011-08-24 20:20:57','2011-08-24 20:20:57','52.97',60,'Creditcard',193416319,'pending','12345',NULL),(60,648055060,'2011-08-24 20:20:58','2011-08-24 20:20:58','96.94',61,'Creditcard',193416319,'pending','12345',NULL),(61,649259497,'2011-08-24 20:20:58','2011-08-24 20:20:58','54.97',62,'Creditcard',193416319,'pending','12345',NULL),(62,702619608,'2011-08-24 20:20:58','2011-08-24 20:20:58','138.91',63,'Creditcard',193416319,'pending','12345',NULL),(63,703823663,'2011-08-24 20:20:58','2011-08-24 20:20:58','20.99',64,'Creditcard',193416319,'pending','12345',NULL),(64,707237680,'2011-08-24 20:20:58','2011-08-24 20:20:58','131.93',65,'Creditcard',193416319,'pending','12345',NULL),(65,726159630,'2011-08-24 20:20:58','2011-08-24 20:20:58','36.98',66,'Creditcard',193416319,'pending','12345',NULL),(66,727331319,'2011-08-24 20:20:58','2011-08-24 20:20:58','36.98',67,'Creditcard',193416319,'pending','12345',NULL),(67,732948771,'2011-08-24 20:20:58','2011-08-24 20:20:58','52.97',68,'Creditcard',193416319,'pending','12345',NULL),(68,733841882,'2011-08-24 20:20:58','2011-08-24 20:20:58','20.99',69,'Creditcard',193416319,'pending','12345',NULL),(69,740660503,'2011-08-24 20:20:58','2011-08-24 20:20:58','52.97',70,'Creditcard',193416319,'pending','12345',NULL),(70,741864942,'2011-08-24 20:20:58','2011-08-24 20:20:58','36.98',71,'Creditcard',193416319,'pending','12345',NULL),(71,750923066,'2011-08-24 20:20:58','2011-08-24 20:20:58','52.97',72,'Creditcard',193416319,'pending','12345',NULL),(72,751848899,'2011-08-24 20:20:58','2011-08-24 20:20:58','68.96',73,'Creditcard',193416319,'pending','12345',NULL),(73,780983247,'2011-08-24 20:20:58','2011-08-24 20:20:58','162.89',74,'Creditcard',193416319,'pending','12345',NULL),(74,782154552,'2011-08-24 20:20:58','2011-08-24 20:20:58','36.98',75,'Creditcard',193416319,'pending','12345',NULL),(75,790021435,'2011-08-24 20:20:58','2011-08-24 20:20:58','192.87',76,'Creditcard',193416319,'pending','12345',NULL),(76,820530800,'2011-08-24 20:20:59','2011-08-24 20:20:59','104.93',77,'Creditcard',193416319,'pending','12345',NULL),(77,821702295,'2011-08-24 20:20:59','2011-08-24 20:20:59','52.97',78,'Creditcard',193416319,'pending','12345',NULL),(78,843120822,'2011-08-24 20:20:59','2011-08-24 20:20:59','52.97',79,'Creditcard',193416319,'pending','12345',NULL),(79,844324943,'2011-08-24 20:20:59','2011-08-24 20:20:59','36.98',80,'Creditcard',193416319,'pending','12345',NULL),(80,849787035,'2011-08-24 20:20:59','2011-08-24 20:20:59','52.97',81,'Creditcard',193416319,'pending','12345',NULL),(81,850712674,'2011-08-24 20:20:59','2011-08-24 20:20:59','36.98',82,'Creditcard',193416319,'pending','12345',NULL),(82,862055596,'2011-08-24 20:20:59','2011-08-24 20:20:59','91.95',83,'Creditcard',193416319,'pending','12345',NULL),(83,892126383,'2011-08-24 20:20:59','2011-08-24 20:20:59','36.98',84,'Creditcard',193416319,'pending','12345',NULL),(84,893297750,'2011-08-24 20:20:59','2011-08-24 20:20:59','20.99',85,'Creditcard',193416319,'pending','12345',NULL),(85,902528130,'2011-08-24 20:20:59','2011-08-24 20:20:59','52.97',86,'Creditcard',193416319,'pending','12345',NULL),(86,903421051,'2011-08-24 20:20:59','2011-08-24 20:20:59','36.98',87,'Creditcard',193416319,'pending','12345',NULL),(87,906884218,'2011-08-24 20:20:59','2011-08-24 20:20:59','85.95',88,'Creditcard',193416319,'pending','12345',NULL),(88,931498615,'2011-08-24 20:21:00','2011-08-24 20:21:00','76.95',89,'Creditcard',193416319,'pending','12345',NULL),(89,932702864,'2011-08-24 20:21:00','2011-08-24 20:21:00','76.95',90,'Creditcard',193416319,'pending','12345',NULL),(90,952376497,'2011-08-24 20:21:00','2011-08-24 20:21:00','148.90',91,'Creditcard',193416319,'pending','12345',NULL),(91,953580620,'2011-08-24 20:21:00','2011-08-24 20:21:00','77.96',92,'Creditcard',193416319,'pending','12345',NULL),(92,961307330,'2011-08-24 20:21:00','2011-08-24 20:21:00','68.96',93,'Creditcard',193416319,'pending','12345',NULL),(93,983075517,'2011-08-24 20:21:00','2011-08-24 20:21:00','107.94',94,'Creditcard',193416319,'pending','12345',NULL),(94,987209861,'2011-08-24 20:21:00','2011-08-24 20:21:00','59.97',95,'Creditcard',193416319,'pending','12345',NULL),(95,1004874852,'2011-08-24 20:21:00','2011-08-24 20:21:00','20.99',96,'Creditcard',193416319,'pending','12345',NULL),(96,1014837421,'2011-08-24 20:21:00','2011-08-24 20:21:00','20.99',97,'Creditcard',193416319,'pending','12345',NULL),(97,1035625630,'2011-08-24 20:21:00','2011-08-24 20:21:00','66.97',98,'Creditcard',193416319,'pending','12345',NULL),(98,1039486630,'2011-08-24 20:21:00','2011-08-24 20:21:00','91.95',99,'Creditcard',193416319,'pending','12345',NULL),(99,1068095656,'2011-08-24 20:21:00','2011-08-24 20:21:00','150.90',100,'Creditcard',193416319,'pending','12345',NULL),(100,1069267029,'2011-08-24 20:21:00','2011-08-24 20:21:00','71.96',101,'Creditcard',193416319,'pending','12345',NULL),(101,1069267032,'2011-08-24 23:34:23','2011-08-25 00:06:16','36.98',NULL,NULL,732545999,'completed',NULL,NULL),(102,1069267033,'2011-08-25 00:11:51','2011-08-25 00:13:50','92.96',NULL,NULL,732545999,'completed',NULL,NULL),(103,1069267034,'2011-08-25 00:22:55','2011-08-25 00:24:56','249.88',NULL,NULL,732545999,'completed',NULL,NULL),(104,1069267037,'2011-08-25 01:04:03','2011-08-25 01:04:03','17.00',NULL,NULL,732545999,'checkout',NULL,NULL),(105,1069267038,'2011-08-25 01:09:17','2011-08-25 01:17:08','262.00',NULL,NULL,732545999,'completed',NULL,NULL),(106,1069267039,'2011-08-25 03:16:21','2011-08-25 03:16:21','150.93',NULL,NULL,732545999,'checkout',NULL,NULL),(111,1069267044,'2011-08-27 17:16:01','2011-08-27 17:16:01','21.99',NULL,NULL,732545999,'checkout',NULL,NULL),(113,1069267049,'2011-08-28 10:24:35','2011-08-28 10:24:35','22.99',NULL,NULL,732545999,'checkout',NULL,NULL),(114,1069267051,'2011-08-28 10:34:21','2011-08-28 10:34:21','22.99',NULL,NULL,732545999,'checkout',NULL,NULL),(115,1069267052,'2011-08-28 10:55:14','2011-08-28 10:55:14','22.00',NULL,NULL,732545999,'checkout',NULL,NULL),(116,1069267054,'2011-08-28 11:18:23','2011-08-28 11:18:23','27.00',NULL,NULL,732545999,'checkout',NULL,NULL),(117,1069267071,'2011-08-29 19:54:15','2011-08-29 19:54:15','53.97',NULL,NULL,732545999,'checkout',NULL,NULL);
/*!40000 ALTER TABLE `payments` ENABLE KEYS */;
UNLOCK TABLES;

--
-- Table structure for table `preferences`
--

DROP TABLE IF EXISTS `preferences`;
/*!40101 SET @saved_cs_client     = @@character_set_client */;
/*!40101 SET character_set_client = utf8 */;
CREATE TABLE `preferences` (
  `id` int(11) NOT NULL AUTO_INCREMENT,
  `name` varchar(100) COLLATE utf8_unicode_ci NOT NULL,
  `owner_id` int(11) NOT NULL,
  `owner_type` varchar(50) COLLATE utf8_unicode_ci NOT NULL,
  `group_id` int(11) DEFAULT NULL,
  `group_type` varchar(50) COLLATE utf8_unicode_ci DEFAULT NULL,
  `value` text COLLATE utf8_unicode_ci,
  `created_at` datetime DEFAULT NULL,
  `updated_at` datetime DEFAULT NULL,
  PRIMARY KEY (`id`),
  UNIQUE KEY `ix_prefs_on_owner_attr_pref` (`owner_id`,`owner_type`,`name`,`group_id`,`group_type`)
) ENGINE=InnoDB AUTO_INCREMENT=243735690 DEFAULT CHARSET=utf8 COLLATE=utf8_unicode_ci;
/*!40101 SET character_set_client = @saved_cs_client */;

--
-- Dumping data for table `preferences`
--

LOCK TABLES `preferences` WRITE;
/*!40000 ALTER TABLE `preferences` DISABLE KEYS */;
INSERT INTO `preferences` VALUES (59769363,'amount',491052212,'Calculator',NULL,NULL,'5','2011-08-24 20:20:50','2011-08-24 20:20:50'),(87531454,'amount',192811543,'Calculator',NULL,NULL,'10','2011-08-24 20:20:50','2011-08-24 20:20:50'),(174063089,'amount',574015644,'Calculator',NULL,NULL,'5','2011-08-24 20:20:50','2011-08-24 20:20:50'),(243735672,'amount',13537749,'Calculator',NULL,NULL,'15','2011-08-24 20:20:50','2011-08-24 20:20:50'),(243735673,'enable_mail_delivery',1,'MailMethod',NULL,NULL,'1','2011-08-24 23:31:38','2011-08-27 16:43:35'),(243735674,'mails_from',1,'MailMethod',NULL,NULL,'ehtisham.saqib.test@gmail.com','2011-08-24 23:31:38','2011-08-27 16:43:35'),(243735675,'mail_bcc',1,'MailMethod',NULL,NULL,'ehtisham.saqib.test@gmail.com','2011-08-24 23:31:38','2011-08-27 16:43:35'),(243735676,'intercept_email',1,'MailMethod',NULL,NULL,'','2011-08-24 23:31:38','2011-08-24 23:31:38'),(243735677,'mail_domain',1,'MailMethod',NULL,NULL,'gmail.com','2011-08-24 23:31:38','2011-08-27 16:43:35'),(243735678,'mail_host',1,'MailMethod',NULL,NULL,'smtp.gmail.com','2011-08-24 23:31:38','2011-08-24 23:31:38'),(243735679,'mail_port',1,'MailMethod',NULL,NULL,'587','2011-08-24 23:31:38','2011-08-24 23:31:38'),(243735680,'secure_connection_type',1,'MailMethod',NULL,NULL,'TLS','2011-08-24 23:31:38','2011-08-24 23:31:38'),(243735681,'mail_auth_type',1,'MailMethod',NULL,NULL,'login','2011-08-24 23:31:38','2011-08-27 16:46:31'),(243735682,'smtp_username',1,'MailMethod',NULL,NULL,'ehtisham.saqib.test@gmail.com','2011-08-24 23:31:38','2011-08-27 16:43:35'),(243735683,'smtp_password',1,'MailMethod',NULL,NULL,'ehtisham123456789','2011-08-24 23:31:38','2011-08-27 16:43:35'),(243735684,'server',842616224,'PaymentMethod',NULL,NULL,'test','2011-08-27 16:50:13','2011-08-27 16:50:13'),(243735685,'test_mode',842616224,'PaymentMethod',NULL,NULL,'1','2011-08-27 16:50:13','2011-08-27 16:50:13'),(243735686,'login',842616224,'PaymentMethod',NULL,NULL,'sannan_1279622144_biz_api1.gmail.com','2011-08-27 16:50:13','2011-08-27 16:50:13'),(243735687,'password',842616224,'PaymentMethod',NULL,NULL,'1279622150','2011-08-27 16:50:13','2011-08-27 16:50:13'),(243735688,'signature',842616224,'PaymentMethod',NULL,NULL,'AkjBqflaH1vb2HEw3Z06ne-AobP3A.8nRzSzpprEfQLtRQAWOy1qc0HL','2011-08-27 16:50:13','2011-08-27 16:50:13'),(243735689,'currency_code',842616224,'PaymentMethod',NULL,NULL,'','2011-08-27 16:50:13','2011-08-27 16:50:13');
/*!40000 ALTER TABLE `preferences` ENABLE KEYS */;
UNLOCK TABLES;

--
-- Table structure for table `product_groups`
--

DROP TABLE IF EXISTS `product_groups`;
/*!40101 SET @saved_cs_client     = @@character_set_client */;
/*!40101 SET character_set_client = utf8 */;
CREATE TABLE `product_groups` (
  `id` int(11) NOT NULL AUTO_INCREMENT,
  `name` varchar(255) COLLATE utf8_unicode_ci DEFAULT NULL,
  `permalink` varchar(255) COLLATE utf8_unicode_ci DEFAULT NULL,
  `order` varchar(255) COLLATE utf8_unicode_ci DEFAULT NULL,
  PRIMARY KEY (`id`),
  KEY `index_product_groups_on_name` (`name`),
  KEY `index_product_groups_on_permalink` (`permalink`)
) ENGINE=InnoDB AUTO_INCREMENT=1071416406 DEFAULT CHARSET=utf8 COLLATE=utf8_unicode_ci;
/*!40101 SET character_set_client = @saved_cs_client */;

--
-- Dumping data for table `product_groups`
--

LOCK TABLES `product_groups` WRITE;
/*!40000 ALTER TABLE `product_groups` DISABLE KEYS */;
INSERT INTO `product_groups` VALUES (651548145,'Promotions for the Apache','promotions-for-the-apache',NULL),(1071416405,'most popular rails items','most-popular-rails-items',NULL);
/*!40000 ALTER TABLE `product_groups` ENABLE KEYS */;
UNLOCK TABLES;

--
-- Table structure for table `product_groups_products`
--

DROP TABLE IF EXISTS `product_groups_products`;
/*!40101 SET @saved_cs_client     = @@character_set_client */;
/*!40101 SET character_set_client = utf8 */;
CREATE TABLE `product_groups_products` (
  `product_id` int(11) DEFAULT NULL,
  `product_group_id` int(11) DEFAULT NULL
) ENGINE=InnoDB DEFAULT CHARSET=utf8 COLLATE=utf8_unicode_ci;
/*!40101 SET character_set_client = @saved_cs_client */;

--
-- Dumping data for table `product_groups_products`
--

LOCK TABLES `product_groups_products` WRITE;
/*!40000 ALTER TABLE `product_groups_products` DISABLE KEYS */;
INSERT INTO `product_groups_products` VALUES (706676762,651548145),(187438981,1071416405),(248786582,1071416405),(459084718,1071416405),(723959550,1071416405),(1025786064,1071416405),(1035865702,1071416405),(1060500592,1071416405);
/*!40000 ALTER TABLE `product_groups_products` ENABLE KEYS */;
UNLOCK TABLES;

--
-- Table structure for table `product_option_types`
--

DROP TABLE IF EXISTS `product_option_types`;
/*!40101 SET @saved_cs_client     = @@character_set_client */;
/*!40101 SET character_set_client = utf8 */;
CREATE TABLE `product_option_types` (
  `id` int(11) NOT NULL AUTO_INCREMENT,
  `product_id` int(11) DEFAULT NULL,
  `option_type_id` int(11) DEFAULT NULL,
  `position` int(11) DEFAULT NULL,
  `created_at` datetime DEFAULT NULL,
  `updated_at` datetime DEFAULT NULL,
  PRIMARY KEY (`id`)
) ENGINE=InnoDB AUTO_INCREMENT=856797680 DEFAULT CHARSET=utf8 COLLATE=utf8_unicode_ci;
/*!40101 SET character_set_client = @saved_cs_client */;

--
-- Dumping data for table `product_option_types`
--

LOCK TABLES `product_option_types` WRITE;
/*!40000 ALTER TABLE `product_option_types` DISABLE KEYS */;
INSERT INTO `product_option_types` VALUES (365858815,1025786064,643188970,2,'2011-08-24 20:20:50','2011-08-24 20:20:50'),(856797679,1025786064,935339117,1,'2011-08-24 20:20:50','2011-08-24 20:20:50');
/*!40000 ALTER TABLE `product_option_types` ENABLE KEYS */;
UNLOCK TABLES;

--
-- Table structure for table `product_properties`
--

DROP TABLE IF EXISTS `product_properties`;
/*!40101 SET @saved_cs_client     = @@character_set_client */;
/*!40101 SET character_set_client = utf8 */;
CREATE TABLE `product_properties` (
  `id` int(11) NOT NULL AUTO_INCREMENT,
  `product_id` int(11) DEFAULT NULL,
  `property_id` int(11) DEFAULT NULL,
  `value` varchar(255) COLLATE utf8_unicode_ci DEFAULT NULL,
  `created_at` datetime DEFAULT NULL,
  `updated_at` datetime DEFAULT NULL,
  PRIMARY KEY (`id`),
  KEY `index_product_properties_on_product_id` (`product_id`)
) ENGINE=InnoDB AUTO_INCREMENT=1067875282 DEFAULT CHARSET=utf8 COLLATE=utf8_unicode_ci;
/*!40101 SET character_set_client = @saved_cs_client */;

--
-- Dumping data for table `product_properties`
--

LOCK TABLES `product_properties` WRITE;
/*!40000 ALTER TABLE `product_properties` DISABLE KEYS */;
INSERT INTO `product_properties` VALUES (35541550,187438981,209471856,'100% Vellum','2011-08-24 20:20:50','2011-08-24 20:20:50'),(94685118,187438981,39476074,'TL9002','2011-08-24 20:20:50','2011-08-24 20:20:50'),(172457766,1060500592,730553315,'Women\'s','2011-08-24 20:20:50','2011-08-24 20:20:50'),(183653538,1025786064,905834902,'Baseball Jersey','2011-08-24 20:20:50','2011-08-24 20:20:50'),(198421197,1060500592,560029305,'Jerseys','2011-08-24 20:20:50','2011-08-24 20:20:50'),(243202933,723959550,901906169,'600 Denier Polyester','2011-08-24 20:20:50','2011-08-24 20:20:50'),(316341113,1025786064,560029305,'Wilson','2011-08-24 20:20:50','2011-08-24 20:20:50'),(323890842,1025786064,730553315,'Men\'s','2011-08-24 20:20:50','2011-08-24 20:20:50'),(335217946,1060500592,905834902,'Jr Spaghetti T','2011-08-24 20:20:50','2011-08-24 20:20:50'),(393718481,459084718,901906169,'Canvas','2011-08-24 20:20:50','2011-08-24 20:20:50'),(474718531,187438981,305002717,'short','2011-08-24 20:20:50','2011-08-24 20:20:50'),(492240860,187438981,161337574,'Conditioned','2011-08-24 20:20:50','2011-08-24 20:20:50'),(520201478,187438981,793908548,'loose','2011-08-24 20:20:50','2011-08-24 20:20:50'),(620508557,187438981,905834902,'Ringer T','2011-08-24 20:20:50','2011-08-24 20:20:50'),(646472421,248786582,704092869,'4.5\" tall, 3.25\" dia.','2011-08-24 20:20:50','2011-08-24 20:20:50'),(649013781,459084718,591802549,'15\" x 18\" x 6\"','2011-08-24 20:20:50','2011-08-24 20:20:50'),(671520151,1060500592,793908548,'form','2011-08-24 20:20:50','2011-08-24 20:20:50'),(710004557,1060500592,161337574,'Resilance','2011-08-24 20:20:50','2011-08-24 20:20:50'),(726438360,1060500592,305002717,'none','2011-08-24 20:20:50','2011-08-24 20:20:50'),(732604053,1025786064,39476074,'JK1002','2011-08-24 20:20:50','2011-08-24 20:20:50'),(739259141,1025786064,209471856,'100% Cotton','2011-08-24 20:20:50','2011-08-24 20:20:50'),(769225731,1035865702,317319559,'Stein','2011-08-24 20:20:50','2011-08-24 20:20:50'),(771636467,723959550,408437751,'Messenger','2011-08-24 20:20:50','2011-08-24 20:20:50'),(823116847,1025786064,793908548,'loose','2011-08-24 20:20:50','2011-08-24 20:20:50'),(843432044,1025786064,305002717,'long','2011-08-24 20:20:50','2011-08-24 20:20:50'),(849606441,1060500592,39476074,'TL174','2011-08-24 20:20:50','2011-08-24 20:20:50'),(861445881,1025786064,161337574,'Wannabe Sports','2011-08-24 20:20:50','2011-08-24 20:20:50'),(886056379,248786582,317319559,'Mug','2011-08-24 20:20:50','2011-08-24 20:20:50'),(888630603,459084718,408437751,'Tote','2011-08-24 20:20:50','2011-08-24 20:20:50'),(890856121,1060500592,209471856,'90% Cotton, 10% Nylon','2011-08-24 20:20:50','2011-08-24 20:20:50'),(1020566108,187438981,560029305,'Jerseys','2011-08-24 20:20:50','2011-08-24 20:20:50'),(1027624887,187438981,730553315,'Men\'s','2011-08-24 20:20:50','2011-08-24 20:20:50'),(1065431905,1035865702,704092869,'6.75\" tall, 3.75\" dia. base, 3\" dia. rim','2011-08-24 20:20:50','2011-08-24 20:20:50'),(1067875249,723959550,591802549,'14 1/2\" x 12\" x 5\"','2011-08-24 20:20:50','2011-08-24 20:20:50'),(1067875250,1060500593,560029305,NULL,'2011-08-25 00:33:03','2011-08-25 00:33:03'),(1067875251,1060500593,161337574,NULL,'2011-08-25 00:33:03','2011-08-25 00:33:03'),(1067875252,1060500593,39476074,NULL,'2011-08-25 00:33:03','2011-08-25 00:33:03'),(1067875253,1060500593,905834902,NULL,'2011-08-25 00:33:03','2011-08-25 00:33:03'),(1067875254,1060500593,305002717,NULL,'2011-08-25 00:33:03','2011-08-25 00:33:03'),(1067875255,1060500593,209471856,NULL,'2011-08-25 00:33:03','2011-08-25 00:33:03'),(1067875256,1060500593,793908548,NULL,'2011-08-25 00:33:03','2011-08-25 00:33:03'),(1067875257,1060500593,730553315,NULL,'2011-08-25 00:33:03','2011-08-25 00:33:03'),(1067875258,1060500594,560029305,NULL,'2011-08-25 00:46:14','2011-08-25 00:46:14'),(1067875259,1060500594,161337574,NULL,'2011-08-25 00:46:14','2011-08-25 00:46:14'),(1067875260,1060500594,39476074,NULL,'2011-08-25 00:46:14','2011-08-25 00:46:14'),(1067875261,1060500594,905834902,NULL,'2011-08-25 00:46:14','2011-08-25 00:46:14'),(1067875262,1060500594,305002717,NULL,'2011-08-25 00:46:14','2011-08-25 00:46:14'),(1067875263,1060500594,209471856,NULL,'2011-08-25 00:46:14','2011-08-25 00:46:14'),(1067875264,1060500594,793908548,NULL,'2011-08-25 00:46:14','2011-08-25 00:46:14'),(1067875265,1060500594,730553315,NULL,'2011-08-25 00:46:14','2011-08-25 00:46:14'),(1067875266,1060500595,560029305,NULL,'2011-08-25 01:31:32','2011-08-25 01:31:32'),(1067875267,1060500595,161337574,NULL,'2011-08-25 01:31:32','2011-08-25 01:31:32'),(1067875268,1060500595,39476074,NULL,'2011-08-25 01:31:32','2011-08-25 01:31:32'),(1067875269,1060500595,905834902,NULL,'2011-08-25 01:31:32','2011-08-25 01:31:32'),(1067875270,1060500595,305002717,NULL,'2011-08-25 01:31:32','2011-08-25 01:31:32'),(1067875271,1060500595,209471856,NULL,'2011-08-25 01:31:32','2011-08-25 01:31:32'),(1067875272,1060500595,793908548,NULL,'2011-08-25 01:31:32','2011-08-25 01:31:32'),(1067875273,1060500595,730553315,NULL,'2011-08-25 01:31:32','2011-08-25 01:31:32'),(1067875274,1060500596,560029305,NULL,'2011-08-28 11:46:36','2011-08-28 11:46:36'),(1067875275,1060500596,161337574,NULL,'2011-08-28 11:46:36','2011-08-28 11:46:36'),(1067875276,1060500596,39476074,NULL,'2011-08-28 11:46:36','2011-08-28 11:46:36'),(1067875277,1060500596,905834902,NULL,'2011-08-28 11:46:36','2011-08-28 11:46:36'),(1067875278,1060500596,305002717,NULL,'2011-08-28 11:46:36','2011-08-28 11:46:36'),(1067875279,1060500596,209471856,NULL,'2011-08-28 11:46:36','2011-08-28 11:46:36'),(1067875280,1060500596,793908548,NULL,'2011-08-28 11:46:36','2011-08-28 11:46:36'),(1067875281,1060500596,730553315,NULL,'2011-08-28 11:46:36','2011-08-28 11:46:36');
/*!40000 ALTER TABLE `product_properties` ENABLE KEYS */;
UNLOCK TABLES;

--
-- Table structure for table `product_scopes`
--

DROP TABLE IF EXISTS `product_scopes`;
/*!40101 SET @saved_cs_client     = @@character_set_client */;
/*!40101 SET character_set_client = utf8 */;
CREATE TABLE `product_scopes` (
  `id` int(11) NOT NULL AUTO_INCREMENT,
  `product_group_id` int(11) DEFAULT NULL,
  `name` varchar(255) COLLATE utf8_unicode_ci DEFAULT NULL,
  `arguments` text COLLATE utf8_unicode_ci,
  PRIMARY KEY (`id`),
  KEY `index_product_scopes_on_name` (`name`),
  KEY `index_product_scopes_on_product_group_id` (`product_group_id`)
) ENGINE=InnoDB AUTO_INCREMENT=1020499699 DEFAULT CHARSET=utf8 COLLATE=utf8_unicode_ci;
/*!40101 SET character_set_client = @saved_cs_client */;

--
-- Dumping data for table `product_scopes`
--

LOCK TABLES `product_scopes` WRITE;
/*!40000 ALTER TABLE `product_scopes` DISABLE KEYS */;
INSERT INTO `product_scopes` VALUES (198485605,651548145,'descend_by_popularity','--- []\n\n'),(460045304,651548145,'master_price_lte','---\n- \"20\"\n'),(471080728,1071416405,'descend_by_popularity','--- []\n\n'),(745311077,651548145,'in_name_or_keywords','---\n- Apache\n'),(1020499698,1071416405,'in_name','---\n- Rails\n');
/*!40000 ALTER TABLE `product_scopes` ENABLE KEYS */;
UNLOCK TABLES;

--
-- Table structure for table `products`
--

DROP TABLE IF EXISTS `products`;
/*!40101 SET @saved_cs_client     = @@character_set_client */;
/*!40101 SET character_set_client = utf8 */;
CREATE TABLE `products` (
  `id` int(11) NOT NULL AUTO_INCREMENT,
  `name` varchar(255) COLLATE utf8_unicode_ci NOT NULL DEFAULT '',
  `description` text COLLATE utf8_unicode_ci,
  `created_at` datetime DEFAULT NULL,
  `updated_at` datetime DEFAULT NULL,
  `permalink` varchar(255) COLLATE utf8_unicode_ci DEFAULT NULL,
  `available_on` datetime DEFAULT NULL,
  `tax_category_id` int(11) DEFAULT NULL,
  `shipping_category_id` int(11) DEFAULT NULL,
  `deleted_at` datetime DEFAULT NULL,
  `meta_description` varchar(255) COLLATE utf8_unicode_ci DEFAULT NULL,
  `meta_keywords` varchar(255) COLLATE utf8_unicode_ci DEFAULT NULL,
  `count_on_hand` int(11) NOT NULL DEFAULT '0',
  `facebook_like_count` int(11) NOT NULL DEFAULT '0',
  PRIMARY KEY (`id`),
  KEY `index_products_on_available_on` (`available_on`),
  KEY `index_products_on_deleted_at` (`deleted_at`),
  KEY `index_products_on_name` (`name`),
  KEY `index_products_on_permalink` (`permalink`)
) ENGINE=InnoDB AUTO_INCREMENT=1060500597 DEFAULT CHARSET=utf8 COLLATE=utf8_unicode_ci;
/*!40101 SET character_set_client = @saved_cs_client */;

--
-- Dumping data for table `products`
--

LOCK TABLES `products` WRITE;
/*!40000 ALTER TABLE `products` DISABLE KEYS */;
INSERT INTO `products` VALUES (187438981,'Ruby on Rails Ringer T-Shirt','Lorem ipsum dolor sit amet, consectetuer adipiscing elit. Nulla nonummy aliquet mi. Proin lacus. Ut placerat. Proin consequat, justo sit amet tempus consequat, elit est adipiscing odio, ut egestas pede eros in diam. Proin varius, lacus vitae suscipit varius, ipsum eros convallis nisi, sit amet sodales lectus pede non est. Duis augue. Suspendisse hendrerit pharetra metus. Pellentesque habitant morbi tristique senectus et netus et malesuada fames ac turpis egestas. Curabitur nec pede. Quisque volutpat, neque ac porttitor sodales, sem lacus rutrum nulla, ullamcorper placerat ante tortor ac odio. Suspendisse vel libero. Nullam volutpat magna vel ligula. Suspendisse sit amet metus. Nunc quis massa. Nulla facilisi. In enim. In venenatis nisi id eros. Lorem ipsum dolor sit amet, consectetuer adipiscing elit. Nunc sit amet felis sed lectus tincidunt egestas. Mauris nibh.','2011-08-24 20:20:50','2011-08-31 12:51:08','ruby-on-rails-ringer-t-shirt','2011-08-24 20:20:50',NULL,NULL,NULL,NULL,NULL,8,0),(248786582,'Ruby on Rails Mug','Lorem ipsum dolor sit amet, consectetuer adipiscing elit. Nulla nonummy aliquet mi. Proin lacus. Ut placerat. Proin consequat, justo sit amet tempus consequat, elit est adipiscing odio, ut egestas pede eros in diam. Proin varius, lacus vitae suscipit varius, ipsum eros convallis nisi, sit amet sodales lectus pede non est. Duis augue. Suspendisse hendrerit pharetra metus. Pellentesque habitant morbi tristique senectus et netus et malesuada fames ac turpis egestas. Curabitur nec pede. Quisque volutpat, neque ac porttitor sodales, sem lacus rutrum nulla, ullamcorper placerat ante tortor ac odio. Suspendisse vel libero. Nullam volutpat magna vel ligula. Suspendisse sit amet metus. Nunc quis massa. Nulla facilisi. In enim. In venenatis nisi id eros. Lorem ipsum dolor sit amet, consectetuer adipiscing elit. Nunc sit amet felis sed lectus tincidunt egestas. Mauris nibh.','2011-08-24 21:20:50','2011-08-31 12:51:08','ruby-on-rails-mug','2011-08-24 20:20:50',NULL,NULL,NULL,NULL,NULL,6,0),(459084718,'Ruby on Rails Tote','Lorem ipsum dolor sit amet, consectetuer adipiscing elit. Nulla nonummy aliquet mi. Proin lacus. Ut placerat. Proin consequat, justo sit amet tempus consequat, elit est adipiscing odio, ut egestas pede eros in diam. Proin varius, lacus vitae suscipit varius, ipsum eros convallis nisi, sit amet sodales lectus pede non est. Duis augue. Suspendisse hendrerit pharetra metus. Pellentesque habitant morbi tristique senectus et netus et malesuada fames ac turpis egestas. Curabitur nec pede. Quisque volutpat, neque ac porttitor sodales, sem lacus rutrum nulla, ullamcorper placerat ante tortor ac odio. Suspendisse vel libero. Nullam volutpat magna vel ligula. Suspendisse sit amet metus. Nunc quis massa. Nulla facilisi. In enim. In venenatis nisi id eros. Lorem ipsum dolor sit amet, consectetuer adipiscing elit. Nunc sit amet felis sed lectus tincidunt egestas. Mauris nibh.','2011-08-24 22:20:50','2011-08-31 12:51:08','ruby-on-rails-tote','2011-08-24 20:20:50',NULL,NULL,NULL,NULL,NULL,6,0),(569012001,'Ruby Baseball Jersey','Lorem ipsum dolor sit amet, consectetuer adipiscing elit. Nulla nonummy aliquet mi. Proin lacus. Ut placerat. Proin consequat, justo sit amet tempus consequat, elit est adipiscing odio, ut egestas pede eros in diam. Proin varius, lacus vitae suscipit varius, ipsum eros convallis nisi, sit amet sodales lectus pede non est. Duis augue. Suspendisse hendrerit pharetra metus. Pellentesque habitant morbi tristique senectus et netus et malesuada fames ac turpis egestas. Curabitur nec pede. Quisque volutpat, neque ac porttitor sodales, sem lacus rutrum nulla, ullamcorper placerat ante tortor ac odio. Suspendisse vel libero. Nullam volutpat magna vel ligula. Suspendisse sit amet metus. Nunc quis massa. Nulla facilisi. In enim. In venenatis nisi id eros. Lorem ipsum dolor sit amet, consectetuer adipiscing elit. Nunc sit amet felis sed lectus tincidunt egestas. Mauris nibh.','2011-08-24 23:20:50','2011-08-31 12:51:08','ruby-baseball-jersey','2011-08-24 20:20:50',NULL,NULL,NULL,NULL,NULL,8,0),(706676762,'Apache Baseball Jersey','Lorem ipsum dolor sit amet, consectetuer adipiscing elit. Nulla nonummy aliquet mi. Proin lacus. Ut placerat. Proin consequat, justo sit amet tempus consequat, elit est adipiscing odio, ut egestas pede eros in diam. Proin varius, lacus vitae suscipit varius, ipsum eros convallis nisi, sit amet sodales lectus pede non est. Duis augue. Suspendisse hendrerit pharetra metus. Pellentesque habitant morbi tristique senectus et netus et malesuada fames ac turpis egestas. Curabitur nec pede. Quisque volutpat, neque ac porttitor sodales, sem lacus rutrum nulla, ullamcorper placerat ante tortor ac odio. Suspendisse vel libero. Nullam volutpat magna vel ligula. Suspendisse sit amet metus. Nunc quis massa. Nulla facilisi. In enim. In venenatis nisi id eros. Lorem ipsum dolor sit amet, consectetuer adipiscing elit. Nunc sit amet felis sed lectus tincidunt egestas. Mauris nibh.','2011-08-25 00:20:50','2011-08-31 12:51:08','apache-baseball-jersey','2011-08-24 20:20:50',NULL,NULL,NULL,NULL,NULL,-2,0),(723959550,'Ruby on Rails Bag','Lorem ipsum dolor sit amet, consectetuer adipiscing elit. Nulla nonummy aliquet mi. Proin lacus. Ut placerat. Proin consequat, justo sit amet tempus consequat, elit est adipiscing odio, ut egestas pede eros in diam. Proin varius, lacus vitae suscipit varius, ipsum eros convallis nisi, sit amet sodales lectus pede non est. Duis augue. Suspendisse hendrerit pharetra metus. Pellentesque habitant morbi tristique senectus et netus et malesuada fames ac turpis egestas. Curabitur nec pede. Quisque volutpat, neque ac porttitor sodales, sem lacus rutrum nulla, ullamcorper placerat ante tortor ac odio. Suspendisse vel libero. Nullam volutpat magna vel ligula. Suspendisse sit amet metus. Nunc quis massa. Nulla facilisi. In enim. In venenatis nisi id eros. Lorem ipsum dolor sit amet, consectetuer adipiscing elit. Nunc sit amet felis sed lectus tincidunt egestas. Mauris nibh.','2011-08-25 01:20:50','2011-08-31 12:51:09','ruby-on-rails-bag','2011-08-24 20:20:50',NULL,NULL,NULL,NULL,NULL,9,0),(1025786064,'Ruby on Rails Baseball Jersey','Lorem ipsum dolor sit amet, consectetuer adipiscing elit. Nulla nonummy aliquet mi. Proin lacus. Ut placerat. Proin consequat, justo sit amet tempus consequat, elit est adipiscing odio, ut egestas pede eros in diam. Proin varius, lacus vitae suscipit varius, ipsum eros convallis nisi, sit amet sodales lectus pede non est. Duis augue. Suspendisse hendrerit pharetra metus. Pellentesque habitant morbi tristique senectus et netus et malesuada fames ac turpis egestas. Curabitur nec pede. Quisque volutpat, neque ac porttitor sodales, sem lacus rutrum nulla, ullamcorper placerat ante tortor ac odio. Suspendisse vel libero. Nullam volutpat magna vel ligula. Suspendisse sit amet metus. Nunc quis massa. Nulla facilisi. In enim. In venenatis nisi id eros. Lorem ipsum dolor sit amet, consectetuer adipiscing elit. Nunc sit amet felis sed lectus tincidunt egestas. Mauris nibh.','2011-08-25 02:20:50','2011-08-27 17:00:28','ruby-on-rails-baseball-jersey','2011-08-24 20:20:50',NULL,NULL,NULL,NULL,NULL,88,0),(1035865702,'Ruby on Rails Stein','Lorem ipsum dolor sit amet, consectetuer adipiscing elit. Nulla nonummy aliquet mi. Proin lacus. Ut placerat. Proin consequat, justo sit amet tempus consequat, elit est adipiscing odio, ut egestas pede eros in diam. Proin varius, lacus vitae suscipit varius, ipsum eros convallis nisi, sit amet sodales lectus pede non est. Duis augue. Suspendisse hendrerit pharetra metus. Pellentesque habitant morbi tristique senectus et netus et malesuada fames ac turpis egestas. Curabitur nec pede. Quisque volutpat, neque ac porttitor sodales, sem lacus rutrum nulla, ullamcorper placerat ante tortor ac odio. Suspendisse vel libero. Nullam volutpat magna vel ligula. Suspendisse sit amet metus. Nunc quis massa. Nulla facilisi. In enim. In venenatis nisi id eros. Lorem ipsum dolor sit amet, consectetuer adipiscing elit. Nunc sit amet felis sed lectus tincidunt egestas. Mauris nibh.','2011-08-25 03:20:50','2011-08-31 12:51:09','ruby-on-rails-stein','2011-08-24 20:20:50',NULL,NULL,NULL,NULL,NULL,8,0),(1060500592,'Ruby on Rails Jr. Spaghetti','Lorem ipsum dolor sit amet, consectetuer adipiscing elit. Nulla nonummy aliquet mi. Proin lacus. Ut placerat. Proin consequat, justo sit amet tempus consequat, elit est adipiscing odio, ut egestas pede eros in diam. Proin varius, lacus vitae suscipit varius, ipsum eros convallis nisi, sit amet sodales lectus pede non est. Duis augue. Suspendisse hendrerit pharetra metus. Pellentesque habitant morbi tristique senectus et netus et malesuada fames ac turpis egestas. Curabitur nec pede. Quisque volutpat, neque ac porttitor sodales, sem lacus rutrum nulla, ullamcorper placerat ante tortor ac odio. Suspendisse vel libero. Nullam volutpat magna vel ligula. Suspendisse sit amet metus. Nunc quis massa. Nulla facilisi. In enim. In venenatis nisi id eros. Lorem ipsum dolor sit amet, consectetuer adipiscing elit. Nunc sit amet felis sed lectus tincidunt egestas. Mauris nibh.','2011-08-25 04:20:50','2011-08-31 12:51:09','ruby-on-rails-jr-spaghetti','2011-08-24 20:20:50',NULL,NULL,NULL,NULL,NULL,8,0),(1060500593,'T shirt 12','T-shirt for sALE','2011-08-25 09:33:02','2011-08-28 11:41:43','t-shirt-13','2011-08-25 00:00:00',NULL,NULL,'2011-08-28 11:41:43','','',-4,0),(1060500594,'COPY OF T shirt 12',NULL,'2011-08-25 10:46:14','2011-08-28 11:54:10','t-shirt-12-1','2011-08-25 00:00:00',NULL,NULL,'2011-08-28 11:54:10',NULL,NULL,0,0),(1060500595,'COPY OF COPY OF T shirt 12',NULL,'2011-08-25 12:31:32','2011-08-28 11:54:04','t-shirt-12-1-1','2011-08-25 00:00:00',NULL,NULL,'2011-08-28 11:54:04',NULL,NULL,0,0),(1060500596,'T shirt 13','T shirt 13 for sale','2011-08-28 11:46:35','2011-08-28 11:47:14','t-shirt-13-1','2011-08-26 00:00:00',NULL,NULL,NULL,'','',0,0);
/*!40000 ALTER TABLE `products` ENABLE KEYS */;
UNLOCK TABLES;

--
-- Table structure for table `products_promotion_rules`
--

DROP TABLE IF EXISTS `products_promotion_rules`;
/*!40101 SET @saved_cs_client     = @@character_set_client */;
/*!40101 SET character_set_client = utf8 */;
CREATE TABLE `products_promotion_rules` (
  `product_id` int(11) DEFAULT NULL,
  `promotion_rule_id` int(11) DEFAULT NULL,
  KEY `index_products_promotion_rules_on_product_id` (`product_id`),
  KEY `index_products_promotion_rules_on_promotion_rule_id` (`promotion_rule_id`)
) ENGINE=InnoDB DEFAULT CHARSET=utf8 COLLATE=utf8_unicode_ci;
/*!40101 SET character_set_client = @saved_cs_client */;

--
-- Dumping data for table `products_promotion_rules`
--

LOCK TABLES `products_promotion_rules` WRITE;
/*!40000 ALTER TABLE `products_promotion_rules` DISABLE KEYS */;
/*!40000 ALTER TABLE `products_promotion_rules` ENABLE KEYS */;
UNLOCK TABLES;

--
-- Table structure for table `products_taxons`
--

DROP TABLE IF EXISTS `products_taxons`;
/*!40101 SET @saved_cs_client     = @@character_set_client */;
/*!40101 SET character_set_client = utf8 */;
CREATE TABLE `products_taxons` (
  `product_id` int(11) DEFAULT NULL,
  `taxon_id` int(11) DEFAULT NULL,
  KEY `index_products_taxons_on_product_id` (`product_id`),
  KEY `index_products_taxons_on_taxon_id` (`taxon_id`)
) ENGINE=InnoDB DEFAULT CHARSET=utf8 COLLATE=utf8_unicode_ci;
/*!40101 SET character_set_client = @saved_cs_client */;

--
-- Dumping data for table `products_taxons`
--

LOCK TABLES `products_taxons` WRITE;
/*!40000 ALTER TABLE `products_taxons` DISABLE KEYS */;
INSERT INTO `products_taxons` VALUES (459084718,1002),(723959550,1002),(248786582,1003),(1035865702,1003),(1060500592,2000),(1025786064,3000),(187438981,3000),(706676762,3000),(569012001,3000),(569012001,207281424),(1025786064,31989848),(1060500592,31989848),(187438981,31989848),(1035865702,31989848),(723959550,31989848),(459084718,31989848),(248786582,31989848),(706676762,307170551);
/*!40000 ALTER TABLE `products_taxons` ENABLE KEYS */;
UNLOCK TABLES;

--
-- Table structure for table `promotion_rules`
--

DROP TABLE IF EXISTS `promotion_rules`;
/*!40101 SET @saved_cs_client     = @@character_set_client */;
/*!40101 SET character_set_client = utf8 */;
CREATE TABLE `promotion_rules` (
  `id` int(11) NOT NULL AUTO_INCREMENT,
  `promotion_id` int(11) DEFAULT NULL,
  `user_id` int(11) DEFAULT NULL,
  `product_group_id` int(11) DEFAULT NULL,
  `created_at` datetime DEFAULT NULL,
  `updated_at` datetime DEFAULT NULL,
  `type` varchar(255) COLLATE utf8_unicode_ci DEFAULT NULL,
  PRIMARY KEY (`id`),
  KEY `index_promotion_rules_on_product_group_id` (`product_group_id`),
  KEY `index_promotion_rules_on_user_id` (`user_id`)
) ENGINE=InnoDB DEFAULT CHARSET=utf8 COLLATE=utf8_unicode_ci;
/*!40101 SET character_set_client = @saved_cs_client */;

--
-- Dumping data for table `promotion_rules`
--

LOCK TABLES `promotion_rules` WRITE;
/*!40000 ALTER TABLE `promotion_rules` DISABLE KEYS */;
/*!40000 ALTER TABLE `promotion_rules` ENABLE KEYS */;
UNLOCK TABLES;

--
-- Table structure for table `promotion_rules_users`
--

DROP TABLE IF EXISTS `promotion_rules_users`;
/*!40101 SET @saved_cs_client     = @@character_set_client */;
/*!40101 SET character_set_client = utf8 */;
CREATE TABLE `promotion_rules_users` (
  `user_id` int(11) DEFAULT NULL,
  `promotion_rule_id` int(11) DEFAULT NULL,
  KEY `index_promotion_rules_users_on_user_id` (`user_id`),
  KEY `index_promotion_rules_users_on_promotion_rule_id` (`promotion_rule_id`)
) ENGINE=InnoDB DEFAULT CHARSET=utf8 COLLATE=utf8_unicode_ci;
/*!40101 SET character_set_client = @saved_cs_client */;

--
-- Dumping data for table `promotion_rules_users`
--

LOCK TABLES `promotion_rules_users` WRITE;
/*!40000 ALTER TABLE `promotion_rules_users` DISABLE KEYS */;
/*!40000 ALTER TABLE `promotion_rules_users` ENABLE KEYS */;
UNLOCK TABLES;

--
-- Table structure for table `promotions`
--

DROP TABLE IF EXISTS `promotions`;
/*!40101 SET @saved_cs_client     = @@character_set_client */;
/*!40101 SET character_set_client = utf8 */;
CREATE TABLE `promotions` (
  `id` int(11) NOT NULL AUTO_INCREMENT,
  `code` varchar(255) COLLATE utf8_unicode_ci DEFAULT NULL,
  `description` varchar(255) COLLATE utf8_unicode_ci DEFAULT NULL,
  `usage_limit` int(11) DEFAULT NULL,
  `combine` tinyint(1) DEFAULT NULL,
  `expires_at` datetime DEFAULT NULL,
  `created_at` datetime DEFAULT NULL,
  `updated_at` datetime DEFAULT NULL,
  `starts_at` datetime DEFAULT NULL,
  `match_policy` varchar(255) COLLATE utf8_unicode_ci DEFAULT 'all',
  `name` varchar(255) COLLATE utf8_unicode_ci DEFAULT NULL,
  PRIMARY KEY (`id`)
) ENGINE=InnoDB DEFAULT CHARSET=utf8 COLLATE=utf8_unicode_ci;
/*!40101 SET character_set_client = @saved_cs_client */;

--
-- Dumping data for table `promotions`
--

LOCK TABLES `promotions` WRITE;
/*!40000 ALTER TABLE `promotions` DISABLE KEYS */;
/*!40000 ALTER TABLE `promotions` ENABLE KEYS */;
UNLOCK TABLES;

--
-- Table structure for table `properties`
--

DROP TABLE IF EXISTS `properties`;
/*!40101 SET @saved_cs_client     = @@character_set_client */;
/*!40101 SET character_set_client = utf8 */;
CREATE TABLE `properties` (
  `id` int(11) NOT NULL AUTO_INCREMENT,
  `name` varchar(255) COLLATE utf8_unicode_ci DEFAULT NULL,
  `presentation` varchar(255) COLLATE utf8_unicode_ci NOT NULL,
  `created_at` datetime DEFAULT NULL,
  `updated_at` datetime DEFAULT NULL,
  PRIMARY KEY (`id`)
) ENGINE=InnoDB AUTO_INCREMENT=905834903 DEFAULT CHARSET=utf8 COLLATE=utf8_unicode_ci;
/*!40101 SET character_set_client = @saved_cs_client */;

--
-- Dumping data for table `properties`
--

LOCK TABLES `properties` WRITE;
/*!40000 ALTER TABLE `properties` DISABLE KEYS */;
INSERT INTO `properties` VALUES (39476074,'model','Model','2011-08-24 20:20:50','2011-08-24 20:20:50'),(161337574,'brand','Brand','2011-08-24 20:20:50','2011-08-24 20:20:50'),(209471856,'shirt_fabric','Fabric','2011-08-24 20:20:50','2011-08-24 20:20:50'),(305002717,'shirt_sleeve_length','Sleeve','2011-08-24 20:20:50','2011-08-24 20:20:50'),(317319559,'mug_type','Type','2011-08-24 20:20:50','2011-08-24 20:20:50'),(408437751,'bag_type','Type','2011-08-24 20:20:50','2011-08-24 20:20:50'),(560029305,'manufacturer','Manufacturer','2011-08-24 20:20:50','2011-08-24 20:20:50'),(591802549,'bag_size','Size','2011-08-24 20:20:50','2011-08-24 20:20:50'),(704092869,'mug_size','Size','2011-08-24 20:20:50','2011-08-24 20:20:50'),(730553315,'gender','Gender','2011-08-24 20:20:50','2011-08-24 20:20:50'),(793908548,'shirt_fit','fit','2011-08-24 20:20:50','2011-08-24 20:20:50'),(901906169,'bag_material','Material','2011-08-24 20:20:50','2011-08-24 20:20:50'),(905834902,'shirt_type','Type','2011-08-24 20:20:50','2011-08-24 20:20:50');
/*!40000 ALTER TABLE `properties` ENABLE KEYS */;
UNLOCK TABLES;

--
-- Table structure for table `properties_prototypes`
--

DROP TABLE IF EXISTS `properties_prototypes`;
/*!40101 SET @saved_cs_client     = @@character_set_client */;
/*!40101 SET character_set_client = utf8 */;
CREATE TABLE `properties_prototypes` (
  `prototype_id` int(11) DEFAULT NULL,
  `property_id` int(11) DEFAULT NULL
) ENGINE=InnoDB DEFAULT CHARSET=utf8 COLLATE=utf8_unicode_ci;
/*!40101 SET character_set_client = @saved_cs_client */;

--
-- Dumping data for table `properties_prototypes`
--

LOCK TABLES `properties_prototypes` WRITE;
/*!40000 ALTER TABLE `properties_prototypes` DISABLE KEYS */;
INSERT INTO `properties_prototypes` VALUES (534024676,560029305),(534024676,161337574),(534024676,39476074),(534024676,905834902),(534024676,305002717),(534024676,209471856),(534024676,793908548),(534024676,730553315),(571598464,408437751),(571598464,1925472),(571598464,901906169),(559807879,704092869),(559807879,317319559);
/*!40000 ALTER TABLE `properties_prototypes` ENABLE KEYS */;
UNLOCK TABLES;

--
-- Table structure for table `prototypes`
--

DROP TABLE IF EXISTS `prototypes`;
/*!40101 SET @saved_cs_client     = @@character_set_client */;
/*!40101 SET character_set_client = utf8 */;
CREATE TABLE `prototypes` (
  `id` int(11) NOT NULL AUTO_INCREMENT,
  `name` varchar(255) COLLATE utf8_unicode_ci DEFAULT NULL,
  `created_at` datetime DEFAULT NULL,
  `updated_at` datetime DEFAULT NULL,
  PRIMARY KEY (`id`)
) ENGINE=InnoDB AUTO_INCREMENT=571598465 DEFAULT CHARSET=utf8 COLLATE=utf8_unicode_ci;
/*!40101 SET character_set_client = @saved_cs_client */;

--
-- Dumping data for table `prototypes`
--

LOCK TABLES `prototypes` WRITE;
/*!40000 ALTER TABLE `prototypes` DISABLE KEYS */;
INSERT INTO `prototypes` VALUES (534024676,'Shirt','2011-08-24 20:20:50','2011-08-24 20:20:50'),(559807879,'Mug','2011-08-24 20:20:50','2011-08-24 20:20:50'),(571598464,'Bag','2011-08-24 20:20:50','2011-08-24 20:20:50');
/*!40000 ALTER TABLE `prototypes` ENABLE KEYS */;
UNLOCK TABLES;

--
-- Table structure for table `return_authorizations`
--

DROP TABLE IF EXISTS `return_authorizations`;
/*!40101 SET @saved_cs_client     = @@character_set_client */;
/*!40101 SET character_set_client = utf8 */;
CREATE TABLE `return_authorizations` (
  `id` int(11) NOT NULL AUTO_INCREMENT,
  `number` varchar(255) COLLATE utf8_unicode_ci DEFAULT NULL,
  `amount` decimal(8,2) NOT NULL DEFAULT '0.00',
  `order_id` int(11) DEFAULT NULL,
  `reason` text COLLATE utf8_unicode_ci,
  `state` varchar(255) COLLATE utf8_unicode_ci DEFAULT NULL,
  `created_at` datetime DEFAULT NULL,
  `updated_at` datetime DEFAULT NULL,
  PRIMARY KEY (`id`)
) ENGINE=InnoDB DEFAULT CHARSET=utf8 COLLATE=utf8_unicode_ci;
/*!40101 SET character_set_client = @saved_cs_client */;

--
-- Dumping data for table `return_authorizations`
--

LOCK TABLES `return_authorizations` WRITE;
/*!40000 ALTER TABLE `return_authorizations` DISABLE KEYS */;
/*!40000 ALTER TABLE `return_authorizations` ENABLE KEYS */;
UNLOCK TABLES;

--
-- Table structure for table `roles`
--

DROP TABLE IF EXISTS `roles`;
/*!40101 SET @saved_cs_client     = @@character_set_client */;
/*!40101 SET character_set_client = utf8 */;
CREATE TABLE `roles` (
  `id` int(11) NOT NULL AUTO_INCREMENT,
  `name` varchar(255) COLLATE utf8_unicode_ci DEFAULT NULL,
  PRIMARY KEY (`id`)
) ENGINE=InnoDB AUTO_INCREMENT=3 DEFAULT CHARSET=utf8 COLLATE=utf8_unicode_ci;
/*!40101 SET character_set_client = @saved_cs_client */;

--
-- Dumping data for table `roles`
--

LOCK TABLES `roles` WRITE;
/*!40000 ALTER TABLE `roles` DISABLE KEYS */;
INSERT INTO `roles` VALUES (1,'admin'),(2,'user');
/*!40000 ALTER TABLE `roles` ENABLE KEYS */;
UNLOCK TABLES;

--
-- Table structure for table `roles_users`
--

DROP TABLE IF EXISTS `roles_users`;
/*!40101 SET @saved_cs_client     = @@character_set_client */;
/*!40101 SET character_set_client = utf8 */;
CREATE TABLE `roles_users` (
  `role_id` int(11) DEFAULT NULL,
  `user_id` int(11) DEFAULT NULL,
  KEY `index_roles_users_on_role_id` (`role_id`),
  KEY `index_roles_users_on_user_id` (`user_id`)
) ENGINE=InnoDB DEFAULT CHARSET=utf8 COLLATE=utf8_unicode_ci;
/*!40101 SET character_set_client = @saved_cs_client */;

--
-- Dumping data for table `roles_users`
--

LOCK TABLES `roles_users` WRITE;
/*!40000 ALTER TABLE `roles_users` DISABLE KEYS */;
INSERT INTO `roles_users` VALUES (1,1057526560),(1,1057526560);
/*!40000 ALTER TABLE `roles_users` ENABLE KEYS */;
UNLOCK TABLES;

--
-- Table structure for table `schema_migrations`
--

DROP TABLE IF EXISTS `schema_migrations`;
/*!40101 SET @saved_cs_client     = @@character_set_client */;
/*!40101 SET character_set_client = utf8 */;
CREATE TABLE `schema_migrations` (
  `version` varchar(255) COLLATE utf8_unicode_ci NOT NULL,
  UNIQUE KEY `unique_schema_migrations` (`version`)
) ENGINE=InnoDB DEFAULT CHARSET=utf8 COLLATE=utf8_unicode_ci;
/*!40101 SET character_set_client = @saved_cs_client */;

--
-- Dumping data for table `schema_migrations`
--

LOCK TABLES `schema_migrations` WRITE;
/*!40000 ALTER TABLE `schema_migrations` DISABLE KEYS */;
INSERT INTO `schema_migrations` VALUES ('20090823005402'),('20090904192342'),('20090923100315'),('20091007134354'),('20091008091614'),('20091012120519'),('20091015110842'),('20091015153048'),('20091016174634'),('20091017175558'),('20091020182940'),('20091020183520'),('20091021133257'),('20091104151730'),('20091126190904'),('20091209153045'),('20091209202200'),('20091211203813'),('20091212161118'),('20091213222815'),('20091214183826'),('20100105090147'),('20100105132138'),('20100107141738'),('20100111205525'),('20100112151511'),('20100113090919'),('20100113203104'),('20100121160010'),('20100121183934'),('20100125145351'),('20100126103714'),('20100209025806'),('20100209144531'),('20100213103131'),('20100214212536'),('20100223170312'),('20100223183812'),('20100224153127'),('20100301163454'),('20100306153445'),('20100317120946'),('20100419190933'),('20100419194457'),('20100426100726'),('20100427121301'),('20100501084722'),('20100501095202'),('20100502163939'),('20100504142133'),('20100506180619'),('20100506185838'),('20100528155333'),('20100528185820'),('20100605152042'),('20100624110730'),('20100624123336'),('20100624175547'),('20100811163637'),('20100811205836'),('20100812162326'),('20100813023502'),('20100813185745'),('20100816212146'),('20100817152723'),('20100819170125'),('20100820135707'),('20100901171814'),('20100903203949'),('20100923095305'),('20100923162011'),('20100929151905'),('20101008190536'),('20101026184700'),('20101026184714'),('20101026184746'),('20101026184808'),('20101026184833'),('20101026184855'),('20101026184916'),('20101026184932'),('20101026184950'),('20101026184959'),('20101026185022'),('20101026192225'),('20101028151745'),('20101103212716'),('20101111133551'),('20101117031806'),('20101214150824'),('20101217012656'),('20101219201531'),('20101223215658'),('20110110130847'),('20110111122537'),('20110314192118'),('20110703075854'),('20110822180227');
/*!40000 ALTER TABLE `schema_migrations` ENABLE KEYS */;
UNLOCK TABLES;

--
-- Table structure for table `services`
--

DROP TABLE IF EXISTS `services`;
/*!40101 SET @saved_cs_client     = @@character_set_client */;
/*!40101 SET character_set_client = utf8 */;
CREATE TABLE `services` (
  `id` int(11) NOT NULL AUTO_INCREMENT,
  `user_id` int(11) DEFAULT NULL,
  `provider` varchar(255) COLLATE utf8_unicode_ci DEFAULT NULL,
  `uid` varchar(255) COLLATE utf8_unicode_ci DEFAULT NULL,
  `uname` varchar(255) COLLATE utf8_unicode_ci DEFAULT NULL,
  `uemail` varchar(255) COLLATE utf8_unicode_ci DEFAULT NULL,
  `created_at` datetime DEFAULT NULL,
  `updated_at` datetime DEFAULT NULL,
  PRIMARY KEY (`id`)
) ENGINE=InnoDB AUTO_INCREMENT=7 DEFAULT CHARSET=utf8 COLLATE=utf8_unicode_ci;
/*!40101 SET character_set_client = @saved_cs_client */;

--
-- Dumping data for table `services`
--

LOCK TABLES `services` WRITE;
/*!40000 ALTER TABLE `services` DISABLE KEYS */;
INSERT INTO `services` VALUES (1,1057526563,'facebook','689105928','Muhammad Ahtisham Saqib','aquvarious_blue@hotmail.com','2011-08-24 23:17:29','2011-08-24 23:17:29'),(2,1057526585,'facebook','100001735117712','Mike Fererra','xcel_mind@live.com','2011-08-28 16:35:11','2011-08-28 16:35:11'),(3,1057526587,'facebook','524691560','Muhammad Sannan Khalid','sannankhalid@hotmail.com','2011-08-28 16:50:27','2011-08-28 16:50:27'),(4,1057526594,'facebook','60301745','Justin Kempiak','justin@acapellamedia.com','2011-08-29 18:59:09','2011-08-29 18:59:09'),(5,1057526595,'facebook','100000037421994','Justin Kempiak','justinkempiak@gmail.com','2011-08-29 19:03:05','2011-08-29 19:03:05'),(6,1057526599,'facebook','2216674','Todd Macey','tmmacey@gmail.com','2011-08-29 22:24:29','2011-08-29 22:24:29');
/*!40000 ALTER TABLE `services` ENABLE KEYS */;
UNLOCK TABLES;

--
-- Table structure for table `shipments`
--

DROP TABLE IF EXISTS `shipments`;
/*!40101 SET @saved_cs_client     = @@character_set_client */;
/*!40101 SET character_set_client = utf8 */;
CREATE TABLE `shipments` (
  `id` int(11) NOT NULL AUTO_INCREMENT,
  `order_id` int(11) DEFAULT NULL,
  `shipping_method_id` int(11) DEFAULT NULL,
  `tracking` varchar(255) COLLATE utf8_unicode_ci DEFAULT NULL,
  `created_at` datetime DEFAULT NULL,
  `updated_at` datetime DEFAULT NULL,
  `number` varchar(255) COLLATE utf8_unicode_ci DEFAULT NULL,
  `cost` decimal(8,2) DEFAULT NULL,
  `shipped_at` datetime DEFAULT NULL,
  `address_id` int(11) DEFAULT NULL,
  `state` varchar(255) COLLATE utf8_unicode_ci DEFAULT NULL,
  PRIMARY KEY (`id`),
  KEY `index_shipments_on_number` (`number`)
) ENGINE=InnoDB AUTO_INCREMENT=1053930505 DEFAULT CHARSET=utf8 COLLATE=utf8_unicode_ci;
/*!40101 SET character_set_client = @saved_cs_client */;

--
-- Dumping data for table `shipments`
--

LOCK TABLES `shipments` WRITE;
/*!40000 ALTER TABLE `shipments` DISABLE KEYS */;
INSERT INTO `shipments` VALUES (7516093,906884218,574015644,NULL,'2011-08-24 20:20:50','2011-08-24 20:20:50','H284310646538',NULL,NULL,347276494,'pending'),(32026953,932702864,574015644,NULL,'2011-08-24 20:20:50','2011-08-24 20:20:50','H151629631088',NULL,NULL,355015228,'pending'),(33214900,931498615,574015644,NULL,'2011-08-24 20:20:50','2011-08-24 20:20:50','H8531078410425',NULL,NULL,356219587,'pending'),(35341291,73849921,574015644,NULL,'2011-08-24 20:20:50','2011-08-24 20:20:50','H020824100643',NULL,NULL,501684253,'pending'),(54656917,893297750,574015644,NULL,'2011-08-24 20:20:50','2011-08-24 20:20:50','H040586732210',NULL,NULL,394286306,'pending'),(55811946,892126383,574015644,NULL,'2011-08-24 20:20:50','2011-08-24 20:20:50','H6510101744959',NULL,NULL,395457563,'pending'),(61228994,903421051,574015644,NULL,'2011-08-24 20:20:50','2011-08-24 20:20:50','H457021041257',NULL,NULL,392686799,'pending'),(62138181,902528130,574015644,NULL,'2011-08-24 20:20:50','2011-08-24 20:20:50','H76367606620',NULL,NULL,393579574,'pending'),(70007694,844324943,574015644,NULL,'2011-08-24 20:20:50','2011-08-24 20:20:50','H101081033110111',NULL,NULL,284004603,'pending'),(71195505,843120822,574015644,NULL,'2011-08-24 20:20:50','2011-08-24 20:20:50','H0101004881502',NULL,NULL,285208578,'pending'),(80446377,850712674,574015644,NULL,'2011-08-24 20:20:50','2011-08-24 20:20:50','H93599592800',NULL,NULL,269101270,'pending'),(81388382,849787035,574015644,NULL,'2011-08-24 20:20:50','2011-08-24 20:20:50','H88613644891',NULL,NULL,270026799,'pending'),(109409616,821702295,574015644,NULL,'2011-08-24 20:20:50','2011-08-24 20:20:50','H67124052621',NULL,NULL,306503203,'pending'),(110564781,820530800,574015644,NULL,'2011-08-24 20:20:50','2011-08-24 20:20:50','H426083310487',NULL,NULL,307674844,'pending'),(163898264,1069267029,574015644,NULL,'2011-08-24 20:20:50','2011-08-24 20:20:50','H109103810369109',NULL,NULL,486885605,'pending'),(165053295,1068095656,574015644,NULL,'2011-08-24 20:20:50','2011-08-24 20:20:50','H1241101071648',NULL,NULL,488056864,'pending'),(167930736,1014837421,574015644,NULL,'2011-08-24 20:20:50','2011-08-24 20:20:50','H76171681517',NULL,NULL,516145181,'pending'),(193598819,1039486630,574015644,NULL,'2011-08-24 20:20:50','2011-08-24 20:20:50','H825606722102',NULL,NULL,525057558,'pending'),(195891138,231772182,574015644,NULL,'2011-08-24 20:20:50','2011-08-24 20:20:50','H35772021239',NULL,NULL,340874296,'pending'),(216519034,983075517,574015644,NULL,'2011-08-24 20:20:50','2011-08-24 20:20:50','H566525537210',NULL,NULL,405174797,'pending'),(228226979,1004874852,574015644,NULL,'2011-08-24 20:20:50','2011-08-24 20:20:50','H55994280522',NULL,NULL,425450708,'pending'),(245966735,953580620,574015644,NULL,'2011-08-24 20:20:50','2011-08-24 20:20:50','H938104545385',NULL,NULL,443059452,'pending'),(247154552,952376497,574015644,NULL,'2011-08-24 20:20:50','2011-08-24 20:20:50','H61459888272',NULL,NULL,444263433,'pending'),(255015291,961307330,574015644,NULL,'2011-08-24 20:20:50','2011-08-24 20:20:50','H310372720331',NULL,NULL,468881930,'pending'),(281915952,649259497,574015644,NULL,'2011-08-24 20:20:50','2011-08-24 20:20:50','H710949509146',NULL,NULL,67901793,'pending'),(283103959,648055060,574015644,NULL,'2011-08-24 20:20:50','2011-08-24 20:20:50','H1532109721910',NULL,NULL,69106084,'pending'),(310592731,620502818,574015644,NULL,'2011-08-24 20:20:50','2011-08-24 20:20:50','H09131930562',NULL,NULL,105050026,'pending'),(312761982,349815214,574015644,NULL,'2011-08-24 20:20:50','2011-08-24 20:20:50','H731840101608',NULL,NULL,223872400,'pending'),(320428591,627442156,574015644,NULL,'2011-08-24 20:20:50','2011-08-24 20:20:50','H17321747459',NULL,NULL,131658076,'pending'),(344016612,587078949,574015644,NULL,'2011-08-24 20:20:50','2011-08-24 20:20:50','H874851310488',NULL,NULL,4255125,'pending'),(365533797,330565047,574015644,NULL,'2011-08-24 20:20:50','2011-08-24 20:20:50','H2447101094057',NULL,NULL,171295127,'pending'),(367952066,596761353,574015644,NULL,'2011-08-24 20:20:50','2011-08-24 20:20:50','H4103963557107',NULL,NULL,19868593,'pending'),(371722298,542594049,574015644,NULL,'2011-08-24 20:20:50','2011-08-24 20:20:50','H0731101881031',NULL,NULL,48866121,'pending'),(396391991,568274416,574015644,NULL,'2011-08-24 20:20:50','2011-08-24 20:20:50','H353053072103',NULL,NULL,56745288,'pending'),(397547216,567102733,574015644,NULL,'2011-08-24 20:20:50','2011-08-24 20:20:50','H103691031061051',NULL,NULL,57916861,'pending'),(417456373,782154552,574015644,NULL,'2011-08-24 20:20:50','2011-08-24 20:20:50','H124391099906',NULL,NULL,203443076,'pending'),(418611208,780983247,574015644,NULL,'2011-08-24 20:20:50','2011-08-24 20:20:50','H103560154578',NULL,NULL,204614523,'pending'),(426352382,790021435,574015644,NULL,'2011-08-24 20:20:50','2011-08-24 20:20:50','H561065071010107',NULL,NULL,229127567,'pending'),(440970793,741864942,574015644,NULL,'2011-08-24 20:20:50','2011-08-24 20:20:50','H16340639025',NULL,NULL,243860826,'pending'),(442158806,740660503,574015644,NULL,'2011-08-24 20:20:50','2011-08-24 20:20:50','H4042815102110',NULL,NULL,245065123,'pending'),(447682054,751848899,574015644,NULL,'2011-08-24 20:20:50','2011-08-24 20:20:50','H510954569723',NULL,NULL,242138487,'pending'),(448624385,750923066,574015644,NULL,'2011-08-24 20:20:50','2011-08-24 20:20:50','H05619787685',NULL,NULL,243064206,'pending'),(475581673,707237680,574015644,NULL,'2011-08-24 20:20:50','2011-08-24 20:20:50','H84020477496',NULL,NULL,144271260,'pending'),(488991282,727331319,574015644,NULL,'2011-08-24 20:20:50','2011-08-24 20:20:50','H810010031788',NULL,NULL,165986627,'pending'),(490146509,726159630,574015644,NULL,'2011-08-24 20:20:50','2011-08-24 20:20:50','H102011736623',NULL,NULL,167158202,'pending'),(499307037,733841882,574015644,NULL,'2011-08-24 20:20:50','2011-08-24 20:20:50','H1107170648110',NULL,NULL,151222638,'pending'),(500216554,732948771,574015644,NULL,'2011-08-24 20:20:50','2011-08-24 20:20:50','H1101049352085',NULL,NULL,152115607,'pending'),(529278188,703823663,574015644,NULL,'2011-08-24 20:20:50','2011-08-24 20:20:50','H23741135844',NULL,NULL,189632411,'pending'),(530465809,702619608,574015644,NULL,'2011-08-24 20:20:50','2011-08-24 20:20:50','H0106283100819',NULL,NULL,190836580,'pending'),(547833508,383262055,574015644,NULL,'2011-08-24 20:20:50','2011-08-24 20:20:50','H1210665110503',NULL,NULL,879160787,'pending'),(548742745,382369184,574015644,NULL,'2011-08-24 20:20:50','2011-08-24 20:20:50','H101011610687109',NULL,NULL,880053548,'pending'),(556742829,391144298,574015644,NULL,'2011-08-24 20:20:50','2011-08-24 20:20:50','H4658106391084',NULL,NULL,904827870,'pending'),(583969526,615724322,574015644,NULL,'2011-08-24 20:20:50','2011-08-24 20:20:50','H446430101892',NULL,NULL,1026748676,'pending'),(585740373,345435026,574015644,NULL,'2011-08-24 20:20:50','2011-08-24 20:20:50','H710610092410103',NULL,NULL,908598054,'pending'),(596014713,368651700,574015644,NULL,'2011-08-24 20:20:50','2011-08-24 20:20:50','H46034493967',NULL,NULL,927456520,'pending'),(605973176,308359551,574015644,NULL,'2011-08-24 20:20:50','2011-08-24 20:20:50','H05150586597',NULL,NULL,819970507,'pending'),(629437518,335228811,574015644,NULL,'2011-08-24 20:20:50','2011-08-24 20:20:50','H361010784886',NULL,NULL,826662719,'pending'),(631467759,601813305,574015644,NULL,'2011-08-24 20:20:50','2011-08-24 20:20:50','H50894379358',NULL,NULL,979318045,'pending'),(667583165,297130368,574015644,NULL,'2011-08-24 20:20:50','2011-08-24 20:20:50','H0441391078101',NULL,NULL,856369612,'pending'),(668525120,296204679,574015644,NULL,'2011-08-24 20:20:50','2011-08-24 20:20:50','H4243651911010',NULL,NULL,857295155,'pending'),(680203391,519327672,574015644,NULL,'2011-08-24 20:20:50','2011-08-24 20:20:50','H36807441161',NULL,NULL,1011531536,'pending'),(681145480,518401861,574015644,NULL,'2011-08-24 20:20:50','2011-08-24 20:20:50','H1010858325779',NULL,NULL,1012457461,'pending'),(706894503,475857254,574015644,NULL,'2011-08-24 20:20:50','2011-08-24 20:20:50','H7781010710314',NULL,NULL,1055125974,'pending'),(707803742,474964377,574015644,NULL,'2011-08-24 20:20:50','2011-08-24 20:20:50','H53502090418',NULL,NULL,1056018737,'pending'),(717611658,481999185,574015644,NULL,'2011-08-24 20:20:50','2011-08-24 20:20:50','H24741949715',NULL,NULL,1040468473,'pending'),(718766707,480827830,574015644,NULL,'2011-08-24 20:20:50','2011-08-24 20:20:50','H41521949873',NULL,NULL,1041639686,'pending'),(727710848,488679357,574015644,NULL,'2011-08-24 20:20:50','2011-08-24 20:20:50','H1006929105418',NULL,NULL,1067341581,'pending'),(760192702,456181117,574015644,NULL,'2011-08-24 20:20:50','2011-08-24 20:20:50','H6201010775784',NULL,NULL,965621197,'pending'),(761134663,455255426,574015644,NULL,'2011-08-24 20:20:50','2011-08-24 20:20:50','H835810360498',NULL,NULL,966546746,'pending'),(765994643,467107162,574015644,NULL,'2011-08-24 20:20:50','2011-08-24 20:20:50','H510382363809',NULL,NULL,963218914,'pending'),(767182442,465903021,574015644,NULL,'2011-08-24 20:20:50','2011-08-24 20:20:50','H63640800777',NULL,NULL,964422941,'pending'),(779005547,403830194,574015644,NULL,'2011-08-24 20:20:50','2011-08-24 20:20:50','H108029161010610',NULL,NULL,984548634,'pending'),(803655784,429493153,574015644,NULL,'2011-08-24 20:20:50','2011-08-24 20:20:50','H8981010420069',NULL,NULL,992443161,'pending'),(804565151,428600156,574015644,NULL,'2011-08-24 20:20:50','2011-08-24 20:20:50','H30391712383',NULL,NULL,993336300,'pending'),(830621127,134028804,574015644,NULL,'2011-08-24 20:20:50','2011-08-24 20:20:50','H472298011079',NULL,NULL,625209012,'pending'),(831530304,133136121,574015644,NULL,'2011-08-24 20:20:50','2011-08-24 20:20:50','H3531035871107',NULL,NULL,626101841,'pending'),(858458911,89411802,574015644,NULL,'2011-08-24 20:20:50','2011-08-24 20:20:50','H280091410600',NULL,NULL,669687922,'pending'),(859401190,88485925,574015644,NULL,'2011-08-24 20:20:50','2011-08-24 20:20:50','H65567261170',NULL,NULL,670613653,'pending'),(869053234,95676661,574015644,NULL,'2011-08-24 20:20:50','2011-08-24 20:20:50','H1000311027693',NULL,NULL,655169605,'pending'),(870241227,94472210,574015644,NULL,'2011-08-24 20:20:50','2011-08-24 20:20:50','H52400438243',NULL,NULL,656373946,'pending'),(877055750,37328065,574015644,NULL,'2011-08-24 20:20:50','2011-08-24 20:20:50','H2045982710010',NULL,NULL,545743993,'pending'),(877965311,36435006,574015644,NULL,'2011-08-24 20:20:50','2011-08-24 20:20:50','H9415592104210',NULL,NULL,546636942,'pending'),(882997035,48114926,574015644,NULL,'2011-08-24 20:20:50','2011-08-24 20:20:50','H81897244255',NULL,NULL,543218782,'pending'),(884152274,46943257,574015644,NULL,'2011-08-24 20:20:50','2011-08-24 20:20:50','H369812462108',NULL,NULL,544390305,'pending'),(891057020,862055596,574015644,NULL,'2011-08-24 20:20:50','2011-08-24 20:20:50','H05821010210349',NULL,NULL,719333514,'pending'),(921666016,9493021,574015644,NULL,'2011-08-24 20:20:50','2011-08-24 20:20:50','H21246174807',NULL,NULL,573450925,'pending'),(922607911,8567520,574015644,NULL,'2011-08-24 20:20:50','2011-08-24 20:20:50','H62103101049753',NULL,NULL,574376536,'pending'),(930455338,17482993,574015644,NULL,'2011-08-24 20:20:50','2011-08-24 20:20:50','H97379004756',NULL,NULL,599012441,'pending'),(942934510,239817259,574015644,NULL,'2011-08-24 20:20:50','2011-08-24 20:20:50','H9104201048120',NULL,NULL,754295455,'pending'),(967710488,265374943,574015644,NULL,'2011-08-24 20:20:50','2011-08-24 20:20:50','H19408140241',NULL,NULL,762297451,'pending'),(968652773,264449064,574015644,NULL,'2011-08-24 20:20:50','2011-08-24 20:20:50','H59350790717',NULL,NULL,763223188,'pending'),(983385912,216145139,574015644,NULL,'2011-08-24 20:20:50','2011-08-24 20:20:50','H55894050655',NULL,NULL,777841735,'pending'),(1002961742,1035625630,574015644,NULL,'2011-08-24 20:20:50','2011-08-24 20:20:50','H9101076761071',NULL,NULL,607887544,'pending'),(1004593649,228571690,574015644,NULL,'2011-08-24 20:20:50','2011-08-24 20:20:50','H0090218361010',NULL,NULL,790710942,'pending'),(1015883258,183664179,574015644,NULL,'2011-08-24 20:20:50','2011-08-24 20:20:50','H60135280775',NULL,NULL,676105863,'pending'),(1017790295,987209861,574015644,NULL,'2011-08-24 20:20:50','2011-08-24 20:20:50','H5510125931047',NULL,NULL,592864417,'pending'),(1020487291,539762571,574015644,NULL,'2011-08-24 20:20:50','2011-08-24 20:20:50','H11595986708',NULL,NULL,42776516,'pending'),(1023761401,192544832,574015644,NULL,'2011-08-24 20:20:50','2011-08-24 20:20:50','H510152707043',NULL,NULL,700772492,'pending'),(1053020929,146573512,574015644,NULL,'2011-08-24 20:20:50','2011-08-24 20:20:50','H23929301725',NULL,NULL,704804980,'pending'),(1053930492,145680447,574015644,NULL,'2011-08-24 20:20:50','2011-08-24 20:20:50','H10867710101825',NULL,NULL,705697931,'pending'),(1053930493,1069267032,574015644,NULL,'2011-08-24 23:34:06','2011-08-24 23:34:06','H30268200487',NULL,NULL,1072978398,'ready'),(1053930494,1069267033,13537749,NULL,'2011-08-25 00:11:34','2011-08-25 00:11:34','H30684178757',NULL,NULL,1072978400,'ready'),(1053930495,1069267034,192811543,NULL,'2011-08-25 00:22:39','2011-08-25 00:22:39','H01358740160',NULL,NULL,1072978402,'pending'),(1053930496,1069267037,574015644,NULL,'2011-08-25 01:03:48','2011-08-25 01:03:48','H77022478483',NULL,NULL,1072978404,'pending'),(1053930497,1069267038,192811543,NULL,'2011-08-25 01:08:56','2011-08-25 01:08:56','H46551461872',NULL,NULL,1072978406,'pending'),(1053930498,1069267039,192811543,NULL,'2011-08-25 03:16:06','2011-08-25 03:16:06','H75000157183',NULL,NULL,1072978408,'pending'),(1053930499,1069267044,574015644,NULL,'2011-08-27 17:03:03','2011-08-27 17:03:03','H40105733147',NULL,NULL,1072978410,'pending'),(1053930500,1069267049,574015644,NULL,'2011-08-28 10:23:55','2011-08-28 10:23:55','H66833870717',NULL,NULL,1072978412,'pending'),(1053930501,1069267051,574015644,NULL,'2011-08-28 10:33:48','2011-08-28 10:33:48','H54625072440',NULL,NULL,1072978414,'pending'),(1053930502,1069267052,192811543,NULL,'2011-08-28 10:54:50','2011-08-28 10:54:50','H37011136365',NULL,NULL,1072978416,'pending'),(1053930503,1069267054,13537749,NULL,'2011-08-28 11:18:06','2011-08-28 11:18:06','H20331616340',NULL,NULL,1072978418,'pending'),(1053930504,1069267071,574015644,NULL,'2011-08-29 19:54:05','2011-08-29 19:54:05','H64562232510',NULL,NULL,1072978420,'pending');
/*!40000 ALTER TABLE `shipments` ENABLE KEYS */;
UNLOCK TABLES;

--
-- Table structure for table `shipping_categories`
--

DROP TABLE IF EXISTS `shipping_categories`;
/*!40101 SET @saved_cs_client     = @@character_set_client */;
/*!40101 SET character_set_client = utf8 */;
CREATE TABLE `shipping_categories` (
  `id` int(11) NOT NULL AUTO_INCREMENT,
  `name` varchar(255) COLLATE utf8_unicode_ci DEFAULT NULL,
  `created_at` datetime DEFAULT NULL,
  `updated_at` datetime DEFAULT NULL,
  PRIMARY KEY (`id`)
) ENGINE=InnoDB AUTO_INCREMENT=727197547 DEFAULT CHARSET=utf8 COLLATE=utf8_unicode_ci;
/*!40101 SET character_set_client = @saved_cs_client */;

--
-- Dumping data for table `shipping_categories`
--

LOCK TABLES `shipping_categories` WRITE;
/*!40000 ALTER TABLE `shipping_categories` DISABLE KEYS */;
INSERT INTO `shipping_categories` VALUES (727197546,'Default Shipping','2011-08-24 20:20:50','2011-08-24 20:20:50');
/*!40000 ALTER TABLE `shipping_categories` ENABLE KEYS */;
UNLOCK TABLES;

--
-- Table structure for table `shipping_methods`
--

DROP TABLE IF EXISTS `shipping_methods`;
/*!40101 SET @saved_cs_client     = @@character_set_client */;
/*!40101 SET character_set_client = utf8 */;
CREATE TABLE `shipping_methods` (
  `id` int(11) NOT NULL AUTO_INCREMENT,
  `zone_id` int(11) DEFAULT NULL,
  `name` varchar(255) COLLATE utf8_unicode_ci DEFAULT NULL,
  `created_at` datetime DEFAULT NULL,
  `updated_at` datetime DEFAULT NULL,
  `display_on` varchar(255) COLLATE utf8_unicode_ci DEFAULT NULL,
  PRIMARY KEY (`id`)
) ENGINE=InnoDB AUTO_INCREMENT=574015645 DEFAULT CHARSET=utf8 COLLATE=utf8_unicode_ci;
/*!40101 SET character_set_client = @saved_cs_client */;

--
-- Dumping data for table `shipping_methods`
--

LOCK TABLES `shipping_methods` WRITE;
/*!40000 ALTER TABLE `shipping_methods` DISABLE KEYS */;
INSERT INTO `shipping_methods` VALUES (13537749,2,'UPS One Day','2011-08-24 20:20:50','2011-08-24 20:20:50',NULL),(192811543,2,'UPS Two Day','2011-08-24 20:20:50','2011-08-24 20:20:50',NULL),(574015644,2,'UPS Ground','2011-08-24 20:20:50','2011-08-24 20:20:50',NULL);
/*!40000 ALTER TABLE `shipping_methods` ENABLE KEYS */;
UNLOCK TABLES;

--
-- Table structure for table `state_events`
--

DROP TABLE IF EXISTS `state_events`;
/*!40101 SET @saved_cs_client     = @@character_set_client */;
/*!40101 SET character_set_client = utf8 */;
CREATE TABLE `state_events` (
  `id` int(11) NOT NULL AUTO_INCREMENT,
  `stateful_id` int(11) DEFAULT NULL,
  `user_id` int(11) DEFAULT NULL,
  `name` varchar(255) COLLATE utf8_unicode_ci DEFAULT NULL,
  `created_at` datetime DEFAULT NULL,
  `updated_at` datetime DEFAULT NULL,
  `previous_state` varchar(255) COLLATE utf8_unicode_ci DEFAULT NULL,
  `stateful_type` varchar(255) COLLATE utf8_unicode_ci DEFAULT NULL,
  `next_state` varchar(255) COLLATE utf8_unicode_ci DEFAULT NULL,
  PRIMARY KEY (`id`)
) ENGINE=InnoDB AUTO_INCREMENT=44 DEFAULT CHARSET=utf8 COLLATE=utf8_unicode_ci;
/*!40101 SET character_set_client = @saved_cs_client */;

--
-- Dumping data for table `state_events`
--

LOCK TABLES `state_events` WRITE;
/*!40000 ALTER TABLE `state_events` DISABLE KEYS */;
INSERT INTO `state_events` VALUES (1,1069267032,1057526560,'order','2011-08-24 23:34:37','2011-08-24 23:34:37','cart','Order','complete'),(2,1069267032,1057526560,'payment','2011-08-25 00:06:17','2011-08-25 00:06:17','balance_due','Order','paid'),(3,1069267032,1057526560,'shipment','2011-08-25 00:06:17','2011-08-25 00:06:17','pending','Order','ready'),(4,1069267033,1057526560,'order','2011-08-25 00:12:05','2011-08-25 00:12:05','cart','Order','complete'),(5,1069267033,1057526560,'payment','2011-08-25 00:13:50','2011-08-25 00:13:50','balance_due','Order','paid'),(6,1069267033,1057526560,'shipment','2011-08-25 00:13:50','2011-08-25 00:13:50','pending','Order','ready'),(7,1069267034,1057526560,'order','2011-08-25 00:23:19','2011-08-25 00:23:19','cart','Order','complete'),(8,1069267034,1057526560,'shipment','2011-08-25 00:24:55','2011-08-25 00:24:55','pending','Order','backorder'),(9,1069267034,1057526560,'payment','2011-08-25 00:24:56','2011-08-25 00:24:56','balance_due','Order','paid'),(10,1069267034,1057526560,'shipment','2011-08-25 00:24:56','2011-08-25 00:24:56','pending','Order','backorder'),(11,1069267038,1057526567,'order','2011-08-25 01:09:31','2011-08-25 01:09:31','cart','Order','complete'),(12,1069267038,1057526560,'shipment','2011-08-25 01:17:08','2011-08-25 01:17:08','pending','Order','backorder'),(13,1069267038,1057526560,'payment','2011-08-25 01:17:08','2011-08-25 01:17:08','balance_due','Order','paid'),(14,1069267038,1057526560,'shipment','2011-08-25 01:17:08','2011-08-25 01:17:08','pending','Order','backorder'),(15,1069267039,1057526560,'order','2011-08-25 03:16:35','2011-08-25 03:16:35','cart','Order','complete'),(24,1069267044,1057526560,'order','2011-08-27 17:16:05','2011-08-27 17:16:05','cart','Order','complete'),(25,1069267046,1057526574,'payment','2011-08-27 22:34:13','2011-08-27 22:34:13','balance_due','Order','paid'),(26,1069267046,1057526574,'payment','2011-08-27 22:34:21','2011-08-27 22:34:21','paid','Order','balance_due'),(27,1069267052,1057526579,'order','2011-08-28 10:55:17','2011-08-28 10:55:17','cart','Order','complete'),(28,1069267054,1057526560,'order','2011-08-28 11:18:26','2011-08-28 11:18:26','cart','Order','complete'),(29,1069267058,1057526560,'payment','2011-08-28 11:53:26','2011-08-28 11:53:26','balance_due','Order','paid'),(30,1069267058,1057526560,'payment','2011-08-28 11:53:26','2011-08-28 11:53:26','balance_due','Order','paid'),(31,1069267058,1057526560,'payment','2011-08-28 11:54:58','2011-08-28 11:54:58','paid','Order','balance_due'),(32,1069267058,1057526560,'payment','2011-08-28 11:56:35','2011-08-28 11:56:35','balance_due','Order','paid'),(33,1069267059,1057526584,'payment','2011-08-28 12:57:42','2011-08-28 12:57:42','balance_due','Order','paid'),(34,1069267059,1057526584,'payment','2011-08-28 12:57:42','2011-08-28 12:57:42','balance_due','Order','paid'),(35,1069267063,1057526588,'payment','2011-08-28 17:20:58','2011-08-28 17:20:58','balance_due','Order','paid'),(36,1069267063,1057526560,'payment','2011-08-28 17:32:08','2011-08-28 17:32:08','paid','Order','balance_due'),(37,1069267061,1057526579,'payment','2011-08-28 17:54:23','2011-08-28 17:54:23','balance_due','Order','paid'),(38,1069267069,1057526593,'payment','2011-08-29 19:00:16','2011-08-29 19:00:16','balance_due','Order','paid'),(39,1069267071,1057526560,'order','2011-08-29 19:54:19','2011-08-29 19:54:19','cart','Order','complete'),(40,1069267075,1057526601,'payment','2011-08-30 20:57:22','2011-08-30 20:57:22','balance_due','Order','paid'),(41,1069267075,1057526601,'payment','2011-08-30 22:16:17','2011-08-30 22:16:17','paid','Order','balance_due'),(42,1069267075,1057526601,'payment','2011-08-30 22:21:13','2011-08-30 22:21:13','balance_due','Order','paid'),(43,1069267075,1057526601,'payment','2011-08-30 22:22:40','2011-08-30 22:22:40','paid','Order','balance_due');
/*!40000 ALTER TABLE `state_events` ENABLE KEYS */;
UNLOCK TABLES;

--
-- Table structure for table `states`
--

DROP TABLE IF EXISTS `states`;
/*!40101 SET @saved_cs_client     = @@character_set_client */;
/*!40101 SET character_set_client = utf8 */;
CREATE TABLE `states` (
  `id` int(11) NOT NULL AUTO_INCREMENT,
  `name` varchar(255) COLLATE utf8_unicode_ci DEFAULT NULL,
  `abbr` varchar(255) COLLATE utf8_unicode_ci DEFAULT NULL,
  `country_id` int(11) DEFAULT NULL,
  PRIMARY KEY (`id`)
) ENGINE=InnoDB AUTO_INCREMENT=1061493586 DEFAULT CHARSET=utf8 COLLATE=utf8_unicode_ci;
/*!40101 SET character_set_client = @saved_cs_client */;

--
-- Dumping data for table `states`
--

LOCK TABLES `states` WRITE;
/*!40000 ALTER TABLE `states` DISABLE KEYS */;
INSERT INTO `states` VALUES (6764998,'District of Columbia','DC',214),(17199670,'Utah','UT',214),(37199952,'Louisiana','LA',214),(41111624,'Virginia','VA',214),(51943165,'North Dakota','ND',214),(66390489,'Wyoming','WY',214),(69729944,'New Mexico','NM',214),(69870734,'Connecticut','CT',214),(91367981,'West Virginia','WV',214),(103680699,'Wisconsin','WI',214),(177087202,'North Carolina','NC',214),(179539703,'Nevada','NV',214),(199950338,'Hawaii','HI',214),(248548169,'Oklahoma','OK',214),(267271847,'Florida','FL',214),(276110813,'California','CA',214),(298914262,'Oregon','OR',214),(308473843,'Kentucky','KY',214),(385551075,'Massachusetts','MA',214),(403740659,'Alaska','AK',214),(414569975,'Washington','WA',214),(426832442,'New Hampshire','NH',214),(471470972,'Arkansas','AR',214),(471711976,'Pennsylvania','PA',214),(474001862,'Rhode Island','RI',214),(480368357,'Maryland','MD',214),(485193526,'Ohio','OH',214),(525212995,'Texas','TX',214),(532363768,'Mississippi','MS',214),(536031023,'Colorado','CO',214),(597434151,'South Carolina','SC',214),(615306087,'South Dakota','SD',214),(625629523,'Illinois','IL',214),(653576146,'Missouri','MO',214),(673350891,'Nebraska','NE',214),(721598219,'Delaware','DE',214),(726305632,'Tennessee','TN',214),(750950030,'New Jersey','NJ',214),(769938586,'Indiana','IN',214),(825306985,'Iowa','IA',214),(876916760,'Georgia','GA',214),(889445952,'New York','NY',214),(931624400,'Michigan','MI',214),(948208802,'Arizona','AZ',214),(969722173,'Kansas','KS',214),(982433740,'Idaho','ID',214),(989115415,'Vermont','VT',214),(999156632,'Montana','MT',214),(1032288924,'Minnesota','MN',214),(1055056709,'Maine','ME',214),(1061493585,'Alabama','AL',214);
/*!40000 ALTER TABLE `states` ENABLE KEYS */;
UNLOCK TABLES;

--
-- Table structure for table `tax_categories`
--

DROP TABLE IF EXISTS `tax_categories`;
/*!40101 SET @saved_cs_client     = @@character_set_client */;
/*!40101 SET character_set_client = utf8 */;
CREATE TABLE `tax_categories` (
  `id` int(11) NOT NULL AUTO_INCREMENT,
  `name` varchar(255) COLLATE utf8_unicode_ci DEFAULT NULL,
  `description` varchar(255) COLLATE utf8_unicode_ci DEFAULT NULL,
  `created_at` datetime DEFAULT NULL,
  `updated_at` datetime DEFAULT NULL,
  `is_default` tinyint(1) DEFAULT '0',
  PRIMARY KEY (`id`)
) ENGINE=InnoDB AUTO_INCREMENT=698318841 DEFAULT CHARSET=utf8 COLLATE=utf8_unicode_ci;
/*!40101 SET character_set_client = @saved_cs_client */;

--
-- Dumping data for table `tax_categories`
--

LOCK TABLES `tax_categories` WRITE;
/*!40000 ALTER TABLE `tax_categories` DISABLE KEYS */;
INSERT INTO `tax_categories` VALUES (25484906,'Clothing',NULL,'2011-08-24 20:20:50','2011-08-24 20:20:50',0),(698318840,'Food',NULL,'2011-08-24 20:20:50','2011-08-24 20:20:50',0);
/*!40000 ALTER TABLE `tax_categories` ENABLE KEYS */;
UNLOCK TABLES;

--
-- Table structure for table `tax_rates`
--

DROP TABLE IF EXISTS `tax_rates`;
/*!40101 SET @saved_cs_client     = @@character_set_client */;
/*!40101 SET character_set_client = utf8 */;
CREATE TABLE `tax_rates` (
  `id` int(11) NOT NULL AUTO_INCREMENT,
  `zone_id` int(11) DEFAULT NULL,
  `amount` decimal(8,4) DEFAULT NULL,
  `created_at` datetime DEFAULT NULL,
  `updated_at` datetime DEFAULT NULL,
  `tax_category_id` int(11) DEFAULT NULL,
  PRIMARY KEY (`id`)
) ENGINE=InnoDB DEFAULT CHARSET=utf8 COLLATE=utf8_unicode_ci;
/*!40101 SET character_set_client = @saved_cs_client */;

--
-- Dumping data for table `tax_rates`
--

LOCK TABLES `tax_rates` WRITE;
/*!40000 ALTER TABLE `tax_rates` DISABLE KEYS */;
/*!40000 ALTER TABLE `tax_rates` ENABLE KEYS */;
UNLOCK TABLES;

--
-- Table structure for table `taxonomies`
--

DROP TABLE IF EXISTS `taxonomies`;
/*!40101 SET @saved_cs_client     = @@character_set_client */;
/*!40101 SET character_set_client = utf8 */;
CREATE TABLE `taxonomies` (
  `id` int(11) NOT NULL AUTO_INCREMENT,
  `name` varchar(255) COLLATE utf8_unicode_ci NOT NULL,
  `created_at` datetime DEFAULT NULL,
  `updated_at` datetime DEFAULT NULL,
  PRIMARY KEY (`id`)
) ENGINE=InnoDB AUTO_INCREMENT=854451431 DEFAULT CHARSET=utf8 COLLATE=utf8_unicode_ci;
/*!40101 SET character_set_client = @saved_cs_client */;

--
-- Dumping data for table `taxonomies`
--

LOCK TABLES `taxonomies` WRITE;
/*!40000 ALTER TABLE `taxonomies` DISABLE KEYS */;
INSERT INTO `taxonomies` VALUES (475199832,'Brand','2011-08-24 20:20:50','2011-08-24 20:20:50'),(854451430,'Categories','2011-08-24 20:20:50','2011-08-24 20:20:50');
/*!40000 ALTER TABLE `taxonomies` ENABLE KEYS */;
UNLOCK TABLES;

--
-- Table structure for table `taxons`
--

DROP TABLE IF EXISTS `taxons`;
/*!40101 SET @saved_cs_client     = @@character_set_client */;
/*!40101 SET character_set_client = utf8 */;
CREATE TABLE `taxons` (
  `id` int(11) NOT NULL AUTO_INCREMENT,
  `taxonomy_id` int(11) NOT NULL,
  `parent_id` int(11) DEFAULT NULL,
  `position` int(11) DEFAULT '0',
  `name` varchar(255) COLLATE utf8_unicode_ci NOT NULL,
  `created_at` datetime DEFAULT NULL,
  `updated_at` datetime DEFAULT NULL,
  `permalink` varchar(255) COLLATE utf8_unicode_ci DEFAULT NULL,
  `lft` int(11) DEFAULT NULL,
  `rgt` int(11) DEFAULT NULL,
  `icon_file_name` varchar(255) COLLATE utf8_unicode_ci DEFAULT NULL,
  `icon_content_type` varchar(255) COLLATE utf8_unicode_ci DEFAULT NULL,
  `icon_file_size` int(11) DEFAULT NULL,
  `icon_updated_at` datetime DEFAULT NULL,
  `description` text COLLATE utf8_unicode_ci,
  PRIMARY KEY (`id`),
  KEY `index_taxons_on_permalink` (`permalink`),
  KEY `index_taxons_on_parent_id` (`parent_id`),
  KEY `index_taxons_on_taxonomy_id` (`taxonomy_id`)
) ENGINE=InnoDB AUTO_INCREMENT=307170559 DEFAULT CHARSET=utf8 COLLATE=utf8_unicode_ci;
/*!40101 SET character_set_client = @saved_cs_client */;

--
-- Dumping data for table `taxons`
--

LOCK TABLES `taxons` WRITE;
/*!40000 ALTER TABLE `taxons` DISABLE KEYS */;
INSERT INTO `taxons` VALUES (1000,854451430,NULL,0,'Categories','2011-08-24 20:20:50','2011-08-24 20:20:50','categories',1,26,NULL,NULL,NULL,NULL,NULL),(1001,854451430,1000,0,'Clothing','2011-08-24 20:20:50','2011-08-24 20:20:50','categories/clothing',2,7,NULL,NULL,NULL,NULL,NULL),(1002,854451430,1000,1,'Bags','2011-08-24 20:20:50','2011-08-24 20:20:50','categories/bags',8,9,NULL,NULL,NULL,NULL,NULL),(1003,854451430,1000,2,'Mugs','2011-08-24 20:20:50','2011-08-24 20:20:50','categories/mugs',10,11,NULL,NULL,NULL,NULL,NULL),(2000,854451430,1001,0,'Shirts','2011-08-24 20:20:50','2011-08-24 20:20:50','categories/clothing/shirts',3,6,NULL,NULL,NULL,NULL,NULL),(3000,854451430,2000,0,'T-Shirts','2011-08-24 20:20:50','2011-08-24 20:20:50','categories/clothing/shirts/t-shirts',4,5,NULL,NULL,NULL,NULL,NULL),(20000,475199832,NULL,0,'Brands','2011-08-24 20:20:50','2011-08-24 20:20:50','brands',27,34,NULL,NULL,NULL,NULL,NULL),(31989848,475199832,20000,1,'Ruby on Rails','2011-08-24 20:20:50','2011-08-24 20:20:50','brands/ruby-on-rails',28,29,NULL,NULL,NULL,NULL,NULL),(207281424,475199832,20000,0,'Ruby','2011-08-24 20:20:50','2011-08-24 20:20:50','brands/ruby',30,31,NULL,NULL,NULL,NULL,NULL),(307170551,475199832,20000,2,'Apache','2011-08-24 20:20:50','2011-08-24 20:20:50','brands/apache',32,33,NULL,NULL,NULL,NULL,NULL),(307170552,854451430,1000,3,'Snow','2011-08-31 02:57:48','2011-08-31 02:58:22','categories/new-node',14,15,NULL,NULL,NULL,NULL,NULL),(307170553,854451430,1000,4,'Ski','2011-08-31 02:58:39','2011-08-31 02:58:39','categories/ski',16,17,NULL,NULL,NULL,NULL,NULL),(307170554,854451430,1000,3,'Skate','2011-08-31 02:59:28','2011-08-31 03:01:41','categories/new-node',12,13,NULL,NULL,NULL,NULL,NULL),(307170555,854451430,1000,6,'Surf','2011-08-31 03:02:18','2011-08-31 03:03:10','categories/new-node',18,19,NULL,NULL,NULL,NULL,NULL),(307170556,854451430,1000,7,'Bike','2011-08-31 03:03:18','2011-08-31 03:03:58','categories/new-node',20,21,NULL,NULL,NULL,NULL,NULL),(307170557,854451430,1000,8,'Gear','2011-08-31 03:04:13','2011-08-31 03:04:13','categories/gear',22,23,NULL,NULL,NULL,NULL,NULL),(307170558,854451430,1000,9,'Fluid','2011-08-31 03:04:29','2011-08-31 03:04:29','categories/fluid',24,25,NULL,NULL,NULL,NULL,NULL);
/*!40000 ALTER TABLE `taxons` ENABLE KEYS */;
UNLOCK TABLES;

--
-- Table structure for table `tokenized_permissions`
--

DROP TABLE IF EXISTS `tokenized_permissions`;
/*!40101 SET @saved_cs_client     = @@character_set_client */;
/*!40101 SET character_set_client = utf8 */;
CREATE TABLE `tokenized_permissions` (
  `id` int(11) NOT NULL AUTO_INCREMENT,
  `permissable_id` int(11) DEFAULT NULL,
  `permissable_type` varchar(255) COLLATE utf8_unicode_ci DEFAULT NULL,
  `token` varchar(255) COLLATE utf8_unicode_ci DEFAULT NULL,
  `created_at` datetime DEFAULT NULL,
  `updated_at` datetime DEFAULT NULL,
  PRIMARY KEY (`id`),
  KEY `index_tokenized_name_and_type` (`permissable_id`,`permissable_type`)
) ENGINE=InnoDB AUTO_INCREMENT=50 DEFAULT CHARSET=utf8 COLLATE=utf8_unicode_ci;
/*!40101 SET character_set_client = @saved_cs_client */;

--
-- Dumping data for table `tokenized_permissions`
--

LOCK TABLES `tokenized_permissions` WRITE;
/*!40000 ALTER TABLE `tokenized_permissions` DISABLE KEYS */;
INSERT INTO `tokenized_permissions` VALUES (1,1069267030,'Order','eaa732ed93b30867','2011-08-24 23:11:00','2011-08-24 23:11:00'),(2,1069267031,'Order','0a62f990aa30c38b','2011-08-24 23:16:23','2011-08-24 23:16:23'),(3,1069267032,'Order','ed63f0ba6b78625b','2011-08-24 23:32:31','2011-08-24 23:32:31'),(4,1069267033,'Order','25fe1ddf5130b5eb','2011-08-24 23:37:04','2011-08-24 23:37:04'),(5,1069267034,'Order','57ec855a4e5c1a74','2011-08-25 00:20:52','2011-08-25 00:20:52'),(6,1069267035,'Order','33f6be7c2ac64f43','2011-08-25 00:47:35','2011-08-25 00:47:35'),(7,1069267036,'Order','7c1a3c5ea9eb2b14','2011-08-25 00:54:42','2011-08-25 00:54:42'),(8,1069267037,'Order','3fa114aacd74736f','2011-08-25 01:02:00','2011-08-25 01:02:00'),(9,1069267038,'Order','8488fa5392c8fee3','2011-08-25 01:06:42','2011-08-25 01:06:42'),(10,1069267039,'Order','ef630f138c0e8d94','2011-08-25 03:10:25','2011-08-25 03:10:25'),(11,1069267040,'Order','5ac9c696af60b6d1','2011-08-25 03:47:08','2011-08-25 03:47:08'),(12,1069267041,'Order','d0de34096a54bfa4','2011-08-25 20:12:43','2011-08-25 20:12:43'),(13,1069267042,'Order','d5a301d33c09f376','2011-08-27 00:27:12','2011-08-27 00:27:12'),(14,1069267043,'Order','fe341b0ef28e499f','2011-08-27 00:38:34','2011-08-27 00:38:34'),(15,1069267044,'Order','0074c74fbaf14cb4','2011-08-27 17:01:16','2011-08-27 17:01:16'),(16,1069267045,'Order','a82d2950ca578e55','2011-08-27 21:15:17','2011-08-27 21:15:17'),(17,1069267046,'Order','f7774281c45ff9ec','2011-08-27 22:03:01','2011-08-27 22:03:01'),(18,1069267047,'Order','6eff93d808a1ffa6','2011-08-28 09:46:59','2011-08-28 09:46:59'),(19,1069267048,'Order','f5be8197b2fcdbc2','2011-08-28 09:51:44','2011-08-28 09:51:44'),(20,1069267049,'Order','93a17ff4ece528d2','2011-08-28 10:22:46','2011-08-28 10:22:46'),(21,1069267050,'Order','4b0fbf28f0883563','2011-08-28 10:29:15','2011-08-28 10:29:15'),(22,1069267051,'Order','0bc9da3c8e69910f','2011-08-28 10:32:54','2011-08-28 10:32:54'),(23,1069267052,'Order','8ce2db6ab363f4f3','2011-08-28 10:46:54','2011-08-28 10:46:54'),(24,1069267053,'Order','e6eba093c98c8f40','2011-08-28 10:56:45','2011-08-28 10:56:45'),(25,1069267054,'Order','d23ecaa21dfbd241','2011-08-28 11:16:04','2011-08-28 11:16:04'),(26,1069267055,'Order','71d6294378ea4c41','2011-08-28 11:16:28','2011-08-28 11:16:28'),(27,1069267056,'Order','ea6e09297234f221','2011-08-28 11:23:32','2011-08-28 11:23:32'),(28,1069267057,'Order','4b2e65c5bc54d48b','2011-08-28 11:49:32','2011-08-28 11:49:32'),(29,1069267058,'Order','f64810c4e4a0bdd2','2011-08-28 11:52:40','2011-08-28 11:52:40'),(30,1069267059,'Order','e79f29407e23d317','2011-08-28 12:57:18','2011-08-28 12:57:18'),(31,1069267060,'Order','69711ab659e676c1','2011-08-28 16:39:34','2011-08-28 16:39:34'),(32,1069267061,'Order','1f138325a480227a','2011-08-28 16:44:37','2011-08-28 16:44:37'),(33,1069267062,'Order','42c612ef31beafec','2011-08-28 16:56:58','2011-08-28 16:56:58'),(34,1069267063,'Order','3629320d35e92207','2011-08-28 17:06:10','2011-08-28 17:06:10'),(35,1069267064,'Order','a93a66efd51619f1','2011-08-28 17:14:44','2011-08-28 17:14:44'),(36,1069267065,'Order','cea643ead12b1b8a','2011-08-28 17:36:10','2011-08-28 17:36:10'),(37,1069267066,'Order','0616fb2bd676dd55','2011-08-29 16:24:53','2011-08-29 16:24:53'),(38,1069267067,'Order','f4f0f55b36954d0b','2011-08-29 18:02:14','2011-08-29 18:02:14'),(39,1069267068,'Order','a380d4af8c112bf0','2011-08-29 18:54:02','2011-08-29 18:54:02'),(40,1069267069,'Order','390072ac975eeac6','2011-08-29 18:56:34','2011-08-29 18:56:34'),(41,1069267070,'Order','6d048ee3ceb09fc7','2011-08-29 19:00:32','2011-08-29 19:00:32'),(42,1069267071,'Order','437bb3358673ed88','2011-08-29 19:51:46','2011-08-29 19:51:46'),(43,1069267072,'Order','ab68e7d4f5536105','2011-08-29 20:59:09','2011-08-29 20:59:09'),(44,1069267073,'Order','90725e38dcd691d0','2011-08-29 22:22:45','2011-08-29 22:22:45'),(45,1069267074,'Order','2ca0374e32afeb19','2011-08-30 01:25:23','2011-08-30 01:25:23'),(46,1069267075,'Order','fc8fc95c1dc90a95','2011-08-30 02:17:10','2011-08-30 02:17:10'),(47,1069267076,'Order','001c7dcbf1102925','2011-08-30 22:42:04','2011-08-30 22:42:04'),(48,1069267077,'Order','79e80c51191d456d','2011-08-31 03:34:38','2011-08-31 03:34:38'),(49,1069267078,'Order','3fd79eb13b5d953b','2011-08-31 12:51:26','2011-08-31 12:51:26');
/*!40000 ALTER TABLE `tokenized_permissions` ENABLE KEYS */;
UNLOCK TABLES;

--
-- Table structure for table `trackers`
--

DROP TABLE IF EXISTS `trackers`;
/*!40101 SET @saved_cs_client     = @@character_set_client */;
/*!40101 SET character_set_client = utf8 */;
CREATE TABLE `trackers` (
  `id` int(11) NOT NULL AUTO_INCREMENT,
  `environment` varchar(255) COLLATE utf8_unicode_ci DEFAULT NULL,
  `analytics_id` varchar(255) COLLATE utf8_unicode_ci DEFAULT NULL,
  `active` tinyint(1) DEFAULT '1',
  `created_at` datetime DEFAULT NULL,
  `updated_at` datetime DEFAULT NULL,
  PRIMARY KEY (`id`)
) ENGINE=InnoDB DEFAULT CHARSET=utf8 COLLATE=utf8_unicode_ci;
/*!40101 SET character_set_client = @saved_cs_client */;

--
-- Dumping data for table `trackers`
--

LOCK TABLES `trackers` WRITE;
/*!40000 ALTER TABLE `trackers` DISABLE KEYS */;
/*!40000 ALTER TABLE `trackers` ENABLE KEYS */;
UNLOCK TABLES;

--
-- Table structure for table `users`
--

DROP TABLE IF EXISTS `users`;
/*!40101 SET @saved_cs_client     = @@character_set_client */;
/*!40101 SET character_set_client = utf8 */;
CREATE TABLE `users` (
  `id` int(11) NOT NULL AUTO_INCREMENT,
  `email` varchar(255) COLLATE utf8_unicode_ci DEFAULT NULL,
  `encrypted_password` varchar(255) COLLATE utf8_unicode_ci DEFAULT NULL,
  `password_salt` varchar(255) COLLATE utf8_unicode_ci DEFAULT NULL,
  `remember_token` varchar(255) COLLATE utf8_unicode_ci DEFAULT NULL,
  `created_at` datetime DEFAULT NULL,
  `updated_at` datetime DEFAULT NULL,
  `persistence_token` varchar(255) COLLATE utf8_unicode_ci DEFAULT NULL,
  `reset_password_token` varchar(255) COLLATE utf8_unicode_ci DEFAULT NULL,
  `perishable_token` varchar(255) COLLATE utf8_unicode_ci DEFAULT NULL,
  `sign_in_count` int(11) NOT NULL DEFAULT '0',
  `failed_attempts` int(11) NOT NULL DEFAULT '0',
  `last_request_at` datetime DEFAULT NULL,
  `current_sign_in_at` datetime DEFAULT NULL,
  `last_sign_in_at` datetime DEFAULT NULL,
  `current_sign_in_ip` varchar(255) COLLATE utf8_unicode_ci DEFAULT NULL,
  `last_sign_in_ip` varchar(255) COLLATE utf8_unicode_ci DEFAULT NULL,
  `login` varchar(255) COLLATE utf8_unicode_ci DEFAULT NULL,
  `ship_address_id` int(11) DEFAULT NULL,
  `bill_address_id` int(11) DEFAULT NULL,
  `authentication_token` varchar(255) COLLATE utf8_unicode_ci DEFAULT NULL,
  `unlock_token` varchar(255) COLLATE utf8_unicode_ci DEFAULT NULL,
  `locked_at` datetime DEFAULT NULL,
  `remember_created_at` datetime DEFAULT NULL,
  PRIMARY KEY (`id`),
  KEY `index_users_on_persistence_token` (`persistence_token`)
) ENGINE=InnoDB AUTO_INCREMENT=1057526604 DEFAULT CHARSET=utf8 COLLATE=utf8_unicode_ci;
/*!40101 SET character_set_client = @saved_cs_client */;

--
-- Dumping data for table `users`
--

LOCK TABLES `users` WRITE;
/*!40000 ALTER TABLE `users` DISABLE KEYS */;
INSERT INTO `users` VALUES (14035331,'sunny.reilly@howellboyle.info',NULL,NULL,NULL,'2011-08-24 20:20:50','2011-08-24 20:20:50',NULL,NULL,NULL,0,0,NULL,NULL,NULL,NULL,NULL,NULL,144271260,1009963300,NULL,NULL,NULL,NULL),(21772151,'cedrick_johnston@bartolettibailey.name',NULL,NULL,NULL,'2011-08-24 20:20:50','2011-08-24 20:20:50',NULL,NULL,NULL,0,0,NULL,NULL,NULL,NULL,NULL,NULL,151222638,1034473426,NULL,NULL,NULL,NULL),(22960014,'dino@gislason.biz',NULL,NULL,NULL,'2011-08-24 20:20:50','2011-08-24 20:20:50',NULL,NULL,NULL,0,0,NULL,NULL,NULL,NULL,NULL,NULL,152115607,1035644717,NULL,NULL,NULL,NULL),(28020570,'macey.glover@kihnjaskolski.biz',NULL,NULL,NULL,'2011-08-24 20:20:50','2011-08-24 20:20:50',NULL,NULL,NULL,0,0,NULL,NULL,NULL,NULL,NULL,NULL,165986627,1028618237,NULL,NULL,NULL,NULL),(28962723,'raven@batz.biz',NULL,NULL,NULL,'2011-08-24 20:20:50','2011-08-24 20:20:50',NULL,NULL,NULL,0,0,NULL,NULL,NULL,NULL,NULL,NULL,167158202,1029510922,NULL,NULL,NULL,NULL),(50512260,'simone_corkery@colehills.com',NULL,NULL,NULL,'2011-08-24 20:20:50','2011-08-24 20:20:50',NULL,NULL,NULL,0,0,NULL,NULL,NULL,NULL,NULL,NULL,189632411,1072052521,NULL,NULL,NULL,NULL),(51421563,'marguerite@hyatt.info',NULL,NULL,NULL,'2011-08-24 20:20:50','2011-08-24 20:20:50',NULL,NULL,NULL,0,0,NULL,NULL,NULL,NULL,NULL,NULL,190836580,1072978396,NULL,NULL,NULL,NULL),(74384795,'kaylie@ziemeleuschke.biz',NULL,NULL,NULL,'2011-08-24 20:20:50','2011-08-24 20:20:50',NULL,NULL,NULL,0,0,NULL,NULL,NULL,NULL,NULL,NULL,203443076,948698432,NULL,NULL,NULL,NULL),(75326820,'santiago.botsford@wisozk.name',NULL,NULL,NULL,'2011-08-24 20:20:50','2011-08-24 20:20:50',NULL,NULL,NULL,0,0,NULL,NULL,NULL,NULL,NULL,NULL,204614523,949591493,NULL,NULL,NULL,NULL),(99056534,'alek@dickinson.net',NULL,NULL,NULL,'2011-08-24 20:20:50','2011-08-24 20:20:50',NULL,NULL,NULL,0,0,NULL,NULL,NULL,NULL,NULL,NULL,229127567,956531505,NULL,NULL,NULL,NULL),(102888302,'kiarra@hilpertkonopelski.net',NULL,NULL,NULL,'2011-08-24 20:20:50','2011-08-24 20:20:50',NULL,NULL,NULL,0,0,NULL,NULL,NULL,NULL,NULL,NULL,242138487,985992137,NULL,NULL,NULL,NULL),(104043415,'bonnie_goldner@schultz.biz',NULL,NULL,NULL,'2011-08-24 20:20:50','2011-08-24 20:20:50',NULL,NULL,NULL,0,0,NULL,NULL,NULL,NULL,NULL,NULL,243064206,987196214,NULL,NULL,NULL,NULL),(113658691,'halle_barton@hyattmurray.biz',NULL,NULL,NULL,'2011-08-24 20:20:50','2011-08-24 20:20:50',NULL,NULL,NULL,0,0,NULL,NULL,NULL,NULL,NULL,NULL,243860826,975352806,NULL,NULL,NULL,NULL),(114568122,'devan_mcdermott@stroman.com',NULL,NULL,NULL,'2011-08-24 20:20:50','2011-08-24 20:20:50',NULL,NULL,NULL,0,0,NULL,NULL,NULL,NULL,NULL,NULL,245065123,976278305,NULL,NULL,NULL,NULL),(135242632,'naomi.nienow@kirlin.org',NULL,NULL,NULL,'2011-08-24 20:20:50','2011-08-24 20:20:50',NULL,NULL,NULL,0,0,NULL,NULL,NULL,NULL,NULL,NULL,4255125,887839535,NULL,NULL,NULL,NULL),(140587364,'dayna@hagenesjacobi.biz',NULL,NULL,NULL,'2011-08-24 20:20:50','2011-08-24 20:20:50',NULL,NULL,NULL,0,0,NULL,NULL,NULL,NULL,NULL,NULL,42776516,421966440,NULL,NULL,NULL,NULL),(157312430,'virgie.konopelski@upton.com',NULL,NULL,NULL,'2011-08-24 20:20:50','2011-08-24 20:20:50',NULL,NULL,NULL,0,0,NULL,NULL,NULL,NULL,NULL,NULL,19868593,897883407,NULL,NULL,NULL,NULL),(172816471,'oswaldo@romaguera.org',NULL,NULL,NULL,'2011-08-24 20:20:50','2011-08-24 20:20:50',NULL,NULL,NULL,0,0,NULL,NULL,NULL,NULL,NULL,NULL,223872400,389816337,NULL,NULL,NULL,NULL),(178711894,'guillermo.considine@stanton.name',NULL,NULL,NULL,'2011-08-24 20:20:50','2011-08-24 20:20:50',NULL,NULL,NULL,0,0,NULL,NULL,NULL,NULL,NULL,NULL,48866121,910300663,NULL,NULL,NULL,NULL),(187601757,'lynn.quigley@tremblay.net',NULL,NULL,NULL,'2011-08-24 20:20:50','2011-08-24 20:20:50',NULL,NULL,NULL,0,0,NULL,NULL,NULL,NULL,NULL,NULL,56745288,936012796,NULL,NULL,NULL,NULL),(188543912,'courtney_herzog@romaguera.org',NULL,NULL,NULL,'2011-08-24 20:20:50','2011-08-24 20:20:50',NULL,NULL,NULL,0,0,NULL,NULL,NULL,NULL,NULL,NULL,57916861,936905475,NULL,NULL,NULL,NULL),(205739844,'carey_will@funk.info',NULL,NULL,NULL,'2011-08-24 20:20:50','2011-08-24 20:20:50',NULL,NULL,NULL,0,0,NULL,NULL,NULL,NULL,NULL,NULL,67901793,816295907,NULL,NULL,NULL,NULL),(206649281,'levi@bartoletti.org',NULL,NULL,NULL,'2011-08-24 20:20:50','2011-08-24 20:20:50',NULL,NULL,NULL,0,0,NULL,NULL,NULL,NULL,NULL,NULL,69106084,817221404,NULL,NULL,NULL,NULL),(220281934,'delmer_christiansen@simonis.biz',NULL,NULL,NULL,'2011-08-24 20:20:50','2011-08-24 20:20:50',NULL,NULL,NULL,0,0,NULL,NULL,NULL,NULL,NULL,NULL,171295127,273802266,NULL,NULL,NULL,NULL),(235774389,'otis_harvey@harris.com',NULL,NULL,NULL,'2011-08-24 20:20:50','2011-08-24 20:20:50',NULL,NULL,NULL,0,0,NULL,NULL,NULL,NULL,NULL,NULL,105050026,854153494,NULL,NULL,NULL,NULL),(261603145,'barton.hauck@trantowkassulke.net',NULL,NULL,NULL,'2011-08-24 20:20:50','2011-08-24 20:20:50',NULL,NULL,NULL,0,0,NULL,NULL,NULL,NULL,NULL,NULL,131658076,863193060,NULL,NULL,NULL,NULL),(275330066,'dejon@hessel.net',NULL,NULL,NULL,'2011-08-24 20:20:50','2011-08-24 20:20:50',NULL,NULL,NULL,0,0,NULL,NULL,NULL,NULL,NULL,NULL,405174797,747490487,NULL,NULL,NULL,NULL),(286560969,'lempi@parisianhuel.net',NULL,NULL,NULL,'2011-08-24 20:20:50','2011-08-24 20:20:50',NULL,NULL,NULL,0,0,NULL,NULL,NULL,NULL,NULL,NULL,425450708,770730608,NULL,NULL,NULL,NULL),(304595689,'katheryn@sporerkuhic.com',NULL,NULL,NULL,'2011-08-24 20:20:50','2011-08-24 20:20:50',NULL,NULL,NULL,0,0,NULL,NULL,NULL,NULL,NULL,NULL,443059452,784546372,NULL,NULL,NULL,NULL),(305504796,'skye@sawayn.info',NULL,NULL,NULL,'2011-08-24 20:20:50','2011-08-24 20:20:50',NULL,NULL,NULL,0,0,NULL,NULL,NULL,NULL,NULL,NULL,444263433,785472187,NULL,NULL,NULL,NULL),(323332591,'leta_bradtke@lind.biz',NULL,NULL,NULL,'2011-08-24 20:20:50','2011-08-24 20:20:50',NULL,NULL,NULL,0,0,NULL,NULL,NULL,NULL,NULL,NULL,340874296,238383541,NULL,NULL,NULL,NULL),(331209749,'ulices@heathcote.name',NULL,NULL,NULL,'2011-08-24 20:20:50','2011-08-24 20:20:50',NULL,NULL,NULL,0,0,NULL,NULL,NULL,NULL,NULL,NULL,468881930,794371254,NULL,NULL,NULL,NULL),(357172992,'ervin_wintheiser@kertzmann.biz',NULL,NULL,NULL,'2011-08-24 20:20:50','2011-08-24 20:20:50',NULL,NULL,NULL,0,0,NULL,NULL,NULL,NULL,NULL,NULL,486885605,699334235,NULL,NULL,NULL,NULL),(358114821,'roxane_krajcik@parisiancassin.org',NULL,NULL,NULL,'2011-08-24 20:20:50','2011-08-24 20:20:50',NULL,NULL,NULL,0,0,NULL,NULL,NULL,NULL,NULL,NULL,488056864,700227236,NULL,NULL,NULL,NULL),(378310152,'bennett@huel.name',NULL,NULL,NULL,'2011-08-24 20:20:50','2011-08-24 20:20:50',NULL,NULL,NULL,0,0,NULL,NULL,NULL,NULL,NULL,NULL,516145181,711489187,NULL,NULL,NULL,NULL),(386199561,'joel_mohr@eichmannkris.org',NULL,NULL,NULL,'2011-08-24 20:20:50','2011-08-24 20:20:50',NULL,NULL,NULL,0,0,NULL,NULL,NULL,NULL,NULL,NULL,525057558,736102574,NULL,NULL,NULL,NULL),(407201487,'lisa.prosacco@hintz.net',NULL,NULL,NULL,'2011-08-24 20:20:50','2011-08-24 20:20:50',NULL,NULL,NULL,0,0,NULL,NULL,NULL,NULL,NULL,NULL,269101270,614571630,NULL,NULL,NULL,NULL),(408356406,'janis_hudson@wolf.net',NULL,NULL,NULL,'2011-08-24 20:20:50','2011-08-24 20:20:50',NULL,NULL,NULL,0,0,NULL,NULL,NULL,NULL,NULL,NULL,270026799,615775889,NULL,NULL,NULL,NULL),(413327074,'bradley@bartoletti.net',NULL,NULL,NULL,'2011-08-24 20:20:50','2011-08-24 20:20:50',NULL,NULL,NULL,0,0,NULL,NULL,NULL,NULL,NULL,NULL,284004603,608577097,NULL,NULL,NULL,NULL),(414236187,'bernard@strackemorissette.biz',NULL,NULL,NULL,'2011-08-24 20:20:50','2011-08-24 20:20:50',NULL,NULL,NULL,0,0,NULL,NULL,NULL,NULL,NULL,NULL,285208578,609502910,NULL,NULL,NULL,NULL),(436965436,'savion_kohler@dickinson.net',NULL,NULL,NULL,'2011-08-24 20:20:50','2011-08-24 20:20:50',NULL,NULL,NULL,0,0,NULL,NULL,NULL,NULL,NULL,NULL,306503203,653224093,NULL,NULL,NULL,NULL),(437907651,'elizabeth_oberbrunner@williamson.info',NULL,NULL,NULL,'2011-08-24 20:20:50','2011-08-24 20:20:50',NULL,NULL,NULL,0,0,NULL,NULL,NULL,NULL,NULL,NULL,307674844,654116968,NULL,NULL,NULL,NULL),(452191684,'buster_koch@bergnaum.org',NULL,NULL,NULL,'2011-08-24 20:20:50','2011-08-24 20:20:50',NULL,NULL,NULL,0,0,NULL,NULL,NULL,NULL,NULL,NULL,501684253,126041504,NULL,NULL,NULL,NULL),(486296279,'doug.runte@bartelldavis.info',NULL,NULL,NULL,'2011-08-24 20:20:50','2011-08-24 20:20:50',NULL,NULL,NULL,0,0,NULL,NULL,NULL,NULL,NULL,NULL,347276494,538489458,NULL,NULL,NULL,NULL),(493245475,'estella@koss.biz',NULL,NULL,NULL,'2011-08-24 20:20:50','2011-08-24 20:20:50',NULL,NULL,NULL,0,0,NULL,NULL,NULL,NULL,NULL,NULL,355015228,562211972,NULL,NULL,NULL,NULL),(494154972,'wilhelm@roobwest.name',NULL,NULL,NULL,'2011-08-24 20:20:50','2011-08-24 20:20:50',NULL,NULL,NULL,0,0,NULL,NULL,NULL,NULL,NULL,NULL,356219587,563137665,NULL,NULL,NULL,NULL),(522756822,'winnifred_brown@sipesgottlieb.net',NULL,NULL,NULL,'2011-08-24 20:20:50','2011-08-24 20:20:50',NULL,NULL,NULL,0,0,NULL,NULL,NULL,NULL,NULL,NULL,392686799,600595061,NULL,NULL,NULL,NULL),(523944495,'rosalee.watsica@wizaebert.com',NULL,NULL,NULL,'2011-08-24 20:20:50','2011-08-24 20:20:50',NULL,NULL,NULL,0,0,NULL,NULL,NULL,NULL,NULL,NULL,393579574,601766538,NULL,NULL,NULL,NULL),(533666555,'lola.torp@littel.biz',NULL,NULL,NULL,'2011-08-24 20:20:50','2011-08-24 20:20:50',NULL,NULL,NULL,0,0,NULL,NULL,NULL,NULL,NULL,NULL,394286306,590078562,NULL,NULL,NULL,NULL),(534608386,'deja@rosenbaum.info',NULL,NULL,NULL,'2011-08-24 20:20:50','2011-08-24 20:20:50',NULL,NULL,NULL,0,0,NULL,NULL,NULL,NULL,NULL,NULL,395457563,590971557,NULL,NULL,NULL,NULL),(537116830,'kelsi.hansen@hilpert.name',NULL,NULL,NULL,'2011-08-24 20:20:50','2011-08-24 20:20:50',NULL,NULL,NULL,0,0,NULL,NULL,NULL,NULL,NULL,NULL,676105863,484915261,NULL,NULL,NULL,NULL),(562806419,'leanne@bernhard.name',NULL,NULL,NULL,'2011-08-24 20:20:50','2011-08-24 20:20:50',NULL,NULL,NULL,0,0,NULL,NULL,NULL,NULL,NULL,NULL,700772492,493831732,NULL,NULL,NULL,NULL),(575485547,'luis.parisian@rath.com',NULL,NULL,NULL,'2011-08-24 20:20:50','2011-08-24 20:20:50',NULL,NULL,NULL,0,0,NULL,NULL,NULL,NULL,NULL,NULL,704804980,514445004,NULL,NULL,NULL,NULL),(576673428,'kaley@hoppe.name',NULL,NULL,NULL,'2011-08-24 20:20:50','2011-08-24 20:20:50',NULL,NULL,NULL,0,0,NULL,NULL,NULL,NULL,NULL,NULL,705697931,515616313,NULL,NULL,NULL,NULL),(590306657,'josephine.feest@graham.net',NULL,NULL,NULL,'2011-08-24 20:20:50','2011-08-24 20:20:50',NULL,NULL,NULL,0,0,NULL,NULL,NULL,NULL,NULL,NULL,607887544,1046447419,NULL,NULL,NULL,NULL),(608344442,'pink@tillmandoyle.com',NULL,NULL,NULL,'2011-08-24 20:20:50','2011-08-24 20:20:50',NULL,NULL,NULL,0,0,NULL,NULL,NULL,NULL,NULL,NULL,592864417,959594786,NULL,NULL,NULL,NULL),(616230022,'carlo@marksharris.info',NULL,NULL,NULL,'2011-08-24 20:20:50','2011-08-24 20:20:50',NULL,NULL,NULL,0,0,NULL,NULL,NULL,NULL,NULL,NULL,754295455,408818721,NULL,NULL,NULL,NULL),(622916212,'laurel@hane.org',NULL,NULL,NULL,'2011-08-24 20:20:50','2011-08-24 20:20:50',NULL,NULL,NULL,0,0,NULL,NULL,NULL,NULL,NULL,NULL,762297451,432278229,NULL,NULL,NULL,NULL),(624071307,'carlos_botsford@johnson.name',NULL,NULL,NULL,'2011-08-24 20:20:50','2011-08-24 20:20:50',NULL,NULL,NULL,0,0,NULL,NULL,NULL,NULL,NULL,NULL,763223188,433482288,NULL,NULL,NULL,NULL),(638820960,'myrl_jewess@kulas.com',NULL,NULL,NULL,'2011-08-24 20:20:50','2011-08-24 20:20:50',NULL,NULL,NULL,0,0,NULL,NULL,NULL,NULL,NULL,NULL,777841735,452418301,NULL,NULL,NULL,NULL),(661521543,'melisa@deckow.name',NULL,NULL,NULL,'2011-08-24 20:20:50','2011-08-24 20:20:50',NULL,NULL,NULL,0,0,NULL,NULL,NULL,NULL,NULL,NULL,790710942,462093350,NULL,NULL,NULL,NULL),(674206273,'amani@powlowski.net',NULL,NULL,NULL,'2011-08-24 20:20:50','2011-08-24 20:20:50',NULL,NULL,NULL,0,0,NULL,NULL,NULL,NULL,NULL,NULL,543218782,348875494,NULL,NULL,NULL,NULL),(675148478,'brett@rogahn.info',NULL,NULL,NULL,'2011-08-24 20:20:50','2011-08-24 20:20:50',NULL,NULL,NULL,0,0,NULL,NULL,NULL,NULL,NULL,NULL,544390305,349768223,NULL,NULL,NULL,NULL),(684206702,'ladarius@mcclure.net',NULL,NULL,NULL,'2011-08-24 20:20:50','2011-08-24 20:20:50',NULL,NULL,NULL,0,0,NULL,NULL,NULL,NULL,NULL,NULL,545743993,338481867,NULL,NULL,NULL,NULL),(685394585,'brent@hermann.name',NULL,NULL,NULL,'2011-08-24 20:20:50','2011-08-24 20:20:50',NULL,NULL,NULL,0,0,NULL,NULL,NULL,NULL,NULL,NULL,546636942,339653170,NULL,NULL,NULL,NULL),(711025848,'kenneth_hansen@ricearmstrong.net',NULL,NULL,NULL,'2011-08-24 20:20:50','2011-08-24 20:20:50',NULL,NULL,NULL,0,0,NULL,NULL,NULL,NULL,NULL,NULL,573450925,377854995,NULL,NULL,NULL,NULL),(712180813,'dale.abshire@okeefe.net',NULL,NULL,NULL,'2011-08-24 20:20:50','2011-08-24 20:20:50',NULL,NULL,NULL,0,0,NULL,NULL,NULL,NULL,NULL,NULL,574376536,379059436,NULL,NULL,NULL,NULL),(737901126,'josiah.batz@handgleichner.com',NULL,NULL,NULL,'2011-08-24 20:20:50','2011-08-24 20:20:50',NULL,NULL,NULL,0,0,NULL,NULL,NULL,NULL,NULL,NULL,599012441,387941095,NULL,NULL,NULL,NULL),(755802289,'presley.hahn@graham.biz',NULL,NULL,NULL,'2011-08-24 20:20:50','2011-08-24 20:20:50',NULL,NULL,NULL,0,0,NULL,NULL,NULL,NULL,NULL,NULL,625209012,300439564,NULL,NULL,NULL,NULL),(756990036,'valerie@lemke.net',NULL,NULL,NULL,'2011-08-24 20:20:50','2011-08-24 20:20:50',NULL,NULL,NULL,0,0,NULL,NULL,NULL,NULL,NULL,NULL,626101841,301611251,NULL,NULL,NULL,NULL),(771020115,'rasheed_krajcik@walker.com',NULL,NULL,NULL,'2011-08-24 20:20:50','2011-08-24 20:20:50',NULL,NULL,NULL,0,0,NULL,NULL,NULL,NULL,NULL,NULL,719333514,813960457,NULL,NULL,NULL,NULL),(792876634,'anais.nader@becker.biz',NULL,NULL,NULL,'2011-08-24 20:20:50','2011-08-24 20:20:50',NULL,NULL,NULL,0,0,NULL,NULL,NULL,NULL,NULL,NULL,655169605,329690879,NULL,NULL,NULL,NULL),(793786021,'jordon.wolff@schinner.com',NULL,NULL,NULL,'2011-08-24 20:20:50','2011-08-24 20:20:50',NULL,NULL,NULL,0,0,NULL,NULL,NULL,NULL,NULL,NULL,656373946,330616326,NULL,NULL,NULL,NULL),(799403637,'lelia_yost@wiegand.name',NULL,NULL,NULL,'2011-08-24 20:20:50','2011-08-24 20:20:50',NULL,NULL,NULL,0,0,NULL,NULL,NULL,NULL,NULL,NULL,669687922,323032786,NULL,NULL,NULL,NULL),(800558738,'carlee@bartell.biz',NULL,NULL,NULL,'2011-08-24 20:20:50','2011-08-24 20:20:50',NULL,NULL,NULL,0,0,NULL,NULL,NULL,NULL,NULL,NULL,670613653,324236843,NULL,NULL,NULL,NULL),(824624125,'ayana@dooley.org',NULL,NULL,NULL,'2011-08-24 20:20:50','2011-08-24 20:20:50',NULL,NULL,NULL,0,0,NULL,NULL,NULL,NULL,NULL,NULL,963218914,230832990,NULL,NULL,NULL,NULL),(825533186,'vivian.windler@hilpert.org',NULL,NULL,NULL,'2011-08-24 20:20:50','2011-08-24 20:20:50',NULL,NULL,NULL,0,0,NULL,NULL,NULL,NULL,NULL,NULL,964422941,231758759,NULL,NULL,NULL,NULL),(834763738,'araceli@williamson.com',NULL,NULL,NULL,'2011-08-24 20:20:50','2011-08-24 20:20:50',NULL,NULL,NULL,0,0,NULL,NULL,NULL,NULL,NULL,NULL,965621197,220562291,NULL,NULL,NULL,NULL),(835918637,'susana.eichmann@mertzdenesik.org',NULL,NULL,NULL,'2011-08-24 20:20:50','2011-08-24 20:20:50',NULL,NULL,NULL,0,0,NULL,NULL,NULL,NULL,NULL,NULL,966546746,221766538,NULL,NULL,NULL,NULL),(853560069,'taya.skiles@hickle.com',NULL,NULL,NULL,'2011-08-24 20:20:50','2011-08-24 20:20:50',NULL,NULL,NULL,0,0,NULL,NULL,NULL,NULL,NULL,NULL,984548634,235189158,NULL,NULL,NULL,NULL),(862467340,'darion@hermann.biz',NULL,NULL,NULL,'2011-08-24 20:20:50','2011-08-24 20:20:50',NULL,NULL,NULL,0,0,NULL,NULL,NULL,NULL,NULL,NULL,992443161,260885931,NULL,NULL,NULL,NULL),(863655417,'jaylon@bashirian.net',NULL,NULL,NULL,'2011-08-24 20:20:50','2011-08-24 20:20:50',NULL,NULL,NULL,0,0,NULL,NULL,NULL,NULL,NULL,NULL,993336300,262057300,NULL,NULL,NULL,NULL),(872804629,'opal@kessler.org',NULL,NULL,NULL,'2011-08-24 20:20:50','2011-08-24 20:20:50',NULL,NULL,NULL,0,0,NULL,NULL,NULL,NULL,NULL,NULL,1011531536,148965812,NULL,NULL,NULL,NULL),(873959920,'tressie.marks@bogisich.name',NULL,NULL,NULL,'2011-08-24 20:20:50','2011-08-24 20:20:50',NULL,NULL,NULL,0,0,NULL,NULL,NULL,NULL,NULL,NULL,1012457461,150169931,NULL,NULL,NULL,NULL),(910886886,'german@gleason.name',NULL,NULL,NULL,'2011-08-24 20:20:50','2011-08-24 20:20:50',NULL,NULL,NULL,0,0,NULL,NULL,NULL,NULL,NULL,NULL,1040468473,179306311,NULL,NULL,NULL,NULL),(911828761,'alysha@mraz.org',NULL,NULL,NULL,'2011-08-24 20:20:50','2011-08-24 20:20:50',NULL,NULL,NULL,0,0,NULL,NULL,NULL,NULL,NULL,NULL,1041639686,180199358,NULL,NULL,NULL,NULL),(917290961,'claudie.hand@roberts.name',NULL,NULL,NULL,'2011-08-24 20:20:50','2011-08-24 20:20:50',NULL,NULL,NULL,0,0,NULL,NULL,NULL,NULL,NULL,NULL,1055125974,172509034,NULL,NULL,NULL,NULL),(918478646,'jany@nicolas.org',NULL,NULL,NULL,'2011-08-24 20:20:50','2011-08-24 20:20:50',NULL,NULL,NULL,0,0,NULL,NULL,NULL,NULL,NULL,NULL,1056018737,173680531,NULL,NULL,NULL,NULL),(936450328,'daisha.robel@shanahan.name',NULL,NULL,NULL,'2011-08-24 20:20:50','2011-08-24 20:20:50',NULL,NULL,NULL,0,0,NULL,NULL,NULL,NULL,NULL,NULL,1067341581,188080563,NULL,NULL,NULL,NULL),(948998100,'sterling_wiegand@monahan.name',NULL,NULL,NULL,'2011-08-24 20:20:50','2011-08-24 20:20:50',NULL,NULL,NULL,0,0,NULL,NULL,NULL,NULL,NULL,NULL,819970507,74741621,NULL,NULL,NULL,NULL),(956993830,'gerry.champlin@stracke.org',NULL,NULL,NULL,'2011-08-24 20:20:50','2011-08-24 20:20:50',NULL,NULL,NULL,0,0,NULL,NULL,NULL,NULL,NULL,NULL,826662719,99510657,NULL,NULL,NULL,NULL),(975572189,'beau.senger@schamberger.info',NULL,NULL,NULL,'2011-08-24 20:20:50','2011-08-24 20:20:50',NULL,NULL,NULL,0,0,NULL,NULL,NULL,NULL,NULL,NULL,1026748676,660001923,NULL,NULL,NULL,NULL),(994338771,'serenity@heller.net',NULL,NULL,NULL,'2011-08-24 20:20:50','2011-08-24 20:20:50',NULL,NULL,NULL,0,0,NULL,NULL,NULL,NULL,NULL,NULL,856369612,127967096,NULL,NULL,NULL,NULL),(995493676,'kenneth.bednar@andersonstark.org',NULL,NULL,NULL,'2011-08-24 20:20:50','2011-08-24 20:20:50',NULL,NULL,NULL,0,0,NULL,NULL,NULL,NULL,NULL,NULL,857295155,129171341,NULL,NULL,NULL,NULL),(1009361868,'zelma.rau@fritsch.info',NULL,NULL,NULL,'2011-08-24 20:20:50','2011-08-24 20:20:50',NULL,NULL,NULL,0,0,NULL,NULL,NULL,NULL,NULL,NULL,879160787,13458289,NULL,NULL,NULL,NULL),(1010549555,'hans.mohr@ferry.net',NULL,NULL,NULL,'2011-08-24 20:20:50','2011-08-24 20:20:50',NULL,NULL,NULL,0,0,NULL,NULL,NULL,NULL,NULL,NULL,880053548,14629780,NULL,NULL,NULL,NULL),(1028376774,'mia@boyer.info',NULL,NULL,NULL,'2011-08-24 20:20:50','2011-08-24 20:20:50',NULL,NULL,NULL,0,0,NULL,NULL,NULL,NULL,NULL,NULL,979318045,540741786,NULL,NULL,NULL,NULL),(1034018247,'erika.kunde@ledner.info',NULL,NULL,NULL,'2011-08-24 20:20:50','2011-08-24 20:20:50',NULL,NULL,NULL,0,0,NULL,NULL,NULL,NULL,NULL,NULL,904827870,21308770,NULL,NULL,NULL,NULL),(1046959423,'ezequiel@dooley.org',NULL,NULL,NULL,'2011-08-24 20:20:50','2011-08-24 20:20:50',NULL,NULL,NULL,0,0,NULL,NULL,NULL,NULL,NULL,NULL,908598054,42184090,NULL,NULL,NULL,NULL),(1057526559,'martin@casperhammes.info',NULL,NULL,NULL,'2011-08-24 20:20:50','2011-08-24 20:20:50',NULL,NULL,NULL,0,0,NULL,NULL,NULL,NULL,NULL,NULL,927456520,65825724,NULL,NULL,NULL,NULL),(1057526560,'justin@acapellahq.com','91d986a1491f0e50de2f064b4dc5e9ab97ec97d9fcea309dafdbc15515002c46e4822f796423a67479c5e4f4dd35fcf2eaac1aaa40cb073e9a1c115c5179777e','xysDhNuLQIiM2xxw0K9Z',NULL,'2011-08-24 20:21:31','2011-08-31 03:24:57',NULL,NULL,NULL,23,0,NULL,'2011-08-31 03:24:56','2011-08-31 02:55:05','71.229.254.79','205.178.37.235','justin@acapellahq.com',NULL,NULL,NULL,NULL,NULL,NULL),(1057526561,'28Rz_Si0vLRB0Gt7GuTP@example.net','af2491b01485e50bc15c5d574551ece64005fbe166373a7728f0fa69f09791600cb1935ed43a308bd261c78c609d7222b101c9d3cd40311732e2a982c3312192','xOvOvaqKia3VaxCoEx2Y',NULL,'2011-08-24 23:11:00','2011-08-24 23:11:00','28Rz_Si0vLRB0Gt7GuTP',NULL,NULL,0,0,NULL,NULL,NULL,NULL,NULL,'28Rz_Si0vLRB0Gt7GuTP@example.net',NULL,NULL,NULL,NULL,NULL,NULL),(1057526562,'lv94mEd3zZecoH-KE7of@example.net','401db444ca5f503c91557152b080cd91e469bb0a5e99ec1b95c5d227a0fa6f5f542583e10f047e110df644e1646b53a387afc70e1735ecd03636c35619694f9c','cyXpfoSyiQ10Ivg2mxwn',NULL,'2011-08-24 23:16:23','2011-08-24 23:16:23','lv94mEd3zZecoH-KE7of',NULL,NULL,0,0,NULL,NULL,NULL,NULL,NULL,'lv94mEd3zZecoH-KE7of@example.net',NULL,NULL,NULL,NULL,NULL,NULL),(1057526563,'aquvarious_blue@hotmail.com','c8b9eaff746300f0988e775bd489ca1fd2d2435508e5584243690cfef97ce3a2300753b1384ccee3c7db244445d3ebb7f106cb7d1e345459e6df1a7be951df9f','FpWFEPt0sPBpZb56jxe7',NULL,'2011-08-24 23:17:29','2011-08-28 11:14:35',NULL,NULL,NULL,6,0,NULL,'2011-08-28 11:14:34','2011-08-28 10:45:14','182.178.142.241','182.178.142.241','aquvarious_blue@hotmail.com',NULL,NULL,NULL,NULL,NULL,NULL),(1057526564,'rHjhuzCEcNWajfp-76xF@example.net','f13523166e79daac36ea6c1f86317b63dbe575d60fa684c14384c5ebe9f657c59f066506a8d1d3e43a5d29b33189092949a4f34f5bfba420e86c8a3d9029a67f','8xX9w0K4tOhUo9WxFIMF',NULL,'2011-08-25 00:47:35','2011-08-25 00:47:35','rHjhuzCEcNWajfp-76xF',NULL,NULL,0,0,NULL,NULL,NULL,NULL,NULL,'rHjhuzCEcNWajfp-76xF@example.net',NULL,NULL,NULL,NULL,NULL,NULL),(1057526565,'LXScTxQDIEjYgetJG0H7@example.net','d4c064fb4acf4c18d713a3dfbde9d3a04772c169d975bb2c8d793d10cf5c0b37864aada3db5139426946445e607fcf3fa3fa7d9456280287e95a3ce6f48adb8a','iaFK5yfa5IAeYaZ2jVG5',NULL,'2011-08-25 00:54:42','2011-08-25 00:54:42','LXScTxQDIEjYgetJG0H7',NULL,NULL,0,0,NULL,NULL,NULL,NULL,NULL,'LXScTxQDIEjYgetJG0H7@example.net',NULL,NULL,NULL,NULL,NULL,NULL),(1057526566,'yuHSplt6fggZBOvCVuV7@example.net','0bcbc1fd2b0facbde4f07f5927c3c74e23ffa4abafd431b7e00ff43f19357fa70d007d7ca60dc03a14d88909ce197bd1a35542bb966ec55bf1667d243b6dd2a1','hITIDKSn2dmrBb60zwk2',NULL,'2011-08-25 01:02:00','2011-08-25 01:02:00','yuHSplt6fggZBOvCVuV7',NULL,NULL,0,0,NULL,NULL,NULL,NULL,NULL,'yuHSplt6fggZBOvCVuV7@example.net',NULL,NULL,NULL,NULL,NULL,NULL),(1057526567,'softedge.projects@hotmail.com','33f198ad35e1e5443883ac08f1bb90c1c0c23fc54006a76078d6a76a492fd2509af5a45ae91100626c10b476bda6195b66ed2841329fff4277053a3a233bb2c4','aM4MhKTup9v9zj5bBxTN',NULL,'2011-08-25 01:02:53','2011-08-27 00:30:55',NULL,NULL,NULL,5,0,NULL,'2011-08-27 00:30:55','2011-08-25 01:11:09','180.178.169.104','180.178.169.104','softedge.projects@hotmail.com',NULL,NULL,NULL,NULL,NULL,NULL),(1057526568,'-DvKyBW9Fjkxs5B1mYfI@example.net','64fb358ee2b0373232e5b69b7392cf5168c1e851068f675fb8d0551addcfc3ee00c6eb5ae81fde3c08fed53d35b946f6cc561d0cbd8653f6b2a412d4fa454831','RwGSWekxHyfn2KOVuZ58',NULL,'2011-08-25 01:06:42','2011-08-25 01:06:42','-DvKyBW9Fjkxs5B1mYfI',NULL,NULL,0,0,NULL,NULL,NULL,NULL,NULL,'-DvKyBW9Fjkxs5B1mYfI@example.net',NULL,NULL,NULL,NULL,NULL,NULL),(1057526569,'DWEmOsGzEda8cxEhGKyt@example.net','9a1caf4a735c249e5c07ad54417afb3639e4c261dab76e2960426f1c550b0e8627c87e6efd77fb5b38f7af8650713689a07a72d81391bda13867fafd43369f44','5NEyILxqsiheRB5AuyiE',NULL,'2011-08-25 03:47:08','2011-08-25 03:47:08','DWEmOsGzEda8cxEhGKyt',NULL,NULL,0,0,NULL,NULL,NULL,NULL,NULL,'DWEmOsGzEda8cxEhGKyt@example.net',NULL,NULL,NULL,NULL,NULL,NULL),(1057526570,'DJJ3fMkd7BlE-s0Qqrv_@example.net','311300e861f1b05f598849571a664e190efe1496bb4f98903fa80c845c898a08ccd7f03a49d8739d5f4eba966ab466ca5fb8c25768760e17bf9b2e9d97e273cc','9Bd4pAPBqvEhrY33Bhen',NULL,'2011-08-25 20:12:43','2011-08-25 20:12:43','DJJ3fMkd7BlE-s0Qqrv_',NULL,NULL,0,0,NULL,NULL,NULL,NULL,NULL,'DJJ3fMkd7BlE-s0Qqrv_@example.net',NULL,NULL,NULL,NULL,NULL,NULL),(1057526571,'jYhZbyPpLk1jW5LOx4j9@example.net','1cd184a17777ff28fa7b34da3457856b19f4c62cbcca351795b7e50fb49bada4358f7b17efa9a430ebfbe1464575b1b85de3d29801c25de2cf943eaac09c06d6','jNb9yfjWqcfUsSc2lXKJ',NULL,'2011-08-27 00:27:12','2011-08-27 00:27:12','jYhZbyPpLk1jW5LOx4j9',NULL,NULL,0,0,NULL,NULL,NULL,NULL,NULL,'jYhZbyPpLk1jW5LOx4j9@example.net',NULL,NULL,NULL,NULL,NULL,NULL),(1057526572,'SRbmSpfmXrsoinu_8mcS@example.net','711a9f7de6ba898a76420e95f0fc09cc450e603e9035b74dd86935de52289c705d33ae361c55993f149ebf754f3088ad83a7f0938b1531f8f01c3a818ad77e5c','bBExfoRKmCuWMwyahlvw',NULL,'2011-08-27 00:38:34','2011-08-27 00:38:34','SRbmSpfmXrsoinu_8mcS',NULL,NULL,0,0,NULL,NULL,NULL,NULL,NULL,'SRbmSpfmXrsoinu_8mcS@example.net',NULL,NULL,NULL,NULL,NULL,NULL),(1057526573,'K88yZ2NUfLmZw5inqYwg@example.net','b93ae61dd9599ab9ba4680a4748e74edc57d69cc6a823bf467870c809e5f05af2c1fed27850677f4717067043bd4dbcdfa90e2a1eedf61c9668b4bc38341eefc','jeW4yVxmTP6hBgTb6jhR',NULL,'2011-08-27 21:15:17','2011-08-27 21:15:17','K88yZ2NUfLmZw5inqYwg',NULL,NULL,0,0,NULL,NULL,NULL,NULL,NULL,'K88yZ2NUfLmZw5inqYwg@example.net',NULL,NULL,NULL,NULL,NULL,NULL),(1057526574,'DEmzB9K6-LZ4B8n5rFeE@example.net','3a3a8f34699c8e75193dbdb4112008e67d8664efb565a5a70c85a50da00c8981320d10d35b8a7c63674c8ef76ab37c2e7f07b6882027b9b201452254ec5b94a5','SbxTQIn0o14wIgMBI5Ro',NULL,'2011-08-27 22:03:00','2011-08-27 22:03:00','DEmzB9K6-LZ4B8n5rFeE',NULL,NULL,0,0,NULL,NULL,NULL,NULL,NULL,'DEmzB9K6-LZ4B8n5rFeE@example.net',NULL,NULL,NULL,NULL,NULL,NULL),(1057526575,'c-8owhNijkcfqAUSTZDE@example.net','bdf4519c18035bdbc2b9d36c8b95d129f7a98452bcd706cb4c317f695212582d05a1efe5d469d70ef9c5c7b7e8600f03feb7fd276609cc72a296475fc5042163','nUH5Y2oOEPD6wzypeAXu',NULL,'2011-08-28 09:46:59','2011-08-28 09:46:59','c-8owhNijkcfqAUSTZDE',NULL,NULL,0,0,NULL,NULL,NULL,NULL,NULL,'c-8owhNijkcfqAUSTZDE@example.net',NULL,NULL,NULL,NULL,NULL,NULL),(1057526576,'KgC0alxubAsIQEKmB3BX@example.net','0623c31e7a555bf4beacf951a04ec2f071d5f02b9191115960365eef5df9ee117005b79fd9109f8a1a67d24f58ff80bd1132f70abeb6b67c7273b31221d3f1ba','IietxCl4Daq80fvvRj35',NULL,'2011-08-28 09:51:44','2011-08-28 09:51:44','KgC0alxubAsIQEKmB3BX',NULL,NULL,0,0,NULL,NULL,NULL,NULL,NULL,'KgC0alxubAsIQEKmB3BX@example.net',NULL,NULL,NULL,NULL,NULL,NULL),(1057526577,'-B0W-bU3aU3iivZCQKRF@example.net','ee13b7785a2151116bb378332c347a56751f05d98b148a65f04d58dd32684c5365716a765c6046a9e60639233475eaf6510089c2b4c05b5b750275d355a2f189','A6UVKM1krs6sXd4U8pJW',NULL,'2011-08-28 10:29:15','2011-08-28 10:29:15','-B0W-bU3aU3iivZCQKRF',NULL,NULL,0,0,NULL,NULL,NULL,NULL,NULL,'-B0W-bU3aU3iivZCQKRF@example.net',NULL,NULL,NULL,NULL,NULL,NULL),(1057526578,'gjnfpshqh0hn648q2guk@example.net','a2b1ec6f90caada77d9deea13a8cb20b7b7a684031128fdd07f2f6f9c485d736f5356b46769d6b4ffb87a2a450965fe1219b37cabd48fe0b8fe8e268426ea944','1x8loqeBTNq5nLzCyxOh',NULL,'2011-08-28 10:46:54','2011-08-28 10:46:54','gJNFpShqH0HN648q2guK',NULL,NULL,0,0,NULL,NULL,NULL,NULL,NULL,'gjnfpshqh0hn648q2guk@example.net',NULL,NULL,NULL,NULL,NULL,NULL),(1057526579,'softedges@live.com','760aca209ae4f5f0cf42a6303f2223637d1e0047e4b2096e1486fc6d5a1cfa6c0ac8ae5d0d38fe8bfa43e531d6384599c4cded0a96528156e97e63874c1edb51','DC1pJLgPHUMBuXAqTfuU',NULL,'2011-08-28 10:53:04','2011-08-28 17:53:36',NULL,NULL,NULL,2,0,NULL,'2011-08-28 17:53:36','2011-08-28 10:53:04','182.178.194.6','182.178.142.241','softedges@live.com',NULL,NULL,NULL,NULL,NULL,NULL),(1057526580,'3emf1bbk7ilyz4ycwlxr@example.net','1d735243f0edea1d9c2aa0fbaada6d0a9f89fa6c13d476c1bb5ae22e149a084df2f10dfed873a66879c02f92887fde97b0d9db9e9ef3ab6ef25565d7a97f7b11','KBenpW6XhTmp4fRG1UrP',NULL,'2011-08-28 10:56:45','2011-08-28 10:56:45','3emf1bbK7ilyZ4ycWlXR',NULL,NULL,0,0,NULL,NULL,NULL,NULL,NULL,'3emf1bbk7ilyz4ycwlxr@example.net',NULL,NULL,NULL,NULL,NULL,NULL),(1057526581,'qqcw4twyzefd0idlcsgt@example.net','8fb5b89e16c2f071828920d74d1416980770936383bdcc57e29cd58e5f9b55a5b547e981ca5cbda9c07cf45e84d23eeef333c4805c3dee9332b66adc181e4153','Ya7vcQq2pBQT6m5yjPAR',NULL,'2011-08-28 11:16:28','2011-08-28 11:16:28','qqcw4TWyZeFd0IDLCsgt',NULL,NULL,0,0,NULL,NULL,NULL,NULL,NULL,'qqcw4twyzefd0idlcsgt@example.net',NULL,NULL,NULL,NULL,NULL,NULL),(1057526582,'le1vvvh6t6c79ensfhr7@example.net','d32e230ae12aa120ee3a3c4ca99c170b91631956002a4e19d7c4da85a5709853c8c4b50b0c8dadf867172e6e47ebe94f71db4d13acbef63850614587a5ba0064','hTclifVfuxakTttlSCxF',NULL,'2011-08-28 11:49:32','2011-08-28 11:49:32','LE1VVvh6t6c79EnSFHR7',NULL,NULL,0,0,NULL,NULL,NULL,NULL,NULL,'le1vvvh6t6c79ensfhr7@example.net',NULL,NULL,NULL,NULL,NULL,NULL),(1057526583,'bcmufuzetjdx62qrqxx5@example.net','0b7737b25f5c14d00f1a82afed85bb113e3f48475a42fd19465411b9ef662bcfb2f418fe99a5343f12ae53dd9d915f8a2fc7b0cc4d3152665cf27de2ac066a05','x7o1dQ1UZz9BXcMJyz3S',NULL,'2011-08-28 11:52:40','2011-08-28 11:52:40','bCmUFuzETJDX62QrqxX5',NULL,NULL,0,0,NULL,NULL,NULL,NULL,NULL,'bcmufuzetjdx62qrqxx5@example.net',NULL,NULL,NULL,NULL,NULL,NULL),(1057526584,'mpiyurvu6cq5-v4tbfs6@example.net','0baba5620d21762649263128129be402052f195b763cc0d593db4a7ee9db645111bf130bf1dcd36145309fc024c1c68e3f8df9158542d3af2d342df3ec2424e8','pY1RQ8KD4R7w77xGNBGQ',NULL,'2011-08-28 12:57:18','2011-08-28 12:57:18','MPiYuRVu6CQ5-v4tBfs6',NULL,NULL,0,0,NULL,NULL,NULL,NULL,NULL,'mpiyurvu6cq5-v4tbfs6@example.net',NULL,NULL,NULL,NULL,NULL,NULL),(1057526585,'xcel_mind@live.com','82ef446072587982bb20df57127a113eec3193c88988d8946c8b2d0143dd3380814e83290952769f16eee520052aeeef5505fe3cf42640f5793a89bc0efea37d','e04T9zjuOy7U6pZblR39',NULL,'2011-08-28 16:35:11','2011-08-28 19:09:47',NULL,NULL,NULL,2,0,NULL,'2011-08-28 19:09:47','2011-08-28 16:35:11','182.185.207.54','182.185.207.54','xcel_mind@live.com',NULL,NULL,NULL,NULL,NULL,NULL),(1057526586,'rjqbotjvqkjhqwxbdrd_@example.net','6b90a5308a75310f3ed1a936e43a599dcd71190a5b9a98c24c6a7f94f501f2c838c1e910f025cb34e0f3765e89db74814c6638eb03d0e87d5593d4f902201104','lTpFlx2x28V5UWKUGvuz',NULL,'2011-08-28 16:44:37','2011-08-28 16:44:37','RjQBOtJvqKJhqWxbDRD_',NULL,NULL,0,0,NULL,NULL,NULL,NULL,NULL,'rjqbotjvqkjhqwxbdrd_@example.net',NULL,NULL,NULL,NULL,NULL,NULL),(1057526587,'sannankhalid@hotmail.com','3bedb96cc8b0c0bd05b09e0f43f1d9d972371746e2e93210e4bc081593ed7678eaa36898a2753b0dad8fea71ed0c521004206747a90ca84ecea05385a8750e17','qBUpAqQtuxexFPzuRD7c',NULL,'2011-08-28 16:50:27','2011-08-28 16:50:27',NULL,NULL,NULL,1,0,NULL,'2011-08-28 16:50:27','2011-08-28 16:50:27','182.178.245.12','182.178.245.12','sannankhalid@hotmail.com',NULL,NULL,NULL,NULL,NULL,NULL),(1057526588,'3jc6ld5fz8qxeyhrc6uz@example.net','ca514171faeefad9c3742b96c5a2f03a51738276f4d94df5fddbca569121e6fcc5c13252dc13ee414691e5f443c15d9983fd4e1138e3ef13c30286b0126cfa38','UD39KVAFFKSihMQkCG9Z',NULL,'2011-08-28 17:06:10','2011-08-28 17:06:10','3JC6lD5Fz8Qxeyhrc6uZ',NULL,NULL,0,0,NULL,NULL,NULL,NULL,NULL,'3jc6ld5fz8qxeyhrc6uz@example.net',NULL,NULL,NULL,NULL,NULL,NULL),(1057526589,'dgeq8m-qcwoxzfab9goq@example.net','4ffe6058f0b6c96012f8ac3cb3e3e44fb786ed5b252947dc82f36ef7aaad9633ce9a2ca5e214f27d8ac753505716f22cd99dc7df945321a113c49c1a42e29377','413HkFyNyAAdXrpqF0Bn',NULL,'2011-08-28 17:14:44','2011-08-28 17:14:44','DgeQ8M-qcwoXZFab9gOq',NULL,NULL,0,0,NULL,NULL,NULL,NULL,NULL,'dgeq8m-qcwoxzfab9goq@example.net',NULL,NULL,NULL,NULL,NULL,NULL),(1057526590,'_ewxnxaxocqhr3unulio@example.net','b860c09567a320e46a162adaa84f8937e967a1e2128ffc81ef68c0d5f58f774be24789efeaa497e91ff5687bb12cfd7b60f67f29f073754d26765eb91dd14b14','pItfO7EGC6xertuMyelT',NULL,'2011-08-28 17:36:10','2011-08-28 17:36:10','_EwXnxaxocqHR3UnulIO',NULL,NULL,0,0,NULL,NULL,NULL,NULL,NULL,'_ewxnxaxocqhr3unulio@example.net',NULL,NULL,NULL,NULL,NULL,NULL),(1057526591,'4vwbwmoa5cgqnlyroage@example.net','68cd2d2c0dd8147779f6396ee0049186da43c7c8a8de65c50e6c467432f5aad3825ed9571f05dd0632d78e7aaf9f2ebfe72787f7680278ea94d4745d0175f652','8Lq8IG4QKRFnouaJsH5F',NULL,'2011-08-29 16:24:53','2011-08-29 16:24:53','4vWBWMOa5cgQnlYrOAGe',NULL,NULL,0,0,NULL,NULL,NULL,NULL,NULL,'4vwbwmoa5cgqnlyroage@example.net',NULL,NULL,NULL,NULL,NULL,NULL),(1057526592,'waiwopmyl6duw6kwwmeu@example.net','08161f5b8d52dbc238611651a3af789bcfdebbcc5a4abfe39e6558aa32b947eb01dc533d7dc4e54fa003306aa7f90b248c6edb70e7b0fd62de7e1d09fccca91d','KyYlGC3cI2anm1mpRTmX',NULL,'2011-08-29 18:02:13','2011-08-29 18:02:13','WaIwOPmYL6duw6kwWMEu',NULL,NULL,0,0,NULL,NULL,NULL,NULL,NULL,'waiwopmyl6duw6kwwmeu@example.net',NULL,NULL,NULL,NULL,NULL,NULL),(1057526593,'uv_xqrdszi8vgcxwrwbe@example.net','487e3c02d0d1cf04d7c124feccf85c61731282822fce5efb68191bb92baec416e829ab33ebf5b4285d44aa380a972a638bcb525f84102370a5e94915b60d0902','UHsfBt6iZZrUWgSyVwvJ',NULL,'2011-08-29 18:56:34','2011-08-29 18:56:34','Uv_xQRdszI8vGCXWRWbe',NULL,NULL,0,0,NULL,NULL,NULL,NULL,NULL,'uv_xqrdszi8vgcxwrwbe@example.net',NULL,NULL,NULL,NULL,NULL,NULL),(1057526594,'justin@acapellamedia.com','745e5a1833100b51a7fd4888adf36f369754056d3dddc517e8a74a1cdec6aba21681b7bfe15a98edfa5cb89520d51d352d2ce89c21c7821434c5ace064112c08','dFeEwyCzHheqCitm1xhe',NULL,'2011-08-29 18:59:09','2011-08-29 18:59:09',NULL,NULL,NULL,1,0,NULL,'2011-08-29 18:59:09','2011-08-29 18:59:09','205.178.37.235','205.178.37.235','justin@acapellamedia.com',NULL,NULL,NULL,NULL,NULL,NULL),(1057526595,'justinkempiak@gmail.com','10e61aa95f7bd85ed5d974c3ebf174b506512e4328701c86087ac9e39e3bbfb560b865c2c31e6e99b90eacc4ff9109e0805e34a6381727bfba6fba8fb3f43364','zVA8kgrrmskGbtpixv01',NULL,'2011-08-29 19:03:05','2011-08-29 19:03:05',NULL,NULL,NULL,1,0,NULL,'2011-08-29 19:03:05','2011-08-29 19:03:05','205.178.37.235','205.178.37.235','justinkempiak@gmail.com',NULL,NULL,NULL,NULL,NULL,NULL),(1057526596,'obud0tdoumtnja8ndhli@example.net','b714e51eef29a31e83954299bf65aeb4f9d4d589632eb64aa93be7a30bd921200b694b37826c2583d0bf8a149f52902613367c8b83309d300fa44881df3ad922','Z8vefPQutxsAoGqwrCj8',NULL,'2011-08-29 19:51:46','2011-08-29 19:51:46','OBUd0TdOUmTnja8NDHli',NULL,NULL,0,0,NULL,NULL,NULL,NULL,NULL,'obud0tdoumtnja8ndhli@example.net',NULL,NULL,NULL,NULL,NULL,NULL),(1057526597,'bvnlbwdsn0tya-abicyz@example.net','4cf6283f799e8cd1800a900ab14e4e1a403679ba41a385ede5e5a80c6657982b281d89399b7a565ebc5cb8814f3704a38720a6ed992e7c8d00b4782f58e371e6','MIteZ8zw6Kp7ExCGvf9F',NULL,'2011-08-29 20:59:09','2011-08-29 20:59:09','bVnlBwdsN0TyA-AbICyz',NULL,NULL,0,0,NULL,NULL,NULL,NULL,NULL,'bvnlbwdsn0tya-abicyz@example.net',NULL,NULL,NULL,NULL,NULL,NULL),(1057526598,'e83wwnckjn1tufvoadn6@example.net','7972609200c5892206e56aa821f046a39847025cc92aec60184a784a662c3656f6e09d68f315ee71787f3ef735b6fbef0b5c9e7b8fc4505973774a430f1fd792','eybZpWmuxEPVeQbDqjin',NULL,'2011-08-29 22:22:45','2011-08-29 22:22:45','E83WwNCkJN1tUfvoADn6',NULL,NULL,0,0,NULL,NULL,NULL,NULL,NULL,'e83wwnckjn1tufvoadn6@example.net',NULL,NULL,NULL,NULL,NULL,NULL),(1057526599,'tmmacey@gmail.com','c8e3892f4b16cca51c5912a952c19a30b52e4171510d28a660152629f041d04715dd0be50cb7134b5986069828904e3b4cfc8459f5ec2087aa204a594894f37c','Oox0iZADqJ2kyqTdTJYl',NULL,'2011-08-29 22:24:29','2011-08-29 23:10:38',NULL,NULL,NULL,2,0,NULL,'2011-08-29 23:10:38','2011-08-29 22:24:30','24.218.108.23','24.218.108.23','tmmacey@gmail.com',NULL,NULL,NULL,NULL,NULL,NULL),(1057526600,'xn82chx_t0v5ndbznqg4@example.net','74638b68aa6b837687b947aab3d157e1e71004bdf6224176f5b66a26c63c8859e410a8599e6b21d0f67ae1b6956331a7984bc22c30c61e214c2d82a7af1538e0','bY7cIyyVsGVogU8xP5xb',NULL,'2011-08-30 01:25:23','2011-08-30 01:25:23','XN82CHx_T0V5nDBZnQG4',NULL,NULL,0,0,NULL,NULL,NULL,NULL,NULL,'xn82chx_t0v5ndbznqg4@example.net',NULL,NULL,NULL,NULL,NULL,NULL),(1057526601,'zm3wcik43emzaogf2zxe@example.net','a6e6e675ea291bd72ad33909f386653b2c905ae5661c32b0bed79582936fbbbcf7d30b09c35c5e3bb4724f07973cd21ffbf5b248dd681e05d8ad485d37a15658','nHXOOukgRNhGx7cwNXld',NULL,'2011-08-30 02:17:10','2011-08-30 02:17:10','zm3wcik43eMzAOgf2ZXE',NULL,NULL,0,0,NULL,NULL,NULL,NULL,NULL,'zm3wcik43emzaogf2zxe@example.net',NULL,NULL,NULL,NULL,NULL,NULL),(1057526602,'t1kkf7qsyktpvmsbylkl@example.net','011b5a7f2f5d4e3470da332cc967e9553f6f53b9debd2bfb21117cd421a7daaaed982f9ee6aec6e8e0c513da200370a3e3a9b59f5790eb4439df31131281f063','fyULXeyJARQRxGhJww09',NULL,'2011-08-30 22:42:04','2011-08-30 22:42:04','T1KkF7QSyKtpvmSbylkL',NULL,NULL,0,0,NULL,NULL,NULL,NULL,NULL,'t1kkf7qsyktpvmsbylkl@example.net',NULL,NULL,NULL,NULL,NULL,NULL),(1057526603,'obz2zix4f6krm3ketjtq@example.net','87c486eba01a9845c4ecc287914be1f245698807599772d105d4a49f5c5d373fb459cdbac622846c748d3c79ab342aa802032e424c6205c90a1ff6036592b7f4','0xlE8p4SCHmPI5RQrqHu',NULL,'2011-08-31 12:51:26','2011-08-31 12:51:26','OBZ2Zix4F6krM3keTJtq',NULL,NULL,0,0,NULL,NULL,NULL,NULL,NULL,'obz2zix4f6krm3ketjtq@example.net',NULL,NULL,NULL,NULL,NULL,NULL);
/*!40000 ALTER TABLE `users` ENABLE KEYS */;
UNLOCK TABLES;

--
-- Table structure for table `variants`
--

DROP TABLE IF EXISTS `variants`;
/*!40101 SET @saved_cs_client     = @@character_set_client */;
/*!40101 SET character_set_client = utf8 */;
CREATE TABLE `variants` (
  `id` int(11) NOT NULL AUTO_INCREMENT,
  `product_id` int(11) DEFAULT NULL,
  `sku` varchar(255) COLLATE utf8_unicode_ci NOT NULL DEFAULT '',
  `price` decimal(8,2) NOT NULL,
  `weight` decimal(8,2) DEFAULT NULL,
  `height` decimal(8,2) DEFAULT NULL,
  `width` decimal(8,2) DEFAULT NULL,
  `depth` decimal(8,2) DEFAULT NULL,
  `deleted_at` datetime DEFAULT NULL,
  `is_master` tinyint(1) DEFAULT '0',
  `count_on_hand` int(11) NOT NULL DEFAULT '0',
  `cost_price` decimal(8,2) DEFAULT NULL,
  `position` int(11) DEFAULT NULL,
  PRIMARY KEY (`id`),
  KEY `index_variants_on_product_id` (`product_id`)
) ENGINE=InnoDB AUTO_INCREMENT=1025786069 DEFAULT CHARSET=utf8 COLLATE=utf8_unicode_ci;
/*!40101 SET character_set_client = @saved_cs_client */;

--
-- Dumping data for table `variants`
--

LOCK TABLES `variants` WRITE;
/*!40000 ALTER TABLE `variants` DISABLE KEYS */;
INSERT INTO `variants` VALUES (52862384,248786582,'ROR-00014','13.99',NULL,NULL,NULL,NULL,NULL,1,6,'11.00',NULL),(97292824,1025786064,'ROR-00006','19.99',NULL,NULL,NULL,NULL,NULL,0,14,'17.00',NULL),(205047256,1025786064,'ROR-00010','21.99',NULL,NULL,NULL,NULL,NULL,0,10,'20.00',NULL),(215054540,459084718,'ROR-00011','15.99',NULL,NULL,NULL,NULL,NULL,1,6,'13.00',NULL),(265742438,1025786064,'ROR-00009','19.99',NULL,NULL,NULL,NULL,NULL,0,10,'17.00',NULL),(325821322,1025786064,'ROR-00001','19.99',NULL,NULL,NULL,NULL,NULL,0,10,'17.00',NULL),(381254278,706676762,'APC-00001','19.99',NULL,NULL,NULL,NULL,NULL,1,-2,'17.00',NULL),(405540681,1025786064,'ROR-00008','19.99',NULL,NULL,NULL,NULL,NULL,0,10,'17.00',NULL),(429921481,187438981,'ROR-00015','17.99',NULL,NULL,NULL,NULL,NULL,1,8,'17.00',NULL),(461562682,569012001,'RUB-00001','19.99',NULL,NULL,NULL,NULL,NULL,1,8,'17.00',NULL),(489273655,1060500592,'ROR-00013','19.99',NULL,NULL,NULL,NULL,NULL,1,8,'17.00',NULL),(504220342,723959550,'ROR-00012','22.99',NULL,NULL,NULL,NULL,NULL,1,9,'21.00',NULL),(529709246,1025786064,'ROR-00003','19.99',NULL,NULL,NULL,NULL,NULL,0,10,'17.00',NULL),(568516732,1025786064,'ROR-00007','19.99',NULL,NULL,NULL,NULL,NULL,0,1,'17.00',NULL),(599112055,1035865702,'ROR-00016','16.99',NULL,NULL,NULL,NULL,NULL,1,8,'15.00',NULL),(664770399,1025786064,'ROR-00005','19.99',NULL,NULL,NULL,NULL,NULL,0,10,'17.00',NULL),(947339321,1025786064,'ROR-00004','19.99',NULL,NULL,NULL,NULL,NULL,0,3,'17.00',NULL),(1013589412,1025786064,'ROR-00002','19.99',NULL,NULL,NULL,NULL,NULL,0,10,'17.00',NULL),(1025786064,1025786064,'ROR-001','19.99',NULL,NULL,NULL,NULL,NULL,1,0,'17.00',NULL),(1025786065,1060500593,'ABC-123','12.00',NULL,NULL,NULL,NULL,NULL,1,-4,NULL,NULL),(1025786066,1060500594,'COPY OF ABC-123','12.00',NULL,NULL,NULL,NULL,NULL,1,0,NULL,NULL),(1025786067,1060500595,'COPY OF COPY OF ABC-123','12.00',NULL,NULL,NULL,NULL,NULL,1,0,NULL,NULL),(1025786068,1060500596,'T-987','10.00',NULL,NULL,NULL,NULL,NULL,1,0,'10.00',NULL);
/*!40000 ALTER TABLE `variants` ENABLE KEYS */;
UNLOCK TABLES;

--
-- Table structure for table `wished_products`
--

DROP TABLE IF EXISTS `wished_products`;
/*!40101 SET @saved_cs_client     = @@character_set_client */;
/*!40101 SET character_set_client = utf8 */;
CREATE TABLE `wished_products` (
  `id` int(11) NOT NULL AUTO_INCREMENT,
  `variant_id` int(11) DEFAULT NULL,
  `wishlist_id` int(11) DEFAULT NULL,
  `remark` text COLLATE utf8_unicode_ci,
  `created_at` datetime DEFAULT NULL,
  `updated_at` datetime DEFAULT NULL,
  PRIMARY KEY (`id`)
) ENGINE=InnoDB DEFAULT CHARSET=utf8 COLLATE=utf8_unicode_ci;
/*!40101 SET character_set_client = @saved_cs_client */;

--
-- Dumping data for table `wished_products`
--

LOCK TABLES `wished_products` WRITE;
/*!40000 ALTER TABLE `wished_products` DISABLE KEYS */;
/*!40000 ALTER TABLE `wished_products` ENABLE KEYS */;
UNLOCK TABLES;

--
-- Table structure for table `wishlists`
--

DROP TABLE IF EXISTS `wishlists`;
/*!40101 SET @saved_cs_client     = @@character_set_client */;
/*!40101 SET character_set_client = utf8 */;
CREATE TABLE `wishlists` (
  `id` int(11) NOT NULL AUTO_INCREMENT,
  `user_id` int(11) DEFAULT NULL,
  `name` varchar(255) COLLATE utf8_unicode_ci DEFAULT NULL,
  `access_hash` varchar(255) COLLATE utf8_unicode_ci DEFAULT NULL,
  `is_private` tinyint(1) NOT NULL DEFAULT '1',
  `is_default` tinyint(1) NOT NULL DEFAULT '0',
  `created_at` datetime DEFAULT NULL,
  `updated_at` datetime DEFAULT NULL,
  PRIMARY KEY (`id`)
) ENGINE=InnoDB DEFAULT CHARSET=utf8 COLLATE=utf8_unicode_ci;
/*!40101 SET character_set_client = @saved_cs_client */;

--
-- Dumping data for table `wishlists`
--

LOCK TABLES `wishlists` WRITE;
/*!40000 ALTER TABLE `wishlists` DISABLE KEYS */;
/*!40000 ALTER TABLE `wishlists` ENABLE KEYS */;
UNLOCK TABLES;

--
-- Table structure for table `zone_members`
--

DROP TABLE IF EXISTS `zone_members`;
/*!40101 SET @saved_cs_client     = @@character_set_client */;
/*!40101 SET character_set_client = utf8 */;
CREATE TABLE `zone_members` (
  `id` int(11) NOT NULL AUTO_INCREMENT,
  `zone_id` int(11) DEFAULT NULL,
  `zoneable_id` int(11) DEFAULT NULL,
  `zoneable_type` varchar(255) COLLATE utf8_unicode_ci DEFAULT NULL,
  `created_at` datetime DEFAULT NULL,
  `updated_at` datetime DEFAULT NULL,
  PRIMARY KEY (`id`)
) ENGINE=InnoDB AUTO_INCREMENT=1017582645 DEFAULT CHARSET=utf8 COLLATE=utf8_unicode_ci;
/*!40101 SET character_set_client = @saved_cs_client */;

--
-- Dumping data for table `zone_members`
--

LOCK TABLES `zone_members` WRITE;
/*!40000 ALTER TABLE `zone_members` DISABLE KEYS */;
INSERT INTO `zone_members` VALUES (4914820,1,13,'Country','2009-06-04 13:22:26','2009-06-04 13:22:26'),(5807739,1,96,'Country','2009-06-04 13:22:26','2009-06-04 13:22:26'),(35022990,1,188,'Country','2009-06-04 13:22:26','2009-06-04 13:22:26'),(91991191,1,163,'Country','2009-06-04 13:22:26','2009-06-04 13:22:26'),(120011419,1,52,'Country','2009-06-04 13:22:26','2009-06-04 13:22:26'),(120937060,1,117,'Country','2009-06-04 13:22:26','2009-06-04 13:22:26'),(195044517,2,214,'Country','2009-06-04 17:22:41','2009-06-04 17:22:41'),(244414130,1,68,'Country','2009-06-04 13:22:26','2009-06-04 13:22:26'),(394938353,1,162,'Country','2009-06-04 13:22:26','2009-06-04 13:22:26'),(423866172,1,20,'Country','2009-06-04 13:22:26','2009-06-04 13:22:26'),(424792003,1,90,'Country','2009-06-04 13:22:26','2009-06-04 13:22:26'),(477297967,1,184,'Country','2009-06-04 13:22:26','2009-06-04 13:22:26'),(506358563,1,53,'Country','2009-06-04 13:22:26','2009-06-04 13:22:26'),(507251676,1,116,'Country','2009-06-04 13:22:26','2009-06-04 13:22:26'),(546142054,1,142,'Country','2009-06-04 13:22:26','2009-06-04 13:22:26'),(690576312,1,62,'Country','2009-06-04 13:22:26','2009-06-04 13:22:26'),(691747661,1,110,'Country','2009-06-04 13:22:26','2009-06-04 13:22:26'),(729140670,1,183,'Country','2009-06-04 13:22:26','2009-06-04 13:22:26'),(739772837,1,213,'Country','2009-06-04 13:22:26','2009-06-04 13:22:26'),(776249265,1,30,'Country','2009-06-04 13:22:26','2009-06-04 13:22:26'),(777453396,1,74,'Country','2009-06-04 13:22:26','2009-06-04 13:22:26'),(807406092,1,51,'Country','2009-06-04 13:22:26','2009-06-04 13:22:26'),(808610553,1,125,'Country','2009-06-04 13:22:26','2009-06-04 13:22:26'),(847027202,1,167,'Country','2009-06-04 13:22:26','2009-06-04 13:22:26'),(890329113,1,194,'Country','2009-06-04 13:22:26','2009-06-04 13:22:26'),(929017584,1,98,'Country','2009-06-04 13:22:26','2009-06-04 13:22:26'),(966149671,1,67,'Country','2009-06-04 13:22:26','2009-06-04 13:22:26'),(1017582644,2,35,'Country','2009-06-04 17:22:41','2009-06-04 17:22:41');
/*!40000 ALTER TABLE `zone_members` ENABLE KEYS */;
UNLOCK TABLES;

--
-- Table structure for table `zones`
--

DROP TABLE IF EXISTS `zones`;
/*!40101 SET @saved_cs_client     = @@character_set_client */;
/*!40101 SET character_set_client = utf8 */;
CREATE TABLE `zones` (
  `id` int(11) NOT NULL AUTO_INCREMENT,
  `name` varchar(255) COLLATE utf8_unicode_ci DEFAULT NULL,
  `description` varchar(255) COLLATE utf8_unicode_ci DEFAULT NULL,
  `created_at` datetime DEFAULT NULL,
  `updated_at` datetime DEFAULT NULL,
  PRIMARY KEY (`id`)
) ENGINE=InnoDB AUTO_INCREMENT=3 DEFAULT CHARSET=utf8 COLLATE=utf8_unicode_ci;
/*!40101 SET character_set_client = @saved_cs_client */;

--
-- Dumping data for table `zones`
--

LOCK TABLES `zones` WRITE;
/*!40000 ALTER TABLE `zones` DISABLE KEYS */;
INSERT INTO `zones` VALUES (1,'EU_VAT','Countries that make up the EU VAT zone.','2009-06-04 17:22:26','2009-06-04 17:22:26'),(2,'North America','USA + Canada','2009-06-04 17:22:41','2009-06-04 17:22:41');
/*!40000 ALTER TABLE `zones` ENABLE KEYS */;
UNLOCK TABLES;
/*!40103 SET TIME_ZONE=@OLD_TIME_ZONE */;

/*!40101 SET SQL_MODE=@OLD_SQL_MODE */;
/*!40014 SET FOREIGN_KEY_CHECKS=@OLD_FOREIGN_KEY_CHECKS */;
/*!40014 SET UNIQUE_CHECKS=@OLD_UNIQUE_CHECKS */;
/*!40101 SET CHARACTER_SET_CLIENT=@OLD_CHARACTER_SET_CLIENT */;
/*!40101 SET CHARACTER_SET_RESULTS=@OLD_CHARACTER_SET_RESULTS */;
/*!40101 SET COLLATION_CONNECTION=@OLD_COLLATION_CONNECTION */;
/*!40111 SET SQL_NOTES=@OLD_SQL_NOTES */;

-- Dump completed on 2011-08-31  9:10:45
